#-----------------------------------------------------------
# Vivado v2024.1 (64-bit)
# SW Build 5076996 on Wed May 22 18:37:14 MDT 2024
# IP Build 5075265 on Wed May 22 21:45:21 MDT 2024
# SharedData Build 5076995 on Wed May 22 18:29:18 MDT 2024
# Start of session at: Mon Nov 11 20:07:07 2024
# Process ID: 16712
# Current directory: C:/Users/prana/Downloads/Processor
# Command line: vivado.exe -gui_launcher_event rodinguilauncherevent15380 C:\Users\prana\Downloads\Processor\Processor.xpr
# Log file: C:/Users/prana/Downloads/Processor/vivado.log
# Journal file: C:/Users/prana/Downloads/Processor\vivado.jou
# Running On        :Pranav_PC
# Platform          :Windows Server 2016 or Windows 10
# Operating System  :22631
# Processor Detail  :11th Gen Intel(R) Core(TM) i5-1135G7 @ 2.40GHz
# CPU Frequency     :2419 MHz
# CPU Physical cores:4
# CPU Logical cores :8
# Host memory       :8299 MB
# Swap memory       :12348 MB
# Total Virtual     :20647 MB
# Available Virtual :11513 MB
#-----------------------------------------------------------
start_gui
WARNING: [Board 49-26] cannot add Board Part xilinx.com:kc705:part0:1.6 available at C:/Xilinx/Vivado/2024.1/data/xhub/boards/XilinxBoardStore/boards/Xilinx/kc705/1.6/board.xml as part xc7k325tffg900-2 specified in board_part file is either invalid or not available
WARNING: [Board 49-26] cannot add Board Part xilinx.com:kcu105:part0:1.6 available at C:/Xilinx/Vivado/2024.1/data/xhub/boards/XilinxBoardStore/boards/Xilinx/kcu105/1.6/board.xml as part xcku040-ffva1156-2-e specified in board_part file is either invalid or not available
WARNING: [Board 49-26] cannot add Board Part xilinx.com:kcu105:part0:1.7 available at C:/Xilinx/Vivado/2024.1/data/xhub/boards/XilinxBoardStore/boards/Xilinx/kcu105/1.7/board.xml as part xcku040-ffva1156-2-e specified in board_part file is either invalid or not available
WARNING: [Board 49-26] cannot add Board Part xilinx.com:kcu1500:part0:1.2 available at C:/Xilinx/Vivado/2024.1/data/xhub/boards/XilinxBoardStore/boards/Xilinx/kcu1500/1.2/board.xml as part xcku115-flvb2104-2-e specified in board_part file is either invalid or not available
WARNING: [Board 49-26] cannot add Board Part xilinx.com:vc707:part0:1.4 available at C:/Xilinx/Vivado/2024.1/data/xhub/boards/XilinxBoardStore/boards/Xilinx/vc707/1.4/board.xml as part xc7vx485tffg1761-2 specified in board_part file is either invalid or not available
WARNING: [Board 49-26] cannot add Board Part xilinx.com:vc709:part0:1.8 available at C:/Xilinx/Vivado/2024.1/data/xhub/boards/XilinxBoardStore/boards/Xilinx/vc709/1.8/board.xml as part xc7vx690tffg1761-2 specified in board_part file is either invalid or not available
WARNING: [Board 49-26] cannot add Board Part xilinx.com:vck190:part0:2.2 available at C:/Xilinx/Vivado/2024.1/data/xhub/boards/XilinxBoardStore/boards/Xilinx/vck190/production/2.2/board.xml as part xcvc1902-vsva2197-2mp-e-s specified in board_part file is either invalid or not available
WARNING: [Board 49-26] cannot add Board Part xilinx.com:vck190:part0:3.0 available at C:/Xilinx/Vivado/2024.1/data/xhub/boards/XilinxBoardStore/boards/Xilinx/vck190/production/3.0/board.xml as part xcvc1902-vsva2197-2mp-e-s specified in board_part file is either invalid or not available
WARNING: [Board 49-26] cannot add Board Part xilinx.com:vck190:part0:3.1 available at C:/Xilinx/Vivado/2024.1/data/xhub/boards/XilinxBoardStore/boards/Xilinx/vck190/production/3.1/board.xml as part xcvc1902-vsva2197-2mp-e-s specified in board_part file is either invalid or not available
WARNING: [Board 49-26] cannot add Board Part xilinx.com:vck190:part0:3.2 available at C:/Xilinx/Vivado/2024.1/data/xhub/boards/XilinxBoardStore/boards/Xilinx/vck190/production/3.2/board.xml as part xcvc1902-vsva2197-2mp-e-s specified in board_part file is either invalid or not available
WARNING: [Board 49-26] cannot add Board Part xilinx.com:vck190:part0:3.3 available at C:/Xilinx/Vivado/2024.1/data/xhub/boards/XilinxBoardStore/boards/Xilinx/vck190/production/3.3/board.xml as part xcvc1902-vsva2197-2mp-e-s specified in board_part file is either invalid or not available
WARNING: [Board 49-26] cannot add Board Part xilinx.com:vck190_newl:part0:1.0 available at C:/Xilinx/Vivado/2024.1/data/xhub/boards/XilinxBoardStore/boards/Xilinx/vck190_newl/production/1.0/board.xml as part xcvc1902-vsva2197-2mp-e-s specified in board_part file is either invalid or not available
WARNING: [Board 49-26] cannot add Board Part xilinx.com:vck190_newl:part0:1.1 available at C:/Xilinx/Vivado/2024.1/data/xhub/boards/XilinxBoardStore/boards/Xilinx/vck190_newl/production/1.1/board.xml as part xcvc1902-vsva2197-2mp-e-s specified in board_part file is either invalid or not available
WARNING: [Board 49-26] cannot add Board Part xilinx.com:vck190_newl:part0:1.2 available at C:/Xilinx/Vivado/2024.1/data/xhub/boards/XilinxBoardStore/boards/Xilinx/vck190_newl/production/1.2/board.xml as part xcvc1902-vsva2197-2mp-e-s specified in board_part file is either invalid or not available
WARNING: [Board 49-26] cannot add Board Part xilinx.com:vcu108:part0:1.6 available at C:/Xilinx/Vivado/2024.1/data/xhub/boards/XilinxBoardStore/boards/Xilinx/vcu108/1.6/board.xml as part xcvu095-ffva2104-2-e specified in board_part file is either invalid or not available
WARNING: [Board 49-26] cannot add Board Part xilinx.com:vcu108:part0:1.7 available at C:/Xilinx/Vivado/2024.1/data/xhub/boards/XilinxBoardStore/boards/Xilinx/vcu108/1.7/board.xml as part xcvu095-ffva2104-2-e specified in board_part file is either invalid or not available
WARNING: [Board 49-26] cannot add Board Part xilinx.com:vcu110:part0:1.4 available at C:/Xilinx/Vivado/2024.1/data/xhub/boards/XilinxBoardStore/boards/Xilinx/vcu110/1.4/board.xml as part xcvu190-flgc2104-2-e specified in board_part file is either invalid or not available
WARNING: [Board 49-26] cannot add Board Part xilinx.com:vcu118:part0:2.0 available at C:/Xilinx/Vivado/2024.1/data/xhub/boards/XilinxBoardStore/boards/Xilinx/vcu118/2.0/board.xml as part xcvu9p-flga2104-2l-e specified in board_part file is either invalid or not available
WARNING: [Board 49-26] cannot add Board Part xilinx.com:vcu118:part0:2.3 available at C:/Xilinx/Vivado/2024.1/data/xhub/boards/XilinxBoardStore/boards/Xilinx/vcu118/2.3/board.xml as part xcvu9p-flga2104-2l-e specified in board_part file is either invalid or not available
WARNING: [Board 49-26] cannot add Board Part xilinx.com:vcu118:part0:2.4 available at C:/Xilinx/Vivado/2024.1/data/xhub/boards/XilinxBoardStore/boards/Xilinx/vcu118/2.4/board.xml as part xcvu9p-flga2104-2l-e specified in board_part file is either invalid or not available
WARNING: [Board 49-26] cannot add Board Part xilinx.com:vcu129:part0:1.0 available at C:/Xilinx/Vivado/2024.1/data/xhub/boards/XilinxBoardStore/boards/Xilinx/vcu129/production/1.0/board.xml as part xcvu29p-fsga2577-2l-e specified in board_part file is either invalid or not available
WARNING: [Board 49-26] cannot add Board Part xilinx.com:vcu1525:part0:1.3 available at C:/Xilinx/Vivado/2024.1/data/xhub/boards/XilinxBoardStore/boards/Xilinx/vcu1525/1.3/board.xml as part xcvu9p-fsgd2104-2l-e specified in board_part file is either invalid or not available
WARNING: [Board 49-26] cannot add Board Part xilinx.com:vek280:part0:1.0 available at C:/Xilinx/Vivado/2024.1/data/xhub/boards/XilinxBoardStore/boards/Xilinx/vek280/production/1.0/board.xml as part xcve2802-vsvh1760-2mp-e-s specified in board_part file is either invalid or not available
WARNING: [Board 49-26] cannot add Board Part xilinx.com:vek280:part0:1.1 available at C:/Xilinx/Vivado/2024.1/data/xhub/boards/XilinxBoardStore/boards/Xilinx/vek280/production/1.1/board.xml as part xcve2802-vsvh1760-2mp-e-s specified in board_part file is either invalid or not available
WARNING: [Board 49-26] cannot add Board Part xilinx.com:vek280:part0:1.2 available at C:/Xilinx/Vivado/2024.1/data/xhub/boards/XilinxBoardStore/boards/Xilinx/vek280/production/1.2/board.xml as part xcve2802-vsvh1760-2mp-e-s specified in board_part file is either invalid or not available
WARNING: [Board 49-26] cannot add Board Part xilinx.com:vek280_es:part0:1.0 available at C:/Xilinx/Vivado/2024.1/data/xhub/boards/XilinxBoardStore/boards/Xilinx/vek280/es/rev_a/1.0/board.xml as part xcve2802-vsvh1760-2lp-e-s-es1 specified in board_part file is either invalid or not available
WARNING: [Board 49-26] cannot add Board Part xilinx.com:vek280_es:part0:1.1 available at C:/Xilinx/Vivado/2024.1/data/xhub/boards/XilinxBoardStore/boards/Xilinx/vek280/es/rev_a/1.1/board.xml as part xcve2802-vsvh1760-2lp-e-s-es1 specified in board_part file is either invalid or not available
WARNING: [Board 49-26] cannot add Board Part xilinx.com:vek280_es_revb:part0:1.0 available at C:/Xilinx/Vivado/2024.1/data/xhub/boards/XilinxBoardStore/boards/Xilinx/vek280/es/rev_b/1.0/board.xml as part xcve2802-vsvh1760-2mp-e-s-es1 specified in board_part file is either invalid or not available
WARNING: [Board 49-26] cannot add Board Part xilinx.com:vek280_es_revb:part0:1.1 available at C:/Xilinx/Vivado/2024.1/data/xhub/boards/XilinxBoardStore/boards/Xilinx/vek280/es/rev_b/1.1/board.xml as part xcve2802-vsvh1760-2mp-e-s-es1 specified in board_part file is either invalid or not available
WARNING: [Board 49-26] cannot add Board Part xilinx.com:vermeo_t1_mpsoc:part0:1.0 available at C:/Xilinx/Vivado/2024.1/data/xhub/boards/XilinxBoardStore/boards/Xilinx/vermeo_t1_mpsoc/1.0/board.xml as part xczu19eg-ffvd1760-2l-e specified in board_part file is either invalid or not available
WARNING: [Board 49-26] cannot add Board Part xilinx.com:vermeo_t1_rfsoc:part0:1.0 available at C:/Xilinx/Vivado/2024.1/data/xhub/boards/XilinxBoardStore/boards/Xilinx/vermeo_t1_rfsoc/1.0/board.xml as part xczu21dr-ffvd1156-2l-e specified in board_part file is either invalid or not available
WARNING: [Board 49-26] cannot add Board Part xilinx.com:vhk158:part0:1.0 available at C:/Xilinx/Vivado/2024.1/data/xhub/boards/XilinxBoardStore/boards/Xilinx/vhk158/production/1.0/board.xml as part xcvh1582-vsva3697-2mp-e-s specified in board_part file is either invalid or not available
WARNING: [Board 49-26] cannot add Board Part xilinx.com:vhk158:part0:1.1 available at C:/Xilinx/Vivado/2024.1/data/xhub/boards/XilinxBoardStore/boards/Xilinx/vhk158/production/1.1/board.xml as part xcvh1582-vsva3697-2mp-e-s specified in board_part file is either invalid or not available
WARNING: [Board 49-26] cannot add Board Part xilinx.com:vhk158_es:part0:1.0 available at C:/Xilinx/Vivado/2024.1/data/xhub/boards/XilinxBoardStore/boards/Xilinx/vhk158/es/1.0/board.xml as part xcvh1582-vsva3697-2mp-e-s-es1 specified in board_part file is either invalid or not available
WARNING: [Board 49-26] cannot add Board Part xilinx.com:vhk158_es:part0:1.1 available at C:/Xilinx/Vivado/2024.1/data/xhub/boards/XilinxBoardStore/boards/Xilinx/vhk158/es/1.1/board.xml as part xcvh1582-vsva3697-2mp-e-s-es1 specified in board_part file is either invalid or not available
WARNING: [Board 49-26] cannot add Board Part xilinx.com:vmk180:part0:2.2 available at C:/Xilinx/Vivado/2024.1/data/xhub/boards/XilinxBoardStore/boards/Xilinx/vmk180/production/2.2/board.xml as part xcvm1802-vsva2197-2mp-e-s specified in board_part file is either invalid or not available
WARNING: [Board 49-26] cannot add Board Part xilinx.com:vmk180:part0:3.0 available at C:/Xilinx/Vivado/2024.1/data/xhub/boards/XilinxBoardStore/boards/Xilinx/vmk180/production/3.0/board.xml as part xcvm1802-vsva2197-2mp-e-s specified in board_part file is either invalid or not available
WARNING: [Board 49-26] cannot add Board Part xilinx.com:vmk180:part0:3.1 available at C:/Xilinx/Vivado/2024.1/data/xhub/boards/XilinxBoardStore/boards/Xilinx/vmk180/production/3.1/board.xml as part xcvm1802-vsva2197-2mp-e-s specified in board_part file is either invalid or not available
WARNING: [Board 49-26] cannot add Board Part xilinx.com:vmk180:part0:3.2 available at C:/Xilinx/Vivado/2024.1/data/xhub/boards/XilinxBoardStore/boards/Xilinx/vmk180/production/3.2/board.xml as part xcvm1802-vsva2197-2mp-e-s specified in board_part file is either invalid or not available
WARNING: [Board 49-26] cannot add Board Part xilinx.com:vmk180_newl:part0:1.0 available at C:/Xilinx/Vivado/2024.1/data/xhub/boards/XilinxBoardStore/boards/Xilinx/vmk180_newl/production/1.0/board.xml as part xcvm1802-vsva2197-2mp-e-s specified in board_part file is either invalid or not available
WARNING: [Board 49-26] cannot add Board Part xilinx.com:vmk180_newl:part0:1.1 available at C:/Xilinx/Vivado/2024.1/data/xhub/boards/XilinxBoardStore/boards/Xilinx/vmk180_newl/production/1.1/board.xml as part xcvm1802-vsva2197-2mp-e-s specified in board_part file is either invalid or not available
WARNING: [Board 49-26] cannot add Board Part xilinx.com:vpk120:part0:1.0 available at C:/Xilinx/Vivado/2024.1/data/xhub/boards/XilinxBoardStore/boards/Xilinx/vpk120/production/1.0/board.xml as part xcvp1202-vsva2785-2mp-e-s specified in board_part file is either invalid or not available
WARNING: [Board 49-26] cannot add Board Part xilinx.com:vpk120:part0:1.1 available at C:/Xilinx/Vivado/2024.1/data/xhub/boards/XilinxBoardStore/boards/Xilinx/vpk120/production/1.1/board.xml as part xcvp1202-vsva2785-2mp-e-s specified in board_part file is either invalid or not available
WARNING: [Board 49-26] cannot add Board Part xilinx.com:vpk120:part0:1.2 available at C:/Xilinx/Vivado/2024.1/data/xhub/boards/XilinxBoardStore/boards/Xilinx/vpk120/production/1.2/board.xml as part xcvp1202-vsva2785-2mp-e-s specified in board_part file is either invalid or not available
WARNING: [Board 49-26] cannot add Board Part xilinx.com:vpk180:part0:1.0 available at C:/Xilinx/Vivado/2024.1/data/xhub/boards/XilinxBoardStore/boards/Xilinx/vpk180/production/1.0/board.xml as part xcvp1802-lsvc4072-2mp-e-s specified in board_part file is either invalid or not available
WARNING: [Board 49-26] cannot add Board Part xilinx.com:vpk180:part0:1.1 available at C:/Xilinx/Vivado/2024.1/data/xhub/boards/XilinxBoardStore/boards/Xilinx/vpk180/production/1.1/board.xml as part xcvp1802-lsvc4072-2mp-e-s specified in board_part file is either invalid or not available
WARNING: [Board 49-26] cannot add Board Part xilinx.com:vpk180:part0:1.2 available at C:/Xilinx/Vivado/2024.1/data/xhub/boards/XilinxBoardStore/boards/Xilinx/vpk180/production/1.2/board.xml as part xcvp1802-lsvc4072-2mp-e-s specified in board_part file is either invalid or not available
WARNING: [Board 49-26] cannot add Board Part xilinx.com:zc706:part0:1.4 available at C:/Xilinx/Vivado/2024.1/data/xhub/boards/XilinxBoardStore/boards/Xilinx/zc706/1.4/board.xml as part xc7z045ffg900-2 specified in board_part file is either invalid or not available
WARNING: [Board 49-26] cannot add Board Part xilinx.com:zcu102:part0:3.3 available at C:/Xilinx/Vivado/2024.1/data/xhub/boards/XilinxBoardStore/boards/Xilinx/zcu102/3.3/board.xml as part xczu9eg-ffvb1156-2-e specified in board_part file is either invalid or not available
WARNING: [Board 49-26] cannot add Board Part xilinx.com:zcu102:part0:3.4 available at C:/Xilinx/Vivado/2024.1/data/xhub/boards/XilinxBoardStore/boards/Xilinx/zcu102/3.4/board.xml as part xczu9eg-ffvb1156-2-e specified in board_part file is either invalid or not available
WARNING: [Board 49-26] cannot add Board Part xilinx.com:zcu111:part0:1.2 available at C:/Xilinx/Vivado/2024.1/data/xhub/boards/XilinxBoardStore/boards/Xilinx/zcu111/1.2/board.xml as part xczu28dr-ffvg1517-2-e specified in board_part file is either invalid or not available
WARNING: [Board 49-26] cannot add Board Part xilinx.com:zcu111:part0:1.3 available at C:/Xilinx/Vivado/2024.1/data/xhub/boards/XilinxBoardStore/boards/Xilinx/zcu111/1.3/board.xml as part xczu28dr-ffvg1517-2-e specified in board_part file is either invalid or not available
WARNING: [Board 49-26] cannot add Board Part xilinx.com:zcu111:part0:1.4 available at C:/Xilinx/Vivado/2024.1/data/xhub/boards/XilinxBoardStore/boards/Xilinx/zcu111/1.4/board.xml as part xczu28dr-ffvg1517-2-e specified in board_part file is either invalid or not available
WARNING: [Board 49-26] cannot add Board Part xilinx.com:zcu1275:part0:1.0 available at C:/Xilinx/Vivado/2024.1/data/xhub/boards/XilinxBoardStore/boards/Xilinx/zcu1275/1.0/board.xml as part xczu29dr-ffvf1760-2-e specified in board_part file is either invalid or not available
WARNING: [Board 49-26] cannot add Board Part xilinx.com:zcu1285:part0:1.0 available at C:/Xilinx/Vivado/2024.1/data/xhub/boards/XilinxBoardStore/boards/Xilinx/zcu1285/1.0/board.xml as part xczu39dr-ffvf1760-2-i specified in board_part file is either invalid or not available
WARNING: [Board 49-26] cannot add Board Part xilinx.com:zcu208:part0:2.0 available at C:/Xilinx/Vivado/2024.1/data/xhub/boards/XilinxBoardStore/boards/Xilinx/zcu208/production/2.0/board.xml as part xczu48dr-fsvg1517-2-e specified in board_part file is either invalid or not available
WARNING: [Board 49-26] cannot add Board Part xilinx.com:zcu208ld:part0:2.0 available at C:/Xilinx/Vivado/2024.1/data/xhub/boards/XilinxBoardStore/boards/Xilinx/zcu208ld/production/2.0/board.xml as part xczu58dr-fsvg1517-2-i specified in board_part file is either invalid or not available
WARNING: [Board 49-26] cannot add Board Part xilinx.com:zcu216:part0:2.0 available at C:/Xilinx/Vivado/2024.1/data/xhub/boards/XilinxBoardStore/boards/Xilinx/zcu216/production/2.0/board.xml as part xczu49dr-ffvf1760-2-e specified in board_part file is either invalid or not available
WARNING: [Board 49-26] cannot add Board Part xilinx.com:zcu216ld:part0:2.0 available at C:/Xilinx/Vivado/2024.1/data/xhub/boards/XilinxBoardStore/boards/Xilinx/zcu216ld/production/2.0/board.xml as part xczu59dr-ffvf1760-2-i specified in board_part file is either invalid or not available
WARNING: [Board 49-26] cannot add Board Part xilinx.com:zcu670:part0:2.0 available at C:/Xilinx/Vivado/2024.1/data/xhub/boards/XilinxBoardStore/boards/Xilinx/zcu670/2.0/board.xml as part xczu67dr-fsve1156-2-i specified in board_part file is either invalid or not available
WARNING: [Board 49-26] cannot add Board Part xilinx.com:zcu670ld:part0:1.0 available at C:/Xilinx/Vivado/2024.1/data/xhub/boards/XilinxBoardStore/boards/Xilinx/zcu670ld/1.0/board.xml as part xczu57dr-fsve1156-2-i specified in board_part file is either invalid or not available
open_project C:/Users/prana/Downloads/Processor/Processor.xpr
INFO: [Project 1-313] Project file moved from 'D:/FPGA/Processor' since last save.
Scanning sources...
Finished scanning sources
INFO: [IP_Flow 19-234] Refreshing IP repositories
INFO: [IP_Flow 19-1704] No user IP repositories specified
INFO: [IP_Flow 19-2313] Loaded Vivado IP repository 'C:/Xilinx/Vivado/2024.1/data/ip'.
WARNING: [IP_Flow 19-2162] IP 'mem_rom1' is locked:
* IP definition 'Block Memory Generator (8.4)' for IP 'mem_rom1' (customized with software release 2020.1.1) has a different revision in the IP Catalog.
WARNING: [IP_Flow 19-2162] IP 'mem_ram1' is locked:
* IP definition 'Block Memory Generator (8.4)' for IP 'mem_ram1' (customized with software release 2020.1.1) has a different revision in the IP Catalog.
INFO: [Project 1-230] Project 'Processor.xpr' upgraded for this version of Vivado.
open_project: Time (s): cpu = 00:00:03 ; elapsed = 00:00:05 . Memory (MB): peak = 1359.746 ; gain = 99.559
upgrade_project -migrate_output_products
WARNING: [IP_Flow 19-2162] IP 'mem_rom1' is locked:
* IP definition 'Block Memory Generator (8.4)' for IP 'mem_rom1' (customized with software release 2020.1.1) has a different revision in the IP Catalog.
INFO: [Coretcl 2-1816] Migrated 'mem_rom1.xci'
  Source files are located in 'c:/Users/prana/Downloads/Processor/Processor.srcs/sources_1/ip/mem_rom1'
  Output files are located in 'c:/Users/prana/Downloads/Processor/Processor.gen/sources_1/ip/mem_rom1'.
WARNING: [IP_Flow 19-2162] IP 'mem_ram1' is locked:
* IP definition 'Block Memory Generator (8.4)' for IP 'mem_ram1' (customized with software release 2020.1.1) has a different revision in the IP Catalog.
INFO: [Coretcl 2-1816] Migrated 'mem_ram1.xci'
  Source files are located in 'c:/Users/prana/Downloads/Processor/Processor.srcs/sources_1/ip/mem_ram1'
  Output files are located in 'c:/Users/prana/Downloads/Processor/Processor.gen/sources_1/ip/mem_ram1'.
update_compile_order -fileset sources_1
WARNING: [filemgmt 56-199] Attempt to get parsing info during refresh. "On-the-fly" syntax checking information may be incorrect. [C:\Users\prana\Downloads\Processor\Processor.srcs\sources_1\imports\Downloads\Proccessor\Proccessor.srcs\sources_1\new\IR.v:]
WARNING: [filemgmt 56-199] Attempt to get parsing info during refresh. "On-the-fly" syntax checking information may be incorrect. [C:\Users\prana\Downloads\Processor\Processor.srcs\sources_1\imports\Downloads\Proccessor\Proccessor.srcs\sources_1\imports\new\controlSignal.v:]
WARNING: [filemgmt 56-199] Attempt to get parsing info during refresh. "On-the-fly" syntax checking information may be incorrect. [C:\Users\prana\Downloads\Processor\Processor.srcs\sources_1\imports\Downloads\Proccessor\Proccessor.srcs\sources_1\new\IR.v:]
WARNING: [filemgmt 56-199] Attempt to get parsing info during refresh. "On-the-fly" syntax checking information may be incorrect. [C:\Users\prana\Downloads\Processor\Processor.srcs\sources_1\imports\Downloads\Proccessor\Proccessor.srcs\sources_1\new\IR.v:]
ERROR: [Common 17-180] Spawn failed: No error
WARNING: [filemgmt 56-199] Attempt to get parsing info during refresh. "On-the-fly" syntax checking information may be incorrect. [C:\Users\prana\Downloads\Processor\Processor.srcs\sources_1\imports\Downloads\Proccessor\Proccessor.srcs\sources_1\new\IR.v:]
WARNING: [filemgmt 56-199] Attempt to get parsing info during refresh. "On-the-fly" syntax checking information may be incorrect. [C:\Users\prana\Downloads\Processor\Processor.srcs\sources_1\imports\Downloads\Proccessor\Proccessor.srcs\sources_1\imports\new\controlSignal.v:]
WARNING: [filemgmt 56-199] Attempt to get parsing info during refresh. "On-the-fly" syntax checking information may be incorrect. [C:\Users\prana\Downloads\Processor\Processor.srcs\sources_1\imports\Downloads\Proccessor\Proccessor.srcs\sources_1\new\IR.v:]
WARNING: [filemgmt 56-199] Attempt to get parsing info during refresh. "On-the-fly" syntax checking information may be incorrect. [C:\Users\prana\Downloads\Processor\Processor.srcs\sources_1\imports\Downloads\Proccessor\Proccessor.srcs\sources_1\new\IR.v:]
WARNING: [filemgmt 56-199] Attempt to get parsing info during refresh. "On-the-fly" syntax checking information may be incorrect. [C:\Users\prana\Downloads\Processor\Processor.srcs\sources_1\imports\Downloads\Proccessor\Proccessor.srcs\sources_1\new\IR.v:]
WARNING: [filemgmt 56-199] Attempt to get parsing info during refresh. "On-the-fly" syntax checking information may be incorrect. [C:\Users\prana\Downloads\Processor\Processor.srcs\sources_1\imports\Downloads\Proccessor\Proccessor.srcs\sources_1\imports\new\controlSignal.v:]
WARNING: [filemgmt 56-199] Attempt to get parsing info during refresh. "On-the-fly" syntax checking information may be incorrect. [C:\Users\prana\Downloads\Processor\Processor.srcs\sources_1\imports\Downloads\Proccessor\Proccessor.srcs\sources_1\new\IR.v:]
WARNING: [filemgmt 56-199] Attempt to get parsing info during refresh. "On-the-fly" syntax checking information may be incorrect. [C:\Users\prana\Downloads\Processor\Processor.srcs\sources_1\imports\Downloads\Proccessor\Proccessor.srcs\sources_1\new\IR.v:]
ERROR: [Common 17-180] Spawn failed: No error
WARNING: [filemgmt 56-199] Attempt to get parsing info during refresh. "On-the-fly" syntax checking information may be incorrect. [C:\Users\prana\Downloads\Processor\Processor.srcs\sources_1\imports\Downloads\Proccessor\Proccessor.srcs\sources_1\new\IR.v:]
WARNING: [filemgmt 56-199] Attempt to get parsing info during refresh. "On-the-fly" syntax checking information may be incorrect. [C:\Users\prana\Downloads\Processor\Processor.srcs\sources_1\imports\Downloads\Proccessor\Proccessor.srcs\sources_1\imports\new\controlSignal.v:]
WARNING: [filemgmt 56-199] Attempt to get parsing info during refresh. "On-the-fly" syntax checking information may be incorrect. [C:\Users\prana\Downloads\Processor\Processor.srcs\sources_1\imports\Downloads\Proccessor\Proccessor.srcs\sources_1\new\IR.v:]
WARNING: [filemgmt 56-199] Attempt to get parsing info during refresh. "On-the-fly" syntax checking information may be incorrect. [C:\Users\prana\Downloads\Processor\Processor.srcs\sources_1\imports\Downloads\Proccessor\Proccessor.srcs\sources_1\new\IR.v:]
ERROR: [Common 17-180] Spawn failed: No error
WARNING: [filemgmt 56-199] Attempt to get parsing info during refresh. "On-the-fly" syntax checking information may be incorrect. [C:\Users\prana\Downloads\Processor\Processor.srcs\sources_1\imports\Downloads\Proccessor\Proccessor.srcs\sources_1\new\IR.v:]
WARNING: [filemgmt 56-199] Attempt to get parsing info during refresh. "On-the-fly" syntax checking information may be incorrect. [C:\Users\prana\Downloads\Processor\Processor.srcs\sources_1\imports\Downloads\Proccessor\Proccessor.srcs\sources_1\imports\new\controlSignal.v:]
WARNING: [filemgmt 56-199] Attempt to get parsing info during refresh. "On-the-fly" syntax checking information may be incorrect. [C:\Users\prana\Downloads\Processor\Processor.srcs\sources_1\imports\Downloads\Proccessor\Proccessor.srcs\sources_1\new\IR.v:]
WARNING: [filemgmt 56-199] Attempt to get parsing info during refresh. "On-the-fly" syntax checking information may be incorrect. [C:\Users\prana\Downloads\Processor\Processor.srcs\sources_1\imports\Downloads\Proccessor\Proccessor.srcs\sources_1\new\IR.v:]
ERROR: [Common 17-180] Spawn failed: No error
WARNING: [filemgmt 56-199] Attempt to get parsing info during refresh. "On-the-fly" syntax checking information may be incorrect. [C:\Users\prana\Downloads\Processor\Processor.srcs\sources_1\imports\Downloads\Proccessor\Proccessor.srcs\sources_1\new\IR.v:]
WARNING: [filemgmt 56-199] Attempt to get parsing info during refresh. "On-the-fly" syntax checking information may be incorrect. [C:\Users\prana\Downloads\Processor\Processor.srcs\sources_1\imports\Downloads\Proccessor\Proccessor.srcs\sources_1\imports\new\controlSignal.v:]
WARNING: [filemgmt 56-199] Attempt to get parsing info during refresh. "On-the-fly" syntax checking information may be incorrect. [C:\Users\prana\Downloads\Processor\Processor.srcs\sources_1\imports\Downloads\Proccessor\Proccessor.srcs\sources_1\imports\new\controlSignal.v:]
WARNING: [filemgmt 56-199] Attempt to get parsing info during refresh. "On-the-fly" syntax checking information may be incorrect. [C:\Users\prana\Downloads\Processor\Processor.srcs\sources_1\imports\Downloads\Proccessor\Proccessor.srcs\sources_1\imports\new\controlSignal.v:]
ERROR: [Common 17-180] Spawn failed: No error
WARNING: [filemgmt 56-199] Attempt to get parsing info during refresh. "On-the-fly" syntax checking information may be incorrect. [C:\Users\prana\Downloads\Processor\Processor.srcs\sources_1\imports\Downloads\Proccessor\Proccessor.srcs\sources_1\new\IR.v:]
WARNING: [filemgmt 56-199] Attempt to get parsing info during refresh. "On-the-fly" syntax checking information may be incorrect. [C:\Users\prana\Downloads\Processor\Processor.srcs\sources_1\imports\Downloads\Proccessor\Proccessor.srcs\sources_1\imports\new\controlSignal.v:]
WARNING: [filemgmt 56-199] Attempt to get parsing info during refresh. "On-the-fly" syntax checking information may be incorrect. [C:\Users\prana\Downloads\Processor\Processor.srcs\sources_1\imports\Downloads\Proccessor\Proccessor.srcs\sources_1\new\IR.v:]
WARNING: [filemgmt 56-199] Attempt to get parsing info during refresh. "On-the-fly" syntax checking information may be incorrect. [C:\Users\prana\Downloads\Processor\Processor.srcs\sources_1\imports\Downloads\Proccessor\Proccessor.srcs\sources_1\new\IR.v:]
ERROR: [Common 17-180] Spawn failed: No error
WARNING: [filemgmt 56-199] Attempt to get parsing info during refresh. "On-the-fly" syntax checking information may be incorrect. [C:\Users\prana\Downloads\Processor\Processor.srcs\sources_1\imports\Downloads\Proccessor\Proccessor.srcs\sources_1\new\IR.v:]
WARNING: [filemgmt 56-199] Attempt to get parsing info during refresh. "On-the-fly" syntax checking information may be incorrect. [C:\Users\prana\Downloads\Processor\Processor.srcs\sources_1\imports\Downloads\Proccessor\Proccessor.srcs\sources_1\imports\new\controlSignal.v:]
WARNING: [filemgmt 56-199] Attempt to get parsing info during refresh. "On-the-fly" syntax checking information may be incorrect. [C:\Users\prana\Downloads\Processor\Processor.srcs\sources_1\imports\Downloads\Proccessor\Proccessor.srcs\sources_1\new\IR.v:]
WARNING: [filemgmt 56-199] Attempt to get parsing info during refresh. "On-the-fly" syntax checking information may be incorrect. [C:\Users\prana\Downloads\Processor\Processor.srcs\sources_1\imports\Downloads\Proccessor\Proccessor.srcs\sources_1\new\IR.v:]
ERROR: [Common 17-180] Spawn failed: No error
WARNING: [filemgmt 56-199] Attempt to get parsing info during refresh. "On-the-fly" syntax checking information may be incorrect. [C:\Users\prana\Downloads\Processor\Processor.srcs\sources_1\imports\Downloads\Proccessor\Proccessor.srcs\sources_1\new\IR.v:]
WARNING: [filemgmt 56-199] Attempt to get parsing info during refresh. "On-the-fly" syntax checking information may be incorrect. [C:\Users\prana\Downloads\Processor\Processor.srcs\sources_1\imports\Downloads\Proccessor\Proccessor.srcs\sources_1\imports\new\controlSignal.v:]
WARNING: [filemgmt 56-199] Attempt to get parsing info during refresh. "On-the-fly" syntax checking information may be incorrect. [C:\Users\prana\Downloads\Processor\Processor.srcs\sources_1\imports\Downloads\Proccessor\Proccessor.srcs\sources_1\new\IR.v:]
WARNING: [filemgmt 56-199] Attempt to get parsing info during refresh. "On-the-fly" syntax checking information may be incorrect. [C:\Users\prana\Downloads\Processor\Processor.srcs\sources_1\imports\Downloads\Proccessor\Proccessor.srcs\sources_1\new\IR.v:]
ERROR: [Common 17-180] Spawn failed: No error
WARNING: [filemgmt 56-199] Attempt to get parsing info during refresh. "On-the-fly" syntax checking information may be incorrect. [C:\Users\prana\Downloads\Processor\Processor.srcs\sources_1\imports\Downloads\Proccessor\Proccessor.srcs\sources_1\new\IR.v:]
WARNING: [filemgmt 56-199] Attempt to get parsing info during refresh. "On-the-fly" syntax checking information may be incorrect. [C:\Users\prana\Downloads\Processor\Processor.srcs\sources_1\imports\Downloads\Proccessor\Proccessor.srcs\sources_1\imports\new\controlSignal.v:]
WARNING: [filemgmt 56-199] Attempt to get parsing info during refresh. "On-the-fly" syntax checking information may be incorrect. [C:\Users\prana\Downloads\Processor\Processor.srcs\sources_1\imports\Downloads\Proccessor\Proccessor.srcs\sources_1\new\IR.v:]
WARNING: [filemgmt 56-199] Attempt to get parsing info during refresh. "On-the-fly" syntax checking information may be incorrect. [C:\Users\prana\Downloads\Processor\Processor.srcs\sources_1\imports\Downloads\Proccessor\Proccessor.srcs\sources_1\new\IR.v:]
ERROR: [Common 17-180] Spawn failed: No error
WARNING: [filemgmt 56-199] Attempt to get parsing info during refresh. "On-the-fly" syntax checking information may be incorrect. [C:\Users\prana\Downloads\Processor\Processor.srcs\sources_1\imports\Downloads\Proccessor\Proccessor.srcs\sources_1\new\IR.v:]
WARNING: [filemgmt 56-199] Attempt to get parsing info during refresh. "On-the-fly" syntax checking information may be incorrect. [C:\Users\prana\Downloads\Processor\Processor.srcs\sources_1\imports\Downloads\Proccessor\Proccessor.srcs\sources_1\imports\new\controlSignal.v:]
WARNING: [filemgmt 56-199] Attempt to get parsing info during refresh. "On-the-fly" syntax checking information may be incorrect. [C:\Users\prana\Downloads\Processor\Processor.srcs\sources_1\imports\Downloads\Proccessor\Proccessor.srcs\sources_1\new\IR.v:]
WARNING: [filemgmt 56-199] Attempt to get parsing info during refresh. "On-the-fly" syntax checking information may be incorrect. [C:\Users\prana\Downloads\Processor\Processor.srcs\sources_1\imports\Downloads\Proccessor\Proccessor.srcs\sources_1\new\IR.v:]
ERROR: [Common 17-180] Spawn failed: No error
WARNING: [filemgmt 56-199] Attempt to get parsing info during refresh. "On-the-fly" syntax checking information may be incorrect. [C:\Users\prana\Downloads\Processor\Processor.srcs\sources_1\imports\Downloads\Proccessor\Proccessor.srcs\sources_1\new\IR.v:]
WARNING: [filemgmt 56-199] Attempt to get parsing info during refresh. "On-the-fly" syntax checking information may be incorrect. [C:\Users\prana\Downloads\Processor\Processor.srcs\sources_1\imports\Downloads\Proccessor\Proccessor.srcs\sources_1\imports\new\controlSignal.v:]
WARNING: [filemgmt 56-199] Attempt to get parsing info during refresh. "On-the-fly" syntax checking information may be incorrect. [C:\Users\prana\Downloads\Processor\Processor.srcs\sources_1\imports\Downloads\Proccessor\Proccessor.srcs\sources_1\new\IR.v:]
WARNING: [filemgmt 56-199] Attempt to get parsing info during refresh. "On-the-fly" syntax checking information may be incorrect. [C:\Users\prana\Downloads\Processor\Processor.srcs\sources_1\imports\Downloads\Proccessor\Proccessor.srcs\sources_1\new\IR.v:]
ERROR: [Common 17-180] Spawn failed: No error
WARNING: [filemgmt 56-199] Attempt to get parsing info during refresh. "On-the-fly" syntax checking information may be incorrect. [C:\Users\prana\Downloads\Processor\Processor.srcs\sources_1\imports\Downloads\Proccessor\Proccessor.srcs\sources_1\new\IR.v:]
WARNING: [filemgmt 56-199] Attempt to get parsing info during refresh. "On-the-fly" syntax checking information may be incorrect. [C:\Users\prana\Downloads\Processor\Processor.srcs\sources_1\imports\Downloads\Proccessor\Proccessor.srcs\sources_1\imports\new\controlSignal.v:]
WARNING: [filemgmt 56-199] Attempt to get parsing info during refresh. "On-the-fly" syntax checking information may be incorrect. [C:\Users\prana\Downloads\Processor\Processor.srcs\sources_1\imports\Downloads\Proccessor\Proccessor.srcs\sources_1\new\IR.v:]
WARNING: [filemgmt 56-199] Attempt to get parsing info during refresh. "On-the-fly" syntax checking information may be incorrect. [C:\Users\prana\Downloads\Processor\Processor.srcs\sources_1\imports\Downloads\Proccessor\Proccessor.srcs\sources_1\new\IR.v:]
ERROR: [Common 17-180] Spawn failed: No error
WARNING: [filemgmt 56-199] Attempt to get parsing info during refresh. "On-the-fly" syntax checking information may be incorrect. [C:\Users\prana\Downloads\Processor\Processor.srcs\sources_1\imports\Downloads\Proccessor\Proccessor.srcs\sources_1\new\IR.v:]
WARNING: [filemgmt 56-199] Attempt to get parsing info during refresh. "On-the-fly" syntax checking information may be incorrect. [C:\Users\prana\Downloads\Processor\Processor.srcs\sources_1\imports\Downloads\Proccessor\Proccessor.srcs\sources_1\imports\new\controlSignal.v:]
WARNING: [filemgmt 56-199] Attempt to get parsing info during refresh. "On-the-fly" syntax checking information may be incorrect. [C:\Users\prana\Downloads\Processor\Processor.srcs\sources_1\imports\Downloads\Proccessor\Proccessor.srcs\sources_1\new\IR.v:]
WARNING: [filemgmt 56-199] Attempt to get parsing info during refresh. "On-the-fly" syntax checking information may be incorrect. [C:\Users\prana\Downloads\Processor\Processor.srcs\sources_1\imports\Downloads\Proccessor\Proccessor.srcs\sources_1\new\IR.v:]
ERROR: [Common 17-180] Spawn failed: No error
WARNING: [filemgmt 56-199] Attempt to get parsing info during refresh. "On-the-fly" syntax checking information may be incorrect. [C:\Users\prana\Downloads\Processor\Processor.srcs\sources_1\imports\Downloads\Proccessor\Proccessor.srcs\sources_1\new\IR.v:]
WARNING: [filemgmt 56-199] Attempt to get parsing info during refresh. "On-the-fly" syntax checking information may be incorrect. [C:\Users\prana\Downloads\Processor\Processor.srcs\sources_1\imports\Downloads\Proccessor\Proccessor.srcs\sources_1\imports\new\controlSignal.v:]
WARNING: [filemgmt 56-199] Attempt to get parsing info during refresh. "On-the-fly" syntax checking information may be incorrect. [C:\Users\prana\Downloads\Processor\Processor.srcs\sources_1\imports\Downloads\Proccessor\Proccessor.srcs\sources_1\new\IR.v:]
WARNING: [filemgmt 56-199] Attempt to get parsing info during refresh. "On-the-fly" syntax checking information may be incorrect. [C:\Users\prana\Downloads\Processor\Processor.srcs\sources_1\imports\Downloads\Proccessor\Proccessor.srcs\sources_1\new\IR.v:]
WARNING: [filemgmt 56-199] Attempt to get parsing info during refresh. "On-the-fly" syntax checking information may be incorrect. [C:\Users\prana\Downloads\Processor\Processor.srcs\sources_1\imports\Downloads\Proccessor\Proccessor.srcs\sources_1\new\IR.v:]
WARNING: [filemgmt 56-199] Attempt to get parsing info during refresh. "On-the-fly" syntax checking information may be incorrect. [C:\Users\prana\Downloads\Processor\Processor.srcs\sources_1\imports\Downloads\Proccessor\Proccessor.srcs\sources_1\imports\new\controlSignal.v:]
WARNING: [filemgmt 56-199] Attempt to get parsing info during refresh. "On-the-fly" syntax checking information may be incorrect. [C:\Users\prana\Downloads\Processor\Processor.srcs\sources_1\imports\Downloads\Proccessor\Proccessor.srcs\sources_1\imports\new\controlSignal.v:]
WARNING: [filemgmt 56-199] Attempt to get parsing info during refresh. "On-the-fly" syntax checking information may be incorrect. [C:\Users\prana\Downloads\Processor\Processor.srcs\sources_1\imports\Downloads\Proccessor\Proccessor.srcs\sources_1\imports\new\controlSignal.v:]
ERROR: [Common 17-180] Spawn failed: No error
WARNING: [filemgmt 56-199] Attempt to get parsing info during refresh. "On-the-fly" syntax checking information may be incorrect. [C:\Users\prana\Downloads\Processor\Processor.srcs\sources_1\imports\Downloads\Proccessor\Proccessor.srcs\sources_1\new\IR.v:]
WARNING: [filemgmt 56-199] Attempt to get parsing info during refresh. "On-the-fly" syntax checking information may be incorrect. [C:\Users\prana\Downloads\Processor\Processor.srcs\sources_1\imports\Downloads\Proccessor\Proccessor.srcs\sources_1\imports\new\controlSignal.v:]
WARNING: [filemgmt 56-199] Attempt to get parsing info during refresh. "On-the-fly" syntax checking information may be incorrect. [C:\Users\prana\Downloads\Processor\Processor.srcs\sources_1\imports\Downloads\Proccessor\Proccessor.srcs\sources_1\new\IR.v:]
WARNING: [filemgmt 56-199] Attempt to get parsing info during refresh. "On-the-fly" syntax checking information may be incorrect. [C:\Users\prana\Downloads\Processor\Processor.srcs\sources_1\imports\Downloads\Proccessor\Proccessor.srcs\sources_1\new\IR.v:]
ERROR: [Common 17-180] Spawn failed: No error
WARNING: [filemgmt 56-199] Attempt to get parsing info during refresh. "On-the-fly" syntax checking information may be incorrect. [C:\Users\prana\Downloads\Processor\Processor.srcs\sources_1\imports\Downloads\Proccessor\Proccessor.srcs\sources_1\new\IR.v:]
WARNING: [filemgmt 56-199] Attempt to get parsing info during refresh. "On-the-fly" syntax checking information may be incorrect. [C:\Users\prana\Downloads\Processor\Processor.srcs\sources_1\imports\Downloads\Proccessor\Proccessor.srcs\sources_1\imports\new\controlSignal.v:]
WARNING: [filemgmt 56-199] Attempt to get parsing info during refresh. "On-the-fly" syntax checking information may be incorrect. [C:\Users\prana\Downloads\Processor\Processor.srcs\sources_1\imports\Downloads\Proccessor\Proccessor.srcs\sources_1\new\IR.v:]
WARNING: [filemgmt 56-199] Attempt to get parsing info during refresh. "On-the-fly" syntax checking information may be incorrect. [C:\Users\prana\Downloads\Processor\Processor.srcs\sources_1\imports\Downloads\Proccessor\Proccessor.srcs\sources_1\new\IR.v:]
ERROR: [Common 17-180] Spawn failed: No error
CRITICAL WARNING: [IP_Flow 19-4309] IP 'mem_rom1' is locked, parameter file paths could not be changed. Please ensure the IP is unlocked and retry the SaveAs/Import operation.
WARNING: [Board 49-26] cannot add Board Part xilinx.com:kc705:part0:1.6 available at C:/Xilinx/Vivado/2024.1/data/xhub/boards/XilinxBoardStore/boards/Xilinx/kc705/1.6/board.xml as part xc7k325tffg900-2 specified in board_part file is either invalid or not available
WARNING: [Board 49-26] cannot add Board Part xilinx.com:kcu105:part0:1.6 available at C:/Xilinx/Vivado/2024.1/data/xhub/boards/XilinxBoardStore/boards/Xilinx/kcu105/1.6/board.xml as part xcku040-ffva1156-2-e specified in board_part file is either invalid or not available
WARNING: [Board 49-26] cannot add Board Part xilinx.com:kcu105:part0:1.7 available at C:/Xilinx/Vivado/2024.1/data/xhub/boards/XilinxBoardStore/boards/Xilinx/kcu105/1.7/board.xml as part xcku040-ffva1156-2-e specified in board_part file is either invalid or not available
WARNING: [Board 49-26] cannot add Board Part xilinx.com:kcu1500:part0:1.2 available at C:/Xilinx/Vivado/2024.1/data/xhub/boards/XilinxBoardStore/boards/Xilinx/kcu1500/1.2/board.xml as part xcku115-flvb2104-2-e specified in board_part file is either invalid or not available
WARNING: [Board 49-26] cannot add Board Part xilinx.com:vc707:part0:1.4 available at C:/Xilinx/Vivado/2024.1/data/xhub/boards/XilinxBoardStore/boards/Xilinx/vc707/1.4/board.xml as part xc7vx485tffg1761-2 specified in board_part file is either invalid or not available
WARNING: [Board 49-26] cannot add Board Part xilinx.com:vc709:part0:1.8 available at C:/Xilinx/Vivado/2024.1/data/xhub/boards/XilinxBoardStore/boards/Xilinx/vc709/1.8/board.xml as part xc7vx690tffg1761-2 specified in board_part file is either invalid or not available
WARNING: [Board 49-26] cannot add Board Part xilinx.com:vck190:part0:2.2 available at C:/Xilinx/Vivado/2024.1/data/xhub/boards/XilinxBoardStore/boards/Xilinx/vck190/production/2.2/board.xml as part xcvc1902-vsva2197-2mp-e-s specified in board_part file is either invalid or not available
WARNING: [Board 49-26] cannot add Board Part xilinx.com:vck190:part0:3.0 available at C:/Xilinx/Vivado/2024.1/data/xhub/boards/XilinxBoardStore/boards/Xilinx/vck190/production/3.0/board.xml as part xcvc1902-vsva2197-2mp-e-s specified in board_part file is either invalid or not available
WARNING: [Board 49-26] cannot add Board Part xilinx.com:vck190:part0:3.1 available at C:/Xilinx/Vivado/2024.1/data/xhub/boards/XilinxBoardStore/boards/Xilinx/vck190/production/3.1/board.xml as part xcvc1902-vsva2197-2mp-e-s specified in board_part file is either invalid or not available
WARNING: [Board 49-26] cannot add Board Part xilinx.com:vck190:part0:3.2 available at C:/Xilinx/Vivado/2024.1/data/xhub/boards/XilinxBoardStore/boards/Xilinx/vck190/production/3.2/board.xml as part xcvc1902-vsva2197-2mp-e-s specified in board_part file is either invalid or not available
WARNING: [Board 49-26] cannot add Board Part xilinx.com:vck190:part0:3.3 available at C:/Xilinx/Vivado/2024.1/data/xhub/boards/XilinxBoardStore/boards/Xilinx/vck190/production/3.3/board.xml as part xcvc1902-vsva2197-2mp-e-s specified in board_part file is either invalid or not available
WARNING: [Board 49-26] cannot add Board Part xilinx.com:vck190_newl:part0:1.0 available at C:/Xilinx/Vivado/2024.1/data/xhub/boards/XilinxBoardStore/boards/Xilinx/vck190_newl/production/1.0/board.xml as part xcvc1902-vsva2197-2mp-e-s specified in board_part file is either invalid or not available
WARNING: [Board 49-26] cannot add Board Part xilinx.com:vck190_newl:part0:1.1 available at C:/Xilinx/Vivado/2024.1/data/xhub/boards/XilinxBoardStore/boards/Xilinx/vck190_newl/production/1.1/board.xml as part xcvc1902-vsva2197-2mp-e-s specified in board_part file is either invalid or not available
WARNING: [Board 49-26] cannot add Board Part xilinx.com:vck190_newl:part0:1.2 available at C:/Xilinx/Vivado/2024.1/data/xhub/boards/XilinxBoardStore/boards/Xilinx/vck190_newl/production/1.2/board.xml as part xcvc1902-vsva2197-2mp-e-s specified in board_part file is either invalid or not available
WARNING: [Board 49-26] cannot add Board Part xilinx.com:vcu108:part0:1.6 available at C:/Xilinx/Vivado/2024.1/data/xhub/boards/XilinxBoardStore/boards/Xilinx/vcu108/1.6/board.xml as part xcvu095-ffva2104-2-e specified in board_part file is either invalid or not available
WARNING: [Board 49-26] cannot add Board Part xilinx.com:vcu108:part0:1.7 available at C:/Xilinx/Vivado/2024.1/data/xhub/boards/XilinxBoardStore/boards/Xilinx/vcu108/1.7/board.xml as part xcvu095-ffva2104-2-e specified in board_part file is either invalid or not available
WARNING: [Board 49-26] cannot add Board Part xilinx.com:vcu110:part0:1.4 available at C:/Xilinx/Vivado/2024.1/data/xhub/boards/XilinxBoardStore/boards/Xilinx/vcu110/1.4/board.xml as part xcvu190-flgc2104-2-e specified in board_part file is either invalid or not available
WARNING: [Board 49-26] cannot add Board Part xilinx.com:vcu118:part0:2.0 available at C:/Xilinx/Vivado/2024.1/data/xhub/boards/XilinxBoardStore/boards/Xilinx/vcu118/2.0/board.xml as part xcvu9p-flga2104-2l-e specified in board_part file is either invalid or not available
WARNING: [Board 49-26] cannot add Board Part xilinx.com:vcu118:part0:2.3 available at C:/Xilinx/Vivado/2024.1/data/xhub/boards/XilinxBoardStore/boards/Xilinx/vcu118/2.3/board.xml as part xcvu9p-flga2104-2l-e specified in board_part file is either invalid or not available
WARNING: [Board 49-26] cannot add Board Part xilinx.com:vcu118:part0:2.4 available at C:/Xilinx/Vivado/2024.1/data/xhub/boards/XilinxBoardStore/boards/Xilinx/vcu118/2.4/board.xml as part xcvu9p-flga2104-2l-e specified in board_part file is either invalid or not available
WARNING: [Board 49-26] cannot add Board Part xilinx.com:vcu129:part0:1.0 available at C:/Xilinx/Vivado/2024.1/data/xhub/boards/XilinxBoardStore/boards/Xilinx/vcu129/production/1.0/board.xml as part xcvu29p-fsga2577-2l-e specified in board_part file is either invalid or not available
WARNING: [Board 49-26] cannot add Board Part xilinx.com:vcu1525:part0:1.3 available at C:/Xilinx/Vivado/2024.1/data/xhub/boards/XilinxBoardStore/boards/Xilinx/vcu1525/1.3/board.xml as part xcvu9p-fsgd2104-2l-e specified in board_part file is either invalid or not available
WARNING: [Board 49-26] cannot add Board Part xilinx.com:vek280:part0:1.0 available at C:/Xilinx/Vivado/2024.1/data/xhub/boards/XilinxBoardStore/boards/Xilinx/vek280/production/1.0/board.xml as part xcve2802-vsvh1760-2mp-e-s specified in board_part file is either invalid or not available
WARNING: [Board 49-26] cannot add Board Part xilinx.com:vek280:part0:1.1 available at C:/Xilinx/Vivado/2024.1/data/xhub/boards/XilinxBoardStore/boards/Xilinx/vek280/production/1.1/board.xml as part xcve2802-vsvh1760-2mp-e-s specified in board_part file is either invalid or not available
WARNING: [Board 49-26] cannot add Board Part xilinx.com:vek280:part0:1.2 available at C:/Xilinx/Vivado/2024.1/data/xhub/boards/XilinxBoardStore/boards/Xilinx/vek280/production/1.2/board.xml as part xcve2802-vsvh1760-2mp-e-s specified in board_part file is either invalid or not available
WARNING: [Board 49-26] cannot add Board Part xilinx.com:vek280_es:part0:1.0 available at C:/Xilinx/Vivado/2024.1/data/xhub/boards/XilinxBoardStore/boards/Xilinx/vek280/es/rev_a/1.0/board.xml as part xcve2802-vsvh1760-2lp-e-s-es1 specified in board_part file is either invalid or not available
WARNING: [Board 49-26] cannot add Board Part xilinx.com:vek280_es:part0:1.1 available at C:/Xilinx/Vivado/2024.1/data/xhub/boards/XilinxBoardStore/boards/Xilinx/vek280/es/rev_a/1.1/board.xml as part xcve2802-vsvh1760-2lp-e-s-es1 specified in board_part file is either invalid or not available
WARNING: [Board 49-26] cannot add Board Part xilinx.com:vek280_es_revb:part0:1.0 available at C:/Xilinx/Vivado/2024.1/data/xhub/boards/XilinxBoardStore/boards/Xilinx/vek280/es/rev_b/1.0/board.xml as part xcve2802-vsvh1760-2mp-e-s-es1 specified in board_part file is either invalid or not available
WARNING: [Board 49-26] cannot add Board Part xilinx.com:vek280_es_revb:part0:1.1 available at C:/Xilinx/Vivado/2024.1/data/xhub/boards/XilinxBoardStore/boards/Xilinx/vek280/es/rev_b/1.1/board.xml as part xcve2802-vsvh1760-2mp-e-s-es1 specified in board_part file is either invalid or not available
WARNING: [Board 49-26] cannot add Board Part xilinx.com:vermeo_t1_mpsoc:part0:1.0 available at C:/Xilinx/Vivado/2024.1/data/xhub/boards/XilinxBoardStore/boards/Xilinx/vermeo_t1_mpsoc/1.0/board.xml as part xczu19eg-ffvd1760-2l-e specified in board_part file is either invalid or not available
WARNING: [Board 49-26] cannot add Board Part xilinx.com:vermeo_t1_rfsoc:part0:1.0 available at C:/Xilinx/Vivado/2024.1/data/xhub/boards/XilinxBoardStore/boards/Xilinx/vermeo_t1_rfsoc/1.0/board.xml as part xczu21dr-ffvd1156-2l-e specified in board_part file is either invalid or not available
WARNING: [Board 49-26] cannot add Board Part xilinx.com:vhk158:part0:1.0 available at C:/Xilinx/Vivado/2024.1/data/xhub/boards/XilinxBoardStore/boards/Xilinx/vhk158/production/1.0/board.xml as part xcvh1582-vsva3697-2mp-e-s specified in board_part file is either invalid or not available
WARNING: [Board 49-26] cannot add Board Part xilinx.com:vhk158:part0:1.1 available at C:/Xilinx/Vivado/2024.1/data/xhub/boards/XilinxBoardStore/boards/Xilinx/vhk158/production/1.1/board.xml as part xcvh1582-vsva3697-2mp-e-s specified in board_part file is either invalid or not available
WARNING: [Board 49-26] cannot add Board Part xilinx.com:vhk158_es:part0:1.0 available at C:/Xilinx/Vivado/2024.1/data/xhub/boards/XilinxBoardStore/boards/Xilinx/vhk158/es/1.0/board.xml as part xcvh1582-vsva3697-2mp-e-s-es1 specified in board_part file is either invalid or not available
WARNING: [Board 49-26] cannot add Board Part xilinx.com:vhk158_es:part0:1.1 available at C:/Xilinx/Vivado/2024.1/data/xhub/boards/XilinxBoardStore/boards/Xilinx/vhk158/es/1.1/board.xml as part xcvh1582-vsva3697-2mp-e-s-es1 specified in board_part file is either invalid or not available
WARNING: [Board 49-26] cannot add Board Part xilinx.com:vmk180:part0:2.2 available at C:/Xilinx/Vivado/2024.1/data/xhub/boards/XilinxBoardStore/boards/Xilinx/vmk180/production/2.2/board.xml as part xcvm1802-vsva2197-2mp-e-s specified in board_part file is either invalid or not available
WARNING: [Board 49-26] cannot add Board Part xilinx.com:vmk180:part0:3.0 available at C:/Xilinx/Vivado/2024.1/data/xhub/boards/XilinxBoardStore/boards/Xilinx/vmk180/production/3.0/board.xml as part xcvm1802-vsva2197-2mp-e-s specified in board_part file is either invalid or not available
WARNING: [Board 49-26] cannot add Board Part xilinx.com:vmk180:part0:3.1 available at C:/Xilinx/Vivado/2024.1/data/xhub/boards/XilinxBoardStore/boards/Xilinx/vmk180/production/3.1/board.xml as part xcvm1802-vsva2197-2mp-e-s specified in board_part file is either invalid or not available
WARNING: [Board 49-26] cannot add Board Part xilinx.com:vmk180:part0:3.2 available at C:/Xilinx/Vivado/2024.1/data/xhub/boards/XilinxBoardStore/boards/Xilinx/vmk180/production/3.2/board.xml as part xcvm1802-vsva2197-2mp-e-s specified in board_part file is either invalid or not available
WARNING: [Board 49-26] cannot add Board Part xilinx.com:vmk180_newl:part0:1.0 available at C:/Xilinx/Vivado/2024.1/data/xhub/boards/XilinxBoardStore/boards/Xilinx/vmk180_newl/production/1.0/board.xml as part xcvm1802-vsva2197-2mp-e-s specified in board_part file is either invalid or not available
WARNING: [Board 49-26] cannot add Board Part xilinx.com:vmk180_newl:part0:1.1 available at C:/Xilinx/Vivado/2024.1/data/xhub/boards/XilinxBoardStore/boards/Xilinx/vmk180_newl/production/1.1/board.xml as part xcvm1802-vsva2197-2mp-e-s specified in board_part file is either invalid or not available
WARNING: [Board 49-26] cannot add Board Part xilinx.com:vpk120:part0:1.0 available at C:/Xilinx/Vivado/2024.1/data/xhub/boards/XilinxBoardStore/boards/Xilinx/vpk120/production/1.0/board.xml as part xcvp1202-vsva2785-2mp-e-s specified in board_part file is either invalid or not available
WARNING: [Board 49-26] cannot add Board Part xilinx.com:vpk120:part0:1.1 available at C:/Xilinx/Vivado/2024.1/data/xhub/boards/XilinxBoardStore/boards/Xilinx/vpk120/production/1.1/board.xml as part xcvp1202-vsva2785-2mp-e-s specified in board_part file is either invalid or not available
WARNING: [Board 49-26] cannot add Board Part xilinx.com:vpk120:part0:1.2 available at C:/Xilinx/Vivado/2024.1/data/xhub/boards/XilinxBoardStore/boards/Xilinx/vpk120/production/1.2/board.xml as part xcvp1202-vsva2785-2mp-e-s specified in board_part file is either invalid or not available
WARNING: [Board 49-26] cannot add Board Part xilinx.com:vpk180:part0:1.0 available at C:/Xilinx/Vivado/2024.1/data/xhub/boards/XilinxBoardStore/boards/Xilinx/vpk180/production/1.0/board.xml as part xcvp1802-lsvc4072-2mp-e-s specified in board_part file is either invalid or not available
WARNING: [Board 49-26] cannot add Board Part xilinx.com:vpk180:part0:1.1 available at C:/Xilinx/Vivado/2024.1/data/xhub/boards/XilinxBoardStore/boards/Xilinx/vpk180/production/1.1/board.xml as part xcvp1802-lsvc4072-2mp-e-s specified in board_part file is either invalid or not available
WARNING: [Board 49-26] cannot add Board Part xilinx.com:vpk180:part0:1.2 available at C:/Xilinx/Vivado/2024.1/data/xhub/boards/XilinxBoardStore/boards/Xilinx/vpk180/production/1.2/board.xml as part xcvp1802-lsvc4072-2mp-e-s specified in board_part file is either invalid or not available
WARNING: [Board 49-26] cannot add Board Part xilinx.com:zc706:part0:1.4 available at C:/Xilinx/Vivado/2024.1/data/xhub/boards/XilinxBoardStore/boards/Xilinx/zc706/1.4/board.xml as part xc7z045ffg900-2 specified in board_part file is either invalid or not available
WARNING: [Board 49-26] cannot add Board Part xilinx.com:zcu102:part0:3.3 available at C:/Xilinx/Vivado/2024.1/data/xhub/boards/XilinxBoardStore/boards/Xilinx/zcu102/3.3/board.xml as part xczu9eg-ffvb1156-2-e specified in board_part file is either invalid or not available
WARNING: [Board 49-26] cannot add Board Part xilinx.com:zcu102:part0:3.4 available at C:/Xilinx/Vivado/2024.1/data/xhub/boards/XilinxBoardStore/boards/Xilinx/zcu102/3.4/board.xml as part xczu9eg-ffvb1156-2-e specified in board_part file is either invalid or not available
WARNING: [Board 49-26] cannot add Board Part xilinx.com:zcu111:part0:1.2 available at C:/Xilinx/Vivado/2024.1/data/xhub/boards/XilinxBoardStore/boards/Xilinx/zcu111/1.2/board.xml as part xczu28dr-ffvg1517-2-e specified in board_part file is either invalid or not available
WARNING: [Board 49-26] cannot add Board Part xilinx.com:zcu111:part0:1.3 available at C:/Xilinx/Vivado/2024.1/data/xhub/boards/XilinxBoardStore/boards/Xilinx/zcu111/1.3/board.xml as part xczu28dr-ffvg1517-2-e specified in board_part file is either invalid or not available
WARNING: [Board 49-26] cannot add Board Part xilinx.com:zcu111:part0:1.4 available at C:/Xilinx/Vivado/2024.1/data/xhub/boards/XilinxBoardStore/boards/Xilinx/zcu111/1.4/board.xml as part xczu28dr-ffvg1517-2-e specified in board_part file is either invalid or not available
WARNING: [Board 49-26] cannot add Board Part xilinx.com:zcu1275:part0:1.0 available at C:/Xilinx/Vivado/2024.1/data/xhub/boards/XilinxBoardStore/boards/Xilinx/zcu1275/1.0/board.xml as part xczu29dr-ffvf1760-2-e specified in board_part file is either invalid or not available
WARNING: [Board 49-26] cannot add Board Part xilinx.com:zcu1285:part0:1.0 available at C:/Xilinx/Vivado/2024.1/data/xhub/boards/XilinxBoardStore/boards/Xilinx/zcu1285/1.0/board.xml as part xczu39dr-ffvf1760-2-i specified in board_part file is either invalid or not available
WARNING: [Board 49-26] cannot add Board Part xilinx.com:zcu208:part0:2.0 available at C:/Xilinx/Vivado/2024.1/data/xhub/boards/XilinxBoardStore/boards/Xilinx/zcu208/production/2.0/board.xml as part xczu48dr-fsvg1517-2-e specified in board_part file is either invalid or not available
WARNING: [Board 49-26] cannot add Board Part xilinx.com:zcu208ld:part0:2.0 available at C:/Xilinx/Vivado/2024.1/data/xhub/boards/XilinxBoardStore/boards/Xilinx/zcu208ld/production/2.0/board.xml as part xczu58dr-fsvg1517-2-i specified in board_part file is either invalid or not available
WARNING: [Board 49-26] cannot add Board Part xilinx.com:zcu216:part0:2.0 available at C:/Xilinx/Vivado/2024.1/data/xhub/boards/XilinxBoardStore/boards/Xilinx/zcu216/production/2.0/board.xml as part xczu49dr-ffvf1760-2-e specified in board_part file is either invalid or not available
WARNING: [Board 49-26] cannot add Board Part xilinx.com:zcu216ld:part0:2.0 available at C:/Xilinx/Vivado/2024.1/data/xhub/boards/XilinxBoardStore/boards/Xilinx/zcu216ld/production/2.0/board.xml as part xczu59dr-ffvf1760-2-i specified in board_part file is either invalid or not available
WARNING: [Board 49-26] cannot add Board Part xilinx.com:zcu670:part0:2.0 available at C:/Xilinx/Vivado/2024.1/data/xhub/boards/XilinxBoardStore/boards/Xilinx/zcu670/2.0/board.xml as part xczu67dr-fsve1156-2-i specified in board_part file is either invalid or not available
WARNING: [Board 49-26] cannot add Board Part xilinx.com:zcu670ld:part0:1.0 available at C:/Xilinx/Vivado/2024.1/data/xhub/boards/XilinxBoardStore/boards/Xilinx/zcu670ld/1.0/board.xml as part xczu57dr-fsve1156-2-i specified in board_part file is either invalid or not available
WARNING: [Board 49-26] cannot add Board Part xilinx.com:kc705:part0:1.6 available at C:/Xilinx/Vivado/2024.1/data/xhub/boards/XilinxBoardStore/boards/Xilinx/kc705/1.6/board.xml as part xc7k325tffg900-2 specified in board_part file is either invalid or not available
WARNING: [Board 49-26] cannot add Board Part xilinx.com:kcu105:part0:1.6 available at C:/Xilinx/Vivado/2024.1/data/xhub/boards/XilinxBoardStore/boards/Xilinx/kcu105/1.6/board.xml as part xcku040-ffva1156-2-e specified in board_part file is either invalid or not available
WARNING: [Board 49-26] cannot add Board Part xilinx.com:kcu105:part0:1.7 available at C:/Xilinx/Vivado/2024.1/data/xhub/boards/XilinxBoardStore/boards/Xilinx/kcu105/1.7/board.xml as part xcku040-ffva1156-2-e specified in board_part file is either invalid or not available
WARNING: [Board 49-26] cannot add Board Part xilinx.com:kcu1500:part0:1.2 available at C:/Xilinx/Vivado/2024.1/data/xhub/boards/XilinxBoardStore/boards/Xilinx/kcu1500/1.2/board.xml as part xcku115-flvb2104-2-e specified in board_part file is either invalid or not available
WARNING: [Board 49-26] cannot add Board Part xilinx.com:vc707:part0:1.4 available at C:/Xilinx/Vivado/2024.1/data/xhub/boards/XilinxBoardStore/boards/Xilinx/vc707/1.4/board.xml as part xc7vx485tffg1761-2 specified in board_part file is either invalid or not available
WARNING: [Board 49-26] cannot add Board Part xilinx.com:vc709:part0:1.8 available at C:/Xilinx/Vivado/2024.1/data/xhub/boards/XilinxBoardStore/boards/Xilinx/vc709/1.8/board.xml as part xc7vx690tffg1761-2 specified in board_part file is either invalid or not available
WARNING: [Board 49-26] cannot add Board Part xilinx.com:vck190:part0:2.2 available at C:/Xilinx/Vivado/2024.1/data/xhub/boards/XilinxBoardStore/boards/Xilinx/vck190/production/2.2/board.xml as part xcvc1902-vsva2197-2mp-e-s specified in board_part file is either invalid or not available
WARNING: [Board 49-26] cannot add Board Part xilinx.com:vck190:part0:3.0 available at C:/Xilinx/Vivado/2024.1/data/xhub/boards/XilinxBoardStore/boards/Xilinx/vck190/production/3.0/board.xml as part xcvc1902-vsva2197-2mp-e-s specified in board_part file is either invalid or not available
WARNING: [Board 49-26] cannot add Board Part xilinx.com:vck190:part0:3.1 available at C:/Xilinx/Vivado/2024.1/data/xhub/boards/XilinxBoardStore/boards/Xilinx/vck190/production/3.1/board.xml as part xcvc1902-vsva2197-2mp-e-s specified in board_part file is either invalid or not available
WARNING: [Board 49-26] cannot add Board Part xilinx.com:vck190:part0:3.2 available at C:/Xilinx/Vivado/2024.1/data/xhub/boards/XilinxBoardStore/boards/Xilinx/vck190/production/3.2/board.xml as part xcvc1902-vsva2197-2mp-e-s specified in board_part file is either invalid or not available
WARNING: [Board 49-26] cannot add Board Part xilinx.com:vck190:part0:3.3 available at C:/Xilinx/Vivado/2024.1/data/xhub/boards/XilinxBoardStore/boards/Xilinx/vck190/production/3.3/board.xml as part xcvc1902-vsva2197-2mp-e-s specified in board_part file is either invalid or not available
WARNING: [Board 49-26] cannot add Board Part xilinx.com:vck190_newl:part0:1.0 available at C:/Xilinx/Vivado/2024.1/data/xhub/boards/XilinxBoardStore/boards/Xilinx/vck190_newl/production/1.0/board.xml as part xcvc1902-vsva2197-2mp-e-s specified in board_part file is either invalid or not available
WARNING: [Board 49-26] cannot add Board Part xilinx.com:vck190_newl:part0:1.1 available at C:/Xilinx/Vivado/2024.1/data/xhub/boards/XilinxBoardStore/boards/Xilinx/vck190_newl/production/1.1/board.xml as part xcvc1902-vsva2197-2mp-e-s specified in board_part file is either invalid or not available
WARNING: [Board 49-26] cannot add Board Part xilinx.com:vck190_newl:part0:1.2 available at C:/Xilinx/Vivado/2024.1/data/xhub/boards/XilinxBoardStore/boards/Xilinx/vck190_newl/production/1.2/board.xml as part xcvc1902-vsva2197-2mp-e-s specified in board_part file is either invalid or not available
WARNING: [Board 49-26] cannot add Board Part xilinx.com:vcu108:part0:1.6 available at C:/Xilinx/Vivado/2024.1/data/xhub/boards/XilinxBoardStore/boards/Xilinx/vcu108/1.6/board.xml as part xcvu095-ffva2104-2-e specified in board_part file is either invalid or not available
WARNING: [Board 49-26] cannot add Board Part xilinx.com:vcu108:part0:1.7 available at C:/Xilinx/Vivado/2024.1/data/xhub/boards/XilinxBoardStore/boards/Xilinx/vcu108/1.7/board.xml as part xcvu095-ffva2104-2-e specified in board_part file is either invalid or not available
WARNING: [Board 49-26] cannot add Board Part xilinx.com:vcu110:part0:1.4 available at C:/Xilinx/Vivado/2024.1/data/xhub/boards/XilinxBoardStore/boards/Xilinx/vcu110/1.4/board.xml as part xcvu190-flgc2104-2-e specified in board_part file is either invalid or not available
WARNING: [Board 49-26] cannot add Board Part xilinx.com:vcu118:part0:2.0 available at C:/Xilinx/Vivado/2024.1/data/xhub/boards/XilinxBoardStore/boards/Xilinx/vcu118/2.0/board.xml as part xcvu9p-flga2104-2l-e specified in board_part file is either invalid or not available
WARNING: [Board 49-26] cannot add Board Part xilinx.com:vcu118:part0:2.3 available at C:/Xilinx/Vivado/2024.1/data/xhub/boards/XilinxBoardStore/boards/Xilinx/vcu118/2.3/board.xml as part xcvu9p-flga2104-2l-e specified in board_part file is either invalid or not available
WARNING: [Board 49-26] cannot add Board Part xilinx.com:vcu118:part0:2.4 available at C:/Xilinx/Vivado/2024.1/data/xhub/boards/XilinxBoardStore/boards/Xilinx/vcu118/2.4/board.xml as part xcvu9p-flga2104-2l-e specified in board_part file is either invalid or not available
WARNING: [Board 49-26] cannot add Board Part xilinx.com:vcu129:part0:1.0 available at C:/Xilinx/Vivado/2024.1/data/xhub/boards/XilinxBoardStore/boards/Xilinx/vcu129/production/1.0/board.xml as part xcvu29p-fsga2577-2l-e specified in board_part file is either invalid or not available
WARNING: [Board 49-26] cannot add Board Part xilinx.com:vcu1525:part0:1.3 available at C:/Xilinx/Vivado/2024.1/data/xhub/boards/XilinxBoardStore/boards/Xilinx/vcu1525/1.3/board.xml as part xcvu9p-fsgd2104-2l-e specified in board_part file is either invalid or not available
WARNING: [Board 49-26] cannot add Board Part xilinx.com:vek280:part0:1.0 available at C:/Xilinx/Vivado/2024.1/data/xhub/boards/XilinxBoardStore/boards/Xilinx/vek280/production/1.0/board.xml as part xcve2802-vsvh1760-2mp-e-s specified in board_part file is either invalid or not available
WARNING: [Board 49-26] cannot add Board Part xilinx.com:vek280:part0:1.1 available at C:/Xilinx/Vivado/2024.1/data/xhub/boards/XilinxBoardStore/boards/Xilinx/vek280/production/1.1/board.xml as part xcve2802-vsvh1760-2mp-e-s specified in board_part file is either invalid or not available
WARNING: [Board 49-26] cannot add Board Part xilinx.com:vek280:part0:1.2 available at C:/Xilinx/Vivado/2024.1/data/xhub/boards/XilinxBoardStore/boards/Xilinx/vek280/production/1.2/board.xml as part xcve2802-vsvh1760-2mp-e-s specified in board_part file is either invalid or not available
WARNING: [Board 49-26] cannot add Board Part xilinx.com:vek280_es:part0:1.0 available at C:/Xilinx/Vivado/2024.1/data/xhub/boards/XilinxBoardStore/boards/Xilinx/vek280/es/rev_a/1.0/board.xml as part xcve2802-vsvh1760-2lp-e-s-es1 specified in board_part file is either invalid or not available
WARNING: [Board 49-26] cannot add Board Part xilinx.com:vek280_es:part0:1.1 available at C:/Xilinx/Vivado/2024.1/data/xhub/boards/XilinxBoardStore/boards/Xilinx/vek280/es/rev_a/1.1/board.xml as part xcve2802-vsvh1760-2lp-e-s-es1 specified in board_part file is either invalid or not available
WARNING: [Board 49-26] cannot add Board Part xilinx.com:vek280_es_revb:part0:1.0 available at C:/Xilinx/Vivado/2024.1/data/xhub/boards/XilinxBoardStore/boards/Xilinx/vek280/es/rev_b/1.0/board.xml as part xcve2802-vsvh1760-2mp-e-s-es1 specified in board_part file is either invalid or not available
WARNING: [Board 49-26] cannot add Board Part xilinx.com:vek280_es_revb:part0:1.1 available at C:/Xilinx/Vivado/2024.1/data/xhub/boards/XilinxBoardStore/boards/Xilinx/vek280/es/rev_b/1.1/board.xml as part xcve2802-vsvh1760-2mp-e-s-es1 specified in board_part file is either invalid or not available
WARNING: [Board 49-26] cannot add Board Part xilinx.com:vermeo_t1_mpsoc:part0:1.0 available at C:/Xilinx/Vivado/2024.1/data/xhub/boards/XilinxBoardStore/boards/Xilinx/vermeo_t1_mpsoc/1.0/board.xml as part xczu19eg-ffvd1760-2l-e specified in board_part file is either invalid or not available
WARNING: [Board 49-26] cannot add Board Part xilinx.com:vermeo_t1_rfsoc:part0:1.0 available at C:/Xilinx/Vivado/2024.1/data/xhub/boards/XilinxBoardStore/boards/Xilinx/vermeo_t1_rfsoc/1.0/board.xml as part xczu21dr-ffvd1156-2l-e specified in board_part file is either invalid or not available
WARNING: [Board 49-26] cannot add Board Part xilinx.com:vhk158:part0:1.0 available at C:/Xilinx/Vivado/2024.1/data/xhub/boards/XilinxBoardStore/boards/Xilinx/vhk158/production/1.0/board.xml as part xcvh1582-vsva3697-2mp-e-s specified in board_part file is either invalid or not available
WARNING: [Board 49-26] cannot add Board Part xilinx.com:vhk158:part0:1.1 available at C:/Xilinx/Vivado/2024.1/data/xhub/boards/XilinxBoardStore/boards/Xilinx/vhk158/production/1.1/board.xml as part xcvh1582-vsva3697-2mp-e-s specified in board_part file is either invalid or not available
WARNING: [Board 49-26] cannot add Board Part xilinx.com:vhk158_es:part0:1.0 available at C:/Xilinx/Vivado/2024.1/data/xhub/boards/XilinxBoardStore/boards/Xilinx/vhk158/es/1.0/board.xml as part xcvh1582-vsva3697-2mp-e-s-es1 specified in board_part file is either invalid or not available
WARNING: [Board 49-26] cannot add Board Part xilinx.com:vhk158_es:part0:1.1 available at C:/Xilinx/Vivado/2024.1/data/xhub/boards/XilinxBoardStore/boards/Xilinx/vhk158/es/1.1/board.xml as part xcvh1582-vsva3697-2mp-e-s-es1 specified in board_part file is either invalid or not available
WARNING: [Board 49-26] cannot add Board Part xilinx.com:vmk180:part0:2.2 available at C:/Xilinx/Vivado/2024.1/data/xhub/boards/XilinxBoardStore/boards/Xilinx/vmk180/production/2.2/board.xml as part xcvm1802-vsva2197-2mp-e-s specified in board_part file is either invalid or not available
WARNING: [Board 49-26] cannot add Board Part xilinx.com:vmk180:part0:3.0 available at C:/Xilinx/Vivado/2024.1/data/xhub/boards/XilinxBoardStore/boards/Xilinx/vmk180/production/3.0/board.xml as part xcvm1802-vsva2197-2mp-e-s specified in board_part file is either invalid or not available
WARNING: [Board 49-26] cannot add Board Part xilinx.com:vmk180:part0:3.1 available at C:/Xilinx/Vivado/2024.1/data/xhub/boards/XilinxBoardStore/boards/Xilinx/vmk180/production/3.1/board.xml as part xcvm1802-vsva2197-2mp-e-s specified in board_part file is either invalid or not available
WARNING: [Board 49-26] cannot add Board Part xilinx.com:vmk180:part0:3.2 available at C:/Xilinx/Vivado/2024.1/data/xhub/boards/XilinxBoardStore/boards/Xilinx/vmk180/production/3.2/board.xml as part xcvm1802-vsva2197-2mp-e-s specified in board_part file is either invalid or not available
INFO: [Common 17-14] Message 'Board 49-26' appears 100 times and further instances of the messages will be disabled. Use the Tcl command set_msg_config to change the current settings.
WARNING: [filemgmt 56-199] Attempt to get parsing info during refresh. "On-the-fly" syntax checking information may be incorrect. [C:\Users\prana\Downloads\Processor\Processor.srcs\sources_1\imports\Downloads\Proccessor\Proccessor.srcs\sources_1\new\IR.v:]
WARNING: [filemgmt 56-199] Attempt to get parsing info during refresh. "On-the-fly" syntax checking information may be incorrect. [C:\Users\prana\Downloads\Processor\Processor.srcs\sources_1\imports\Downloads\Proccessor\Proccessor.srcs\sources_1\imports\new\controlSignal.v:]
WARNING: [filemgmt 56-199] Attempt to get parsing info during refresh. "On-the-fly" syntax checking information may be incorrect. [C:\Users\prana\Downloads\Processor\Processor.srcs\sources_1\imports\Downloads\Proccessor\Proccessor.srcs\sources_1\imports\new\controlSignal.v:]
WARNING: [filemgmt 56-199] Attempt to get parsing info during refresh. "On-the-fly" syntax checking information may be incorrect. [C:\Users\prana\Downloads\Processor\Processor.srcs\sources_1\imports\Downloads\Proccessor\Proccessor.srcs\sources_1\imports\new\controlSignal.v:]
ERROR: [Common 17-180] Spawn failed: No error
copy_run -name impl_1_copy_1 [get_runs impl_1] -parent_run synth_1
copy_run: Time (s): cpu = 00:00:02 ; elapsed = 00:00:05 . Memory (MB): peak = 1506.398 ; gain = 0.000
impl_1_copy_1
set_property part xc7a100tcsg324-3 [current_project]
WARNING: [IP_Flow 19-2162] IP 'mem_rom1' is locked:
* IP definition 'Block Memory Generator (8.4)' for IP 'mem_rom1' (customized with software release 2020.1.1) has a different revision in the IP Catalog. * Current project part 'xc7a100tcsg324-3' and the part 'xc7a100tcsg324-1' used to customize the IP 'mem_rom1' do not match.
WARNING: [IP_Flow 19-2162] IP 'mem_ram1' is locked:
* IP definition 'Block Memory Generator (8.4)' for IP 'mem_ram1' (customized with software release 2020.1.1) has a different revision in the IP Catalog. * Current project part 'xc7a100tcsg324-3' and the part 'xc7a100tcsg324-1' used to customize the IP 'mem_ram1' do not match.
WARNING: [filemgmt 56-199] Attempt to get parsing info during refresh. "On-the-fly" syntax checking information may be incorrect. [C:\Users\prana\Downloads\Processor\Processor.srcs\sources_1\imports\Downloads\Proccessor\Proccessor.srcs\sources_1\new\IR.v:]
WARNING: [filemgmt 56-199] Attempt to get parsing info during refresh. "On-the-fly" syntax checking information may be incorrect. [C:\Users\prana\Downloads\Processor\Processor.srcs\sources_1\imports\Downloads\Proccessor\Proccessor.srcs\sources_1\imports\new\controlSignal.v:]
WARNING: [filemgmt 56-199] Attempt to get parsing info during refresh. "On-the-fly" syntax checking information may be incorrect. [C:\Users\prana\Downloads\Processor\Processor.srcs\sources_1\imports\Downloads\Proccessor\Proccessor.srcs\sources_1\new\IR.v:]
WARNING: [filemgmt 56-199] Attempt to get parsing info during refresh. "On-the-fly" syntax checking information may be incorrect. [C:\Users\prana\Downloads\Processor\Processor.srcs\sources_1\imports\Downloads\Proccessor\Proccessor.srcs\sources_1\new\IR.v:]
reset_run synth_1
reset_run mem_rom1_synth_1
ERROR: [Common 17-180] Spawn failed: No error
ERROR: [Common 17-39] 'reset_runs' failed due to earlier errors.
reset_run mem_ram1_synth_1
launch_runs impl_1 -to_step write_bitstream -jobs 4
WARNING: [Project 1-577] IP run mem_rom1_synth_1 is available but is out of date. Since the IP is locked, the synthesis checkpoint cannot be updated. The out-of-date checkpoint will be used and it may result in incorrect behavior.
Please select 'Report IP Status' from the 'Tools/Report' menu or run the Tcl command 'report_ip_status' for more information.
WARNING: [Project 1-577] IP run mem_ram1_synth_1 is available but is out of date. Since the IP is locked, the synthesis checkpoint cannot be updated. The out-of-date checkpoint will be used and it may result in incorrect behavior.
Please select 'Report IP Status' from the 'Tools/Report' menu or run the Tcl command 'report_ip_status' for more information.
WARNING: [Runs 36-337] The following IPs are either missing output products or output products are not up-to-date for Synthesis target. Since these IPs are locked, no update to the output products can be done. 
Please select 'Report IP Status' from the 'Tools/Report' menu or run Tcl command 'report_ip_status' for more information.
c:/Users/prana/Downloads/Processor/Processor.srcs/sources_1/ip/mem_rom1/mem_rom1.xci

WARNING: [Runs 36-337] The following IPs are either missing output products or output products are not up-to-date for Synthesis target. Since these IPs are locked, no update to the output products can be done. 
Please select 'Report IP Status' from the 'Tools/Report' menu or run Tcl command 'report_ip_status' for more information.
c:/Users/prana/Downloads/Processor/Processor.srcs/sources_1/ip/mem_ram1/mem_ram1.xci

WARNING: [Project 1-576] IP 'c:/Users/prana/Downloads/Processor/Processor.srcs/sources_1/ip/mem_rom1/mem_rom1.xci' in run mem_rom1_synth_1 is locked, no out-of-context (OOC) run will be launched. The run may not be able to complete.
Please select 'Report IP Status' from 'Tools/Report' or run the Tcl command 'report_ip_status' for more information.
WARNING: [Project 1-576] IP 'c:/Users/prana/Downloads/Processor/Processor.srcs/sources_1/ip/mem_ram1/mem_ram1.xci' in run mem_ram1_synth_1 is locked, no out-of-context (OOC) run will be launched. The run may not be able to complete.
Please select 'Report IP Status' from 'Tools/Report' or run the Tcl command 'report_ip_status' for more information.
[Mon Nov 11 21:25:22 2024] Launched mem_rom1_synth_1, mem_ram1_synth_1, synth_1...
Run output will be captured here:
mem_rom1_synth_1: C:/Users/prana/Downloads/Processor/Processor.runs/mem_rom1_synth_1/runme.log
mem_ram1_synth_1: C:/Users/prana/Downloads/Processor/Processor.runs/mem_ram1_synth_1/runme.log
synth_1: C:/Users/prana/Downloads/Processor/Processor.runs/synth_1/runme.log
[Mon Nov 11 21:25:22 2024] Launched impl_1...
Run output will be captured here: C:/Users/prana/Downloads/Processor/Processor.runs/impl_1/runme.log
export_ip_user_files -of_objects  [get_files c:/Users/prana/Downloads/Processor/Processor.srcs/sources_1/ip/mem_rom1/mem_rom1.xci] -no_script -reset -force -quiet
remove_files  -fileset mem_rom1 c:/Users/prana/Downloads/Processor/Processor.srcs/sources_1/ip/mem_rom1/mem_rom1.xci
WARNING: [Vivado 12-1017] Problems encountered:
1. Failed to delete one or more files in run directory C:/Users/prana/Downloads/Processor/Processor.runs/mem_rom1_synth_1

INFO: [Project 1-386] Moving file 'c:/Users/prana/Downloads/Processor/Processor.srcs/sources_1/ip/mem_rom1/mem_rom1.xci' from fileset 'mem_rom1' to fileset 'sources_1'.
file delete -force c:/Users/prana/Downloads/Processor/Processor.srcs/sources_1/ip/mem_rom1
file delete -force c:/Users/prana/Downloads/Processor/Processor.gen/sources_1/ip/mem_rom1
WARNING: [filemgmt 56-199] Attempt to get parsing info during refresh. "On-the-fly" syntax checking information may be incorrect. [C:\Users\prana\Downloads\Processor\Processor.srcs\sources_1\imports\Downloads\Proccessor\Proccessor.srcs\sources_1\new\IR.v:]
WARNING: [filemgmt 56-199] Attempt to get parsing info during refresh. "On-the-fly" syntax checking information may be incorrect. [C:\Users\prana\Downloads\Processor\Processor.srcs\sources_1\imports\Downloads\Proccessor\Proccessor.srcs\sources_1\imports\new\controlSignal.v:]
WARNING: [filemgmt 56-199] Attempt to get parsing info during refresh. "On-the-fly" syntax checking information may be incorrect. [C:\Users\prana\Downloads\Processor\Processor.srcs\sources_1\imports\Downloads\Proccessor\Proccessor.srcs\sources_1\new\IR.v:]
WARNING: [filemgmt 56-199] Attempt to get parsing info during refresh. "On-the-fly" syntax checking information may be incorrect. [C:\Users\prana\Downloads\Processor\Processor.srcs\sources_1\imports\Downloads\Proccessor\Proccessor.srcs\sources_1\new\IR.v:]
WARNING: [filemgmt 56-199] Attempt to get parsing info during refresh. "On-the-fly" syntax checking information may be incorrect. [C:\Users\prana\Downloads\Processor\Processor.srcs\sources_1\imports\Downloads\Proccessor\Proccessor.srcs\sources_1\new\IR.v:]
WARNING: [filemgmt 56-199] Attempt to get parsing info during refresh. "On-the-fly" syntax checking information may be incorrect. [C:\Users\prana\Downloads\Processor\Processor.srcs\sources_1\imports\Downloads\Proccessor\Proccessor.srcs\sources_1\imports\new\controlSignal.v:]
WARNING: [filemgmt 56-199] Attempt to get parsing info during refresh. "On-the-fly" syntax checking information may be incorrect. [C:\Users\prana\Downloads\Processor\Processor.srcs\sources_1\imports\Downloads\Proccessor\Proccessor.srcs\sources_1\new\IR.v:]
WARNING: [filemgmt 56-199] Attempt to get parsing info during refresh. "On-the-fly" syntax checking information may be incorrect. [C:\Users\prana\Downloads\Processor\Processor.srcs\sources_1\imports\Downloads\Proccessor\Proccessor.srcs\sources_1\new\IR.v:]
ERROR: [Common 17-180] Spawn failed: No error
WARNING: [filemgmt 56-199] Attempt to get parsing info during refresh. "On-the-fly" syntax checking information may be incorrect. [C:\Users\prana\Downloads\Processor\Processor.srcs\sources_1\imports\Downloads\Proccessor\Proccessor.srcs\sources_1\new\IR.v:]
WARNING: [filemgmt 56-199] Attempt to get parsing info during refresh. "On-the-fly" syntax checking information may be incorrect. [C:\Users\prana\Downloads\Processor\Processor.srcs\sources_1\imports\Downloads\Proccessor\Proccessor.srcs\sources_1\imports\new\controlSignal.v:]
WARNING: [filemgmt 56-199] Attempt to get parsing info during refresh. "On-the-fly" syntax checking information may be incorrect. [C:\Users\prana\Downloads\Processor\Processor.srcs\sources_1\imports\Downloads\Proccessor\Proccessor.srcs\sources_1\imports\new\controlSignal.v:]
WARNING: [filemgmt 56-199] Attempt to get parsing info during refresh. "On-the-fly" syntax checking information may be incorrect. [C:\Users\prana\Downloads\Processor\Processor.srcs\sources_1\imports\Downloads\Proccessor\Proccessor.srcs\sources_1\imports\new\controlSignal.v:]
ERROR: [Common 17-180] Spawn failed: No error
WARNING: [IP_Flow 19-4067] Ignoring invalid widget type specified checkbox.Providing a default widget
WARNING: [IP_Flow 19-4067] Ignoring invalid widget type specified checkbox.Providing a default widget
INFO: [IP_Flow 19-3484] Absolute path of file 'c:/Users/prana/Downloads/sumtilln.coe' provided. It will be converted relative to IP Instance files '../../../../../sumtilln.coe'
create_ip -name blk_mem_gen -vendor xilinx.com -library ip -version 8.4 -module_name mem_rom
set_property -dict [list \
  CONFIG.Coe_File {C:/Users/prana/Downloads/sumtilln.coe} \
  CONFIG.Fill_Remaining_Memory_Locations {true} \
  CONFIG.Load_Init_File {true} \
  CONFIG.Memory_Type {Single_Port_ROM} \
  CONFIG.Write_Depth_A {256} \
  CONFIG.Write_Width_A {32} \
] [get_ips mem_rom]
INFO: [IP_Flow 19-3484] Absolute path of file 'c:/Users/prana/Downloads/sumtilln.coe' provided. It will be converted relative to IP Instance files '../../../../../sumtilln.coe'
generate_target {instantiation_template} [get_files c:/Users/prana/Downloads/Processor/Processor.srcs/sources_1/ip/mem_rom_1/mem_rom.xci]
INFO: [IP_Flow 19-1686] Generating 'Instantiation Template' target for IP 'mem_rom'...
WARNING: [filemgmt 56-199] Attempt to get parsing info during refresh. "On-the-fly" syntax checking information may be incorrect. [C:\Users\prana\Downloads\Processor\Processor.srcs\sources_1\imports\Downloads\Proccessor\Proccessor.srcs\sources_1\new\IR.v:]
WARNING: [filemgmt 56-199] Attempt to get parsing info during refresh. "On-the-fly" syntax checking information may be incorrect. [C:\Users\prana\Downloads\Processor\Processor.srcs\sources_1\imports\Downloads\Proccessor\Proccessor.srcs\sources_1\imports\new\controlSignal.v:]
WARNING: [filemgmt 56-199] Attempt to get parsing info during refresh. "On-the-fly" syntax checking information may be incorrect. [C:\Users\prana\Downloads\Processor\Processor.srcs\sources_1\imports\Downloads\Proccessor\Proccessor.srcs\sources_1\imports\new\controlSignal.v:]
WARNING: [filemgmt 56-199] Attempt to get parsing info during refresh. "On-the-fly" syntax checking information may be incorrect. [C:\Users\prana\Downloads\Processor\Processor.srcs\sources_1\imports\Downloads\Proccessor\Proccessor.srcs\sources_1\imports\new\controlSignal.v:]
ERROR: [Common 17-180] Spawn failed: No error
generate_target all [get_files  c:/Users/prana/Downloads/Processor/Processor.srcs/sources_1/ip/mem_rom_1/mem_rom.xci]
INFO: [IP_Flow 19-1686] Generating 'Synthesis' target for IP 'mem_rom'...
INFO: [IP_Flow 19-1686] Generating 'Simulation' target for IP 'mem_rom'...
INFO: [IP_Flow 19-1686] Generating 'Miscellaneous' target for IP 'mem_rom'...
INFO: [IP_Flow 19-1686] Generating 'Change Log' target for IP 'mem_rom'...
catch { config_ip_cache -export [get_ips -all mem_rom] }
INFO: [IP_Flow 19-6924] IPCACHE: Running cache check for IP inst: mem_rom
export_ip_user_files -of_objects [get_files c:/Users/prana/Downloads/Processor/Processor.srcs/sources_1/ip/mem_rom_1/mem_rom.xci] -no_script -sync -force -quiet
create_ip_run [get_files -of_objects [get_fileset sources_1] c:/Users/prana/Downloads/Processor/Processor.srcs/sources_1/ip/mem_rom_1/mem_rom.xci]
launch_runs mem_rom_synth_1 -jobs 4
INFO: [IP_Flow 19-6924] IPCACHE: Running cache check for IP inst: mem_rom
[Mon Nov 11 21:28:39 2024] Launched mem_rom_synth_1...
Run output will be captured here: C:/Users/prana/Downloads/Processor/Processor.runs/mem_rom_synth_1/runme.log
WARNING: [filemgmt 56-199] Attempt to get parsing info during refresh. "On-the-fly" syntax checking information may be incorrect. [C:\Users\prana\Downloads\Processor\Processor.srcs\sources_1\imports\Downloads\Proccessor\Proccessor.srcs\sources_1\new\IR.v:]
WARNING: [filemgmt 56-199] Attempt to get parsing info during refresh. "On-the-fly" syntax checking information may be incorrect. [C:\Users\prana\Downloads\Processor\Processor.srcs\sources_1\imports\Downloads\Proccessor\Proccessor.srcs\sources_1\imports\new\controlSignal.v:]
WARNING: [filemgmt 56-199] Attempt to get parsing info during refresh. "On-the-fly" syntax checking information may be incorrect. [C:\Users\prana\Downloads\Processor\Processor.srcs\sources_1\imports\Downloads\Proccessor\Proccessor.srcs\sources_1\new\IR.v:]
WARNING: [filemgmt 56-199] Attempt to get parsing info during refresh. "On-the-fly" syntax checking information may be incorrect. [C:\Users\prana\Downloads\Processor\Processor.srcs\sources_1\imports\Downloads\Proccessor\Proccessor.srcs\sources_1\new\IR.v:]
export_simulation -of_objects [get_files c:/Users/prana/Downloads/Processor/Processor.srcs/sources_1/ip/mem_rom_1/mem_rom.xci] -directory C:/Users/prana/Downloads/Processor/Processor.ip_user_files/sim_scripts -ip_user_files_dir C:/Users/prana/Downloads/Processor/Processor.ip_user_files -ipstatic_source_dir C:/Users/prana/Downloads/Processor/Processor.ip_user_files/ipstatic -lib_map_path [list {modelsim=C:/Users/prana/Downloads/Processor/Processor.cache/compile_simlib/modelsim} {questa=C:/Users/prana/Downloads/Processor/Processor.cache/compile_simlib/questa} {riviera=C:/Users/prana/Downloads/Processor/Processor.cache/compile_simlib/riviera} {activehdl=C:/Users/prana/Downloads/Processor/Processor.cache/compile_simlib/activehdl}] -use_ip_compiled_libs -force -quiet
WARNING: [filemgmt 56-199] Attempt to get parsing info during refresh. "On-the-fly" syntax checking information may be incorrect. [C:\Users\prana\Downloads\Processor\Processor.srcs\sources_1\imports\Downloads\Proccessor\Proccessor.srcs\sources_1\new\IR.v:]
WARNING: [filemgmt 56-199] Attempt to get parsing info during refresh. "On-the-fly" syntax checking information may be incorrect. [C:\Users\prana\Downloads\Processor\Processor.srcs\sources_1\imports\Downloads\Proccessor\Proccessor.srcs\sources_1\imports\new\controlSignal.v:]
WARNING: [filemgmt 56-199] Attempt to get parsing info during refresh. "On-the-fly" syntax checking information may be incorrect. [C:\Users\prana\Downloads\Processor\Processor.srcs\sources_1\imports\Downloads\Proccessor\Proccessor.srcs\sources_1\new\IR.v:]
WARNING: [filemgmt 56-199] Attempt to get parsing info during refresh. "On-the-fly" syntax checking information may be incorrect. [C:\Users\prana\Downloads\Processor\Processor.srcs\sources_1\imports\Downloads\Proccessor\Proccessor.srcs\sources_1\new\IR.v:]
ERROR: [Common 17-180] Spawn failed: No error
WARNING: [filemgmt 56-199] Attempt to get parsing info during refresh. "On-the-fly" syntax checking information may be incorrect. [C:\Users\prana\Downloads\Processor\Processor.srcs\sources_1\imports\Downloads\Proccessor\Proccessor.srcs\sources_1\new\IR.v:]
WARNING: [filemgmt 56-199] Attempt to get parsing info during refresh. "On-the-fly" syntax checking information may be incorrect. [C:\Users\prana\Downloads\Processor\Processor.srcs\sources_1\imports\Downloads\Proccessor\Proccessor.srcs\sources_1\imports\new\topModule.v:]
WARNING: [filemgmt 56-199] Attempt to get parsing info during refresh. "On-the-fly" syntax checking information may be incorrect. [C:\Users\prana\Downloads\Processor\Processor.srcs\sources_1\imports\Downloads\Proccessor\Proccessor.srcs\sources_1\imports\new\controlSignal.v:]
WARNING: [filemgmt 56-199] Attempt to get parsing info during refresh. "On-the-fly" syntax checking information may be incorrect. [C:\Users\prana\Downloads\Processor\Processor.srcs\sources_1\imports\Downloads\Proccessor\Proccessor.srcs\sources_1\new\IR.v:]
WARNING: [filemgmt 56-199] Attempt to get parsing info during refresh. "On-the-fly" syntax checking information may be incorrect. [C:\Users\prana\Downloads\Processor\Processor.srcs\sources_1\imports\Downloads\Proccessor\Proccessor.srcs\sources_1\new\IR.v:]
WARNING: [filemgmt 56-199] Attempt to get parsing info during refresh. "On-the-fly" syntax checking information may be incorrect. [C:\Users\prana\Downloads\Processor\Processor.srcs\sources_1\imports\Downloads\Proccessor\Proccessor.srcs\sources_1\new\IR.v:]
WARNING: [filemgmt 56-199] Attempt to get parsing info during refresh. "On-the-fly" syntax checking information may be incorrect. [C:\Users\prana\Downloads\Processor\Processor.srcs\sources_1\imports\Downloads\Proccessor\Proccessor.srcs\sources_1\imports\new\topModule.v:]
WARNING: [filemgmt 56-199] Attempt to get parsing info during refresh. "On-the-fly" syntax checking information may be incorrect. [C:\Users\prana\Downloads\Processor\Processor.srcs\sources_1\imports\Downloads\Proccessor\Proccessor.srcs\sources_1\imports\new\controlSignal.v:]
WARNING: [filemgmt 56-199] Attempt to get parsing info during refresh. "On-the-fly" syntax checking information may be incorrect. [C:\Users\prana\Downloads\Processor\Processor.srcs\sources_1\imports\Downloads\Proccessor\Proccessor.srcs\sources_1\imports\new\controlSignal.v:]
WARNING: [filemgmt 56-199] Attempt to get parsing info during refresh. "On-the-fly" syntax checking information may be incorrect. [C:\Users\prana\Downloads\Processor\Processor.srcs\sources_1\imports\Downloads\Proccessor\Proccessor.srcs\sources_1\imports\new\controlSignal.v:]
WARNING: [filemgmt 56-199] Attempt to get parsing info during refresh. "On-the-fly" syntax checking information may be incorrect. [C:\Users\prana\Downloads\Processor\Processor.srcs\sources_1\imports\Downloads\Proccessor\Proccessor.srcs\sources_1\new\IR.v:]
WARNING: [filemgmt 56-199] Attempt to get parsing info during refresh. "On-the-fly" syntax checking information may be incorrect. [C:\Users\prana\Downloads\Processor\Processor.srcs\sources_1\imports\Downloads\Proccessor\Proccessor.srcs\sources_1\imports\new\topModule.v:]
WARNING: [filemgmt 56-199] Attempt to get parsing info during refresh. "On-the-fly" syntax checking information may be incorrect. [C:\Users\prana\Downloads\Processor\Processor.srcs\sources_1\imports\Downloads\Proccessor\Proccessor.srcs\sources_1\imports\new\controlSignal.v:]
WARNING: [filemgmt 56-199] Attempt to get parsing info during refresh. "On-the-fly" syntax checking information may be incorrect. [C:\Users\prana\Downloads\Processor\Processor.srcs\sources_1\imports\Downloads\Proccessor\Proccessor.srcs\sources_1\new\IR.v:]
WARNING: [filemgmt 56-199] Attempt to get parsing info during refresh. "On-the-fly" syntax checking information may be incorrect. [C:\Users\prana\Downloads\Processor\Processor.srcs\sources_1\imports\Downloads\Proccessor\Proccessor.srcs\sources_1\new\IR.v:]
WARNING: [filemgmt 56-199] Attempt to get parsing info during refresh. "On-the-fly" syntax checking information may be incorrect. [C:\Users\prana\Downloads\Processor\Processor.srcs\sources_1\imports\Downloads\Proccessor\Proccessor.srcs\sources_1\new\IR.v:]
WARNING: [filemgmt 56-199] Attempt to get parsing info during refresh. "On-the-fly" syntax checking information may be incorrect. [C:\Users\prana\Downloads\Processor\Processor.srcs\sources_1\imports\Downloads\Proccessor\Proccessor.srcs\sources_1\imports\new\topModule.v:]
WARNING: [filemgmt 56-199] Attempt to get parsing info during refresh. "On-the-fly" syntax checking information may be incorrect. [C:\Users\prana\Downloads\Processor\Processor.srcs\sources_1\imports\Downloads\Proccessor\Proccessor.srcs\sources_1\imports\new\controlSignal.v:]
WARNING: [filemgmt 56-199] Attempt to get parsing info during refresh. "On-the-fly" syntax checking information may be incorrect. [C:\Users\prana\Downloads\Processor\Processor.srcs\sources_1\imports\Downloads\Proccessor\Proccessor.srcs\sources_1\imports\new\controlSignal.v:]
WARNING: [filemgmt 56-199] Attempt to get parsing info during refresh. "On-the-fly" syntax checking information may be incorrect. [C:\Users\prana\Downloads\Processor\Processor.srcs\sources_1\imports\Downloads\Proccessor\Proccessor.srcs\sources_1\imports\new\controlSignal.v:]
export_ip_user_files -of_objects  [get_files c:/Users/prana/Downloads/Processor/Processor.srcs/sources_1/ip/mem_ram1/mem_ram1.xci] -no_script -reset -force -quiet
remove_files  -fileset mem_ram1 c:/Users/prana/Downloads/Processor/Processor.srcs/sources_1/ip/mem_ram1/mem_ram1.xci
WARNING: [Vivado 12-1017] Problems encountered:
1. Failed to delete one or more files in run directory C:/Users/prana/Downloads/Processor/Processor.runs/mem_ram1_synth_1

INFO: [Project 1-386] Moving file 'c:/Users/prana/Downloads/Processor/Processor.srcs/sources_1/ip/mem_ram1/mem_ram1.xci' from fileset 'mem_ram1' to fileset 'sources_1'.
file delete -force c:/Users/prana/Downloads/Processor/Processor.srcs/sources_1/ip/mem_ram1
file delete -force c:/Users/prana/Downloads/Processor/Processor.gen/sources_1/ip/mem_ram1
WARNING: [filemgmt 56-199] Attempt to get parsing info during refresh. "On-the-fly" syntax checking information may be incorrect. [C:\Users\prana\Downloads\Processor\Processor.srcs\sources_1\imports\Downloads\Proccessor\Proccessor.srcs\sources_1\new\IR.v:]
WARNING: [filemgmt 56-199] Attempt to get parsing info during refresh. "On-the-fly" syntax checking information may be incorrect. [C:\Users\prana\Downloads\Processor\Processor.srcs\sources_1\imports\Downloads\Proccessor\Proccessor.srcs\sources_1\imports\new\topModule.v:]
WARNING: [filemgmt 56-199] Attempt to get parsing info during refresh. "On-the-fly" syntax checking information may be incorrect. [C:\Users\prana\Downloads\Processor\Processor.srcs\sources_1\imports\Downloads\Proccessor\Proccessor.srcs\sources_1\imports\new\controlSignal.v:]
WARNING: [filemgmt 56-199] Attempt to get parsing info during refresh. "On-the-fly" syntax checking information may be incorrect. [C:\Users\prana\Downloads\Processor\Processor.srcs\sources_1\imports\Downloads\Proccessor\Proccessor.srcs\sources_1\new\IR.v:]
WARNING: [filemgmt 56-199] Attempt to get parsing info during refresh. "On-the-fly" syntax checking information may be incorrect. [C:\Users\prana\Downloads\Processor\Processor.srcs\sources_1\imports\Downloads\Proccessor\Proccessor.srcs\sources_1\new\IR.v:]
WARNING: [filemgmt 56-199] Attempt to get parsing info during refresh. "On-the-fly" syntax checking information may be incorrect. [C:\Users\prana\Downloads\Processor\Processor.srcs\sources_1\imports\Downloads\Proccessor\Proccessor.srcs\sources_1\new\IR.v:]
WARNING: [filemgmt 56-199] Attempt to get parsing info during refresh. "On-the-fly" syntax checking information may be incorrect. [C:\Users\prana\Downloads\Processor\Processor.srcs\sources_1\imports\Downloads\Proccessor\Proccessor.srcs\sources_1\imports\new\topModule.v:]
WARNING: [filemgmt 56-199] Attempt to get parsing info during refresh. "On-the-fly" syntax checking information may be incorrect. [C:\Users\prana\Downloads\Processor\Processor.srcs\sources_1\imports\Downloads\Proccessor\Proccessor.srcs\sources_1\imports\new\controlSignal.v:]
WARNING: [filemgmt 56-199] Attempt to get parsing info during refresh. "On-the-fly" syntax checking information may be incorrect. [C:\Users\prana\Downloads\Processor\Processor.srcs\sources_1\imports\Downloads\Proccessor\Proccessor.srcs\sources_1\imports\new\controlSignal.v:]
WARNING: [filemgmt 56-199] Attempt to get parsing info during refresh. "On-the-fly" syntax checking information may be incorrect. [C:\Users\prana\Downloads\Processor\Processor.srcs\sources_1\imports\Downloads\Proccessor\Proccessor.srcs\sources_1\imports\new\controlSignal.v:]
export_ip_user_files -of_objects  [get_files c:/Users/prana/Downloads/Processor/Processor.srcs/sources_1/imports/Downloads/sumtilln.coe] -no_script -reset -force -quiet
remove_files  c:/Users/prana/Downloads/Processor/Processor.srcs/sources_1/imports/Downloads/sumtilln.coe
file delete -force c:/Users/prana/Downloads/Processor/Processor.srcs/sources_1/imports/Downloads/sumtilln.coe
WARNING: [filemgmt 56-199] Attempt to get parsing info during refresh. "On-the-fly" syntax checking information may be incorrect. [C:\Users\prana\Downloads\Processor\Processor.srcs\sources_1\imports\Downloads\Proccessor\Proccessor.srcs\sources_1\new\IR.v:]
WARNING: [filemgmt 56-199] Attempt to get parsing info during refresh. "On-the-fly" syntax checking information may be incorrect. [C:\Users\prana\Downloads\Processor\Processor.srcs\sources_1\imports\Downloads\Proccessor\Proccessor.srcs\sources_1\imports\new\topModule.v:]
WARNING: [filemgmt 56-199] Attempt to get parsing info during refresh. "On-the-fly" syntax checking information may be incorrect. [C:\Users\prana\Downloads\Processor\Processor.srcs\sources_1\imports\Downloads\Proccessor\Proccessor.srcs\sources_1\imports\new\controlSignal.v:]
WARNING: [filemgmt 56-199] Attempt to get parsing info during refresh. "On-the-fly" syntax checking information may be incorrect. [C:\Users\prana\Downloads\Processor\Processor.srcs\sources_1\imports\Downloads\Proccessor\Proccessor.srcs\sources_1\new\IR.v:]
WARNING: [filemgmt 56-199] Attempt to get parsing info during refresh. "On-the-fly" syntax checking information may be incorrect. [C:\Users\prana\Downloads\Processor\Processor.srcs\sources_1\imports\Downloads\Proccessor\Proccessor.srcs\sources_1\new\IR.v:]
WARNING: [filemgmt 56-199] Attempt to get parsing info during refresh. "On-the-fly" syntax checking information may be incorrect. [C:\Users\prana\Downloads\Processor\Processor.srcs\sources_1\imports\Downloads\Proccessor\Proccessor.srcs\sources_1\new\IR.v:]
WARNING: [filemgmt 56-199] Attempt to get parsing info during refresh. "On-the-fly" syntax checking information may be incorrect. [C:\Users\prana\Downloads\Processor\Processor.srcs\sources_1\imports\Downloads\Proccessor\Proccessor.srcs\sources_1\imports\new\topModule.v:]
WARNING: [filemgmt 56-199] Attempt to get parsing info during refresh. "On-the-fly" syntax checking information may be incorrect. [C:\Users\prana\Downloads\Processor\Processor.srcs\sources_1\imports\Downloads\Proccessor\Proccessor.srcs\sources_1\imports\new\controlSignal.v:]
WARNING: [filemgmt 56-199] Attempt to get parsing info during refresh. "On-the-fly" syntax checking information may be incorrect. [C:\Users\prana\Downloads\Processor\Processor.srcs\sources_1\imports\Downloads\Proccessor\Proccessor.srcs\sources_1\imports\new\topModule.v:]
WARNING: [filemgmt 56-199] Attempt to get parsing info during refresh. "On-the-fly" syntax checking information may be incorrect. [C:\Users\prana\Downloads\Processor\Processor.srcs\sources_1\imports\Downloads\Proccessor\Proccessor.srcs\sources_1\imports\new\topModule.v:]
import_files c:/Users/prana/Downloads/sumtilln.coe
WARNING: [filemgmt 56-199] Attempt to get parsing info during refresh. "On-the-fly" syntax checking information may be incorrect. [C:\Users\prana\Downloads\Processor\Processor.srcs\sources_1\imports\Downloads\Proccessor\Proccessor.srcs\sources_1\new\IR.v:]
WARNING: [filemgmt 56-199] Attempt to get parsing info during refresh. "On-the-fly" syntax checking information may be incorrect. [C:\Users\prana\Downloads\Processor\Processor.srcs\sources_1\imports\Downloads\Proccessor\Proccessor.srcs\sources_1\imports\new\topModule.v:]
WARNING: [filemgmt 56-199] Attempt to get parsing info during refresh. "On-the-fly" syntax checking information may be incorrect. [C:\Users\prana\Downloads\Processor\Processor.srcs\sources_1\imports\Downloads\Proccessor\Proccessor.srcs\sources_1\imports\new\controlSignal.v:]
WARNING: [filemgmt 56-199] Attempt to get parsing info during refresh. "On-the-fly" syntax checking information may be incorrect. [C:\Users\prana\Downloads\Processor\Processor.srcs\sources_1\imports\Downloads\Proccessor\Proccessor.srcs\sources_1\new\IR.v:]
WARNING: [filemgmt 56-199] Attempt to get parsing info during refresh. "On-the-fly" syntax checking information may be incorrect. [C:\Users\prana\Downloads\Processor\Processor.srcs\sources_1\imports\Downloads\Proccessor\Proccessor.srcs\sources_1\new\IR.v:]
WARNING: [filemgmt 56-199] Attempt to get parsing info during refresh. "On-the-fly" syntax checking information may be incorrect. [C:\Users\prana\Downloads\Processor\Processor.srcs\sources_1\imports\Downloads\Proccessor\Proccessor.srcs\sources_1\new\IR.v:]
WARNING: [filemgmt 56-199] Attempt to get parsing info during refresh. "On-the-fly" syntax checking information may be incorrect. [C:\Users\prana\Downloads\Processor\Processor.srcs\sources_1\imports\Downloads\Proccessor\Proccessor.srcs\sources_1\imports\new\topModule.v:]
WARNING: [filemgmt 56-199] Attempt to get parsing info during refresh. "On-the-fly" syntax checking information may be incorrect. [C:\Users\prana\Downloads\Processor\Processor.srcs\sources_1\imports\Downloads\Proccessor\Proccessor.srcs\sources_1\imports\new\controlSignal.v:]
WARNING: [filemgmt 56-199] Attempt to get parsing info during refresh. "On-the-fly" syntax checking information may be incorrect. [C:\Users\prana\Downloads\Processor\Processor.srcs\sources_1\imports\Downloads\Proccessor\Proccessor.srcs\sources_1\imports\new\controlSignal.v:]
WARNING: [filemgmt 56-199] Attempt to get parsing info during refresh. "On-the-fly" syntax checking information may be incorrect. [C:\Users\prana\Downloads\Processor\Processor.srcs\sources_1\imports\Downloads\Proccessor\Proccessor.srcs\sources_1\imports\new\controlSignal.v:]
WARNING: [filemgmt 56-199] Attempt to get parsing info during refresh. "On-the-fly" syntax checking information may be incorrect. [C:\Users\prana\Downloads\Processor\Processor.srcs\sources_1\imports\Downloads\Proccessor\Proccessor.srcs\sources_1\new\IR.v:]
WARNING: [filemgmt 56-199] Attempt to get parsing info during refresh. "On-the-fly" syntax checking information may be incorrect. [C:\Users\prana\Downloads\Processor\Processor.srcs\sources_1\imports\Downloads\Proccessor\Proccessor.srcs\sources_1\imports\new\topModule.v:]
WARNING: [filemgmt 56-199] Attempt to get parsing info during refresh. "On-the-fly" syntax checking information may be incorrect. [C:\Users\prana\Downloads\Processor\Processor.srcs\sources_1\imports\Downloads\Proccessor\Proccessor.srcs\sources_1\imports\new\controlSignal.v:]
WARNING: [filemgmt 56-199] Attempt to get parsing info during refresh. "On-the-fly" syntax checking information may be incorrect. [C:\Users\prana\Downloads\Processor\Processor.srcs\sources_1\imports\Downloads\Proccessor\Proccessor.srcs\sources_1\new\IR.v:]
WARNING: [filemgmt 56-199] Attempt to get parsing info during refresh. "On-the-fly" syntax checking information may be incorrect. [C:\Users\prana\Downloads\Processor\Processor.srcs\sources_1\imports\Downloads\Proccessor\Proccessor.srcs\sources_1\new\IR.v:]
WARNING: [filemgmt 56-199] Attempt to get parsing info during refresh. "On-the-fly" syntax checking information may be incorrect. [C:\Users\prana\Downloads\Processor\Processor.srcs\sources_1\imports\Downloads\Proccessor\Proccessor.srcs\sources_1\new\IR.v:]
WARNING: [filemgmt 56-199] Attempt to get parsing info during refresh. "On-the-fly" syntax checking information may be incorrect. [C:\Users\prana\Downloads\Processor\Processor.srcs\sources_1\imports\Downloads\Proccessor\Proccessor.srcs\sources_1\imports\new\topModule.v:]
WARNING: [filemgmt 56-199] Attempt to get parsing info during refresh. "On-the-fly" syntax checking information may be incorrect. [C:\Users\prana\Downloads\Processor\Processor.srcs\sources_1\imports\Downloads\Proccessor\Proccessor.srcs\sources_1\imports\new\controlSignal.v:]
WARNING: [filemgmt 56-199] Attempt to get parsing info during refresh. "On-the-fly" syntax checking information may be incorrect. [C:\Users\prana\Downloads\Processor\Processor.srcs\sources_1\imports\Downloads\Proccessor\Proccessor.srcs\sources_1\imports\new\controlSignal.v:]
WARNING: [filemgmt 56-199] Attempt to get parsing info during refresh. "On-the-fly" syntax checking information may be incorrect. [C:\Users\prana\Downloads\Processor\Processor.srcs\sources_1\imports\Downloads\Proccessor\Proccessor.srcs\sources_1\imports\new\controlSignal.v:]
WARNING: [filemgmt 56-199] Attempt to get parsing info during refresh. "On-the-fly" syntax checking information may be incorrect. [C:\Users\prana\Downloads\Processor\Processor.srcs\sources_1\imports\Downloads\Proccessor\Proccessor.srcs\sources_1\new\IR.v:]
WARNING: [filemgmt 56-199] Attempt to get parsing info during refresh. "On-the-fly" syntax checking information may be incorrect. [C:\Users\prana\Downloads\Processor\Processor.srcs\sources_1\imports\Downloads\Proccessor\Proccessor.srcs\sources_1\imports\new\topModule.v:]
WARNING: [filemgmt 56-199] Attempt to get parsing info during refresh. "On-the-fly" syntax checking information may be incorrect. [C:\Users\prana\Downloads\Processor\Processor.srcs\sources_1\imports\Downloads\Proccessor\Proccessor.srcs\sources_1\imports\new\controlSignal.v:]
WARNING: [filemgmt 56-199] Attempt to get parsing info during refresh. "On-the-fly" syntax checking information may be incorrect. [C:\Users\prana\Downloads\Processor\Processor.srcs\sources_1\imports\Downloads\Proccessor\Proccessor.srcs\sources_1\new\IR.v:]
WARNING: [filemgmt 56-199] Attempt to get parsing info during refresh. "On-the-fly" syntax checking information may be incorrect. [C:\Users\prana\Downloads\Processor\Processor.srcs\sources_1\imports\Downloads\Proccessor\Proccessor.srcs\sources_1\new\IR.v:]
WARNING: [filemgmt 56-199] Attempt to get parsing info during refresh. "On-the-fly" syntax checking information may be incorrect. [C:\Users\prana\Downloads\Processor\Processor.srcs\sources_1\imports\Downloads\Proccessor\Proccessor.srcs\sources_1\new\IR.v:]
WARNING: [filemgmt 56-199] Attempt to get parsing info during refresh. "On-the-fly" syntax checking information may be incorrect. [C:\Users\prana\Downloads\Processor\Processor.srcs\sources_1\imports\Downloads\Proccessor\Proccessor.srcs\sources_1\imports\new\topModule.v:]
WARNING: [filemgmt 56-199] Attempt to get parsing info during refresh. "On-the-fly" syntax checking information may be incorrect. [C:\Users\prana\Downloads\Processor\Processor.srcs\sources_1\imports\Downloads\Proccessor\Proccessor.srcs\sources_1\imports\new\controlSignal.v:]
WARNING: [filemgmt 56-199] Attempt to get parsing info during refresh. "On-the-fly" syntax checking information may be incorrect. [C:\Users\prana\Downloads\Processor\Processor.srcs\sources_1\imports\Downloads\Proccessor\Proccessor.srcs\sources_1\imports\new\controlSignal.v:]
WARNING: [filemgmt 56-199] Attempt to get parsing info during refresh. "On-the-fly" syntax checking information may be incorrect. [C:\Users\prana\Downloads\Processor\Processor.srcs\sources_1\imports\Downloads\Proccessor\Proccessor.srcs\sources_1\imports\new\controlSignal.v:]
WARNING: [IP_Flow 19-4067] Ignoring invalid widget type specified checkbox.Providing a default widget
WARNING: [IP_Flow 19-4067] Ignoring invalid widget type specified checkbox.Providing a default widget
create_ip -name blk_mem_gen -vendor xilinx.com -library ip -version 8.4 -module_name mem_ram
set_property -dict [list \
  CONFIG.Write_Depth_A {256} \
  CONFIG.Write_Width_A {32} \
] [get_ips mem_ram]
generate_target {instantiation_template} [get_files c:/Users/prana/Downloads/Processor/Processor.srcs/sources_1/ip/mem_ram/mem_ram.xci]
INFO: [IP_Flow 19-1686] Generating 'Instantiation Template' target for IP 'mem_ram'...
WARNING: [filemgmt 56-199] Attempt to get parsing info during refresh. "On-the-fly" syntax checking information may be incorrect. [C:\Users\prana\Downloads\Processor\Processor.srcs\sources_1\imports\Downloads\Proccessor\Proccessor.srcs\sources_1\new\IR.v:]
WARNING: [filemgmt 56-199] Attempt to get parsing info during refresh. "On-the-fly" syntax checking information may be incorrect. [C:\Users\prana\Downloads\Processor\Processor.srcs\sources_1\imports\Downloads\Proccessor\Proccessor.srcs\sources_1\imports\new\topModule.v:]
WARNING: [filemgmt 56-199] Attempt to get parsing info during refresh. "On-the-fly" syntax checking information may be incorrect. [C:\Users\prana\Downloads\Processor\Processor.srcs\sources_1\imports\Downloads\Proccessor\Proccessor.srcs\sources_1\imports\new\controlSignal.v:]
WARNING: [filemgmt 56-199] Attempt to get parsing info during refresh. "On-the-fly" syntax checking information may be incorrect. [C:\Users\prana\Downloads\Processor\Processor.srcs\sources_1\imports\Downloads\Proccessor\Proccessor.srcs\sources_1\new\IR.v:]
WARNING: [filemgmt 56-199] Attempt to get parsing info during refresh. "On-the-fly" syntax checking information may be incorrect. [C:\Users\prana\Downloads\Processor\Processor.srcs\sources_1\imports\Downloads\Proccessor\Proccessor.srcs\sources_1\new\IR.v:]
WARNING: [filemgmt 56-199] Attempt to get parsing info during refresh. "On-the-fly" syntax checking information may be incorrect. [C:\Users\prana\Downloads\Processor\Processor.srcs\sources_1\imports\Downloads\Proccessor\Proccessor.srcs\sources_1\new\IR.v:]
WARNING: [filemgmt 56-199] Attempt to get parsing info during refresh. "On-the-fly" syntax checking information may be incorrect. [C:\Users\prana\Downloads\Processor\Processor.srcs\sources_1\imports\Downloads\Proccessor\Proccessor.srcs\sources_1\imports\new\topModule.v:]
WARNING: [filemgmt 56-199] Attempt to get parsing info during refresh. "On-the-fly" syntax checking information may be incorrect. [C:\Users\prana\Downloads\Processor\Processor.srcs\sources_1\imports\Downloads\Proccessor\Proccessor.srcs\sources_1\imports\new\controlSignal.v:]
WARNING: [filemgmt 56-199] Attempt to get parsing info during refresh. "On-the-fly" syntax checking information may be incorrect. [C:\Users\prana\Downloads\Processor\Processor.srcs\sources_1\imports\Downloads\Proccessor\Proccessor.srcs\sources_1\imports\new\controlSignal.v:]
WARNING: [filemgmt 56-199] Attempt to get parsing info during refresh. "On-the-fly" syntax checking information may be incorrect. [C:\Users\prana\Downloads\Processor\Processor.srcs\sources_1\imports\Downloads\Proccessor\Proccessor.srcs\sources_1\imports\new\controlSignal.v:]
WARNING: [filemgmt 56-199] Attempt to get parsing info during refresh. "On-the-fly" syntax checking information may be incorrect. [C:\Users\prana\Downloads\Processor\Processor.srcs\sources_1\imports\Downloads\Proccessor\Proccessor.srcs\sources_1\new\IR.v:]
WARNING: [filemgmt 56-199] Attempt to get parsing info during refresh. "On-the-fly" syntax checking information may be incorrect. [C:\Users\prana\Downloads\Processor\Processor.srcs\sources_1\imports\Downloads\Proccessor\Proccessor.srcs\sources_1\imports\new\topModule.v:]
WARNING: [filemgmt 56-199] Attempt to get parsing info during refresh. "On-the-fly" syntax checking information may be incorrect. [C:\Users\prana\Downloads\Processor\Processor.srcs\sources_1\imports\Downloads\Proccessor\Proccessor.srcs\sources_1\imports\new\controlSignal.v:]
WARNING: [filemgmt 56-199] Attempt to get parsing info during refresh. "On-the-fly" syntax checking information may be incorrect. [C:\Users\prana\Downloads\Processor\Processor.srcs\sources_1\imports\Downloads\Proccessor\Proccessor.srcs\sources_1\new\IR.v:]
WARNING: [filemgmt 56-199] Attempt to get parsing info during refresh. "On-the-fly" syntax checking information may be incorrect. [C:\Users\prana\Downloads\Processor\Processor.srcs\sources_1\imports\Downloads\Proccessor\Proccessor.srcs\sources_1\new\IR.v:]
WARNING: [filemgmt 56-199] Attempt to get parsing info during refresh. "On-the-fly" syntax checking information may be incorrect. [C:\Users\prana\Downloads\Processor\Processor.srcs\sources_1\imports\Downloads\Proccessor\Proccessor.srcs\sources_1\new\IR.v:]
WARNING: [filemgmt 56-199] Attempt to get parsing info during refresh. "On-the-fly" syntax checking information may be incorrect. [C:\Users\prana\Downloads\Processor\Processor.srcs\sources_1\imports\Downloads\Proccessor\Proccessor.srcs\sources_1\imports\new\topModule.v:]
WARNING: [filemgmt 56-199] Attempt to get parsing info during refresh. "On-the-fly" syntax checking information may be incorrect. [C:\Users\prana\Downloads\Processor\Processor.srcs\sources_1\imports\Downloads\Proccessor\Proccessor.srcs\sources_1\imports\new\controlSignal.v:]
WARNING: [filemgmt 56-199] Attempt to get parsing info during refresh. "On-the-fly" syntax checking information may be incorrect. [C:\Users\prana\Downloads\Processor\Processor.srcs\sources_1\imports\Downloads\Proccessor\Proccessor.srcs\sources_1\imports\new\controlSignal.v:]
WARNING: [filemgmt 56-199] Attempt to get parsing info during refresh. "On-the-fly" syntax checking information may be incorrect. [C:\Users\prana\Downloads\Processor\Processor.srcs\sources_1\imports\Downloads\Proccessor\Proccessor.srcs\sources_1\imports\new\controlSignal.v:]
update_compile_order -fileset sources_1
WARNING: [filemgmt 56-199] Attempt to get parsing info during refresh. "On-the-fly" syntax checking information may be incorrect. [C:\Users\prana\Downloads\Processor\Processor.srcs\sources_1\imports\Downloads\Proccessor\Proccessor.srcs\sources_1\new\IR.v:]
WARNING: [filemgmt 56-199] Attempt to get parsing info during refresh. "On-the-fly" syntax checking information may be incorrect. [C:\Users\prana\Downloads\Processor\Processor.srcs\sources_1\imports\Downloads\Proccessor\Proccessor.srcs\sources_1\imports\new\topModule.v:]
WARNING: [filemgmt 56-199] Attempt to get parsing info during refresh. "On-the-fly" syntax checking information may be incorrect. [C:\Users\prana\Downloads\Processor\Processor.srcs\sources_1\imports\Downloads\Proccessor\Proccessor.srcs\sources_1\imports\new\controlSignal.v:]
WARNING: [filemgmt 56-199] Attempt to get parsing info during refresh. "On-the-fly" syntax checking information may be incorrect. [C:\Users\prana\Downloads\Processor\Processor.srcs\sources_1\imports\Downloads\Proccessor\Proccessor.srcs\sources_1\new\IR.v:]
WARNING: [filemgmt 56-199] Attempt to get parsing info during refresh. "On-the-fly" syntax checking information may be incorrect. [C:\Users\prana\Downloads\Processor\Processor.srcs\sources_1\imports\Downloads\Proccessor\Proccessor.srcs\sources_1\new\IR.v:]
WARNING: [filemgmt 56-199] Attempt to get parsing info during refresh. "On-the-fly" syntax checking information may be incorrect. [C:\Users\prana\Downloads\Processor\Processor.srcs\sources_1\imports\Downloads\Proccessor\Proccessor.srcs\sources_1\new\IR.v:]
WARNING: [filemgmt 56-199] Attempt to get parsing info during refresh. "On-the-fly" syntax checking information may be incorrect. [C:\Users\prana\Downloads\Processor\Processor.srcs\sources_1\imports\Downloads\Proccessor\Proccessor.srcs\sources_1\imports\new\topModule.v:]
WARNING: [filemgmt 56-199] Attempt to get parsing info during refresh. "On-the-fly" syntax checking information may be incorrect. [C:\Users\prana\Downloads\Processor\Processor.srcs\sources_1\imports\Downloads\Proccessor\Proccessor.srcs\sources_1\imports\new\controlSignal.v:]
WARNING: [filemgmt 56-199] Attempt to get parsing info during refresh. "On-the-fly" syntax checking information may be incorrect. [C:\Users\prana\Downloads\Processor\Processor.srcs\sources_1\imports\Downloads\Proccessor\Proccessor.srcs\sources_1\imports\new\controlSignal.v:]
WARNING: [filemgmt 56-199] Attempt to get parsing info during refresh. "On-the-fly" syntax checking information may be incorrect. [C:\Users\prana\Downloads\Processor\Processor.srcs\sources_1\imports\Downloads\Proccessor\Proccessor.srcs\sources_1\imports\new\controlSignal.v:]
generate_target all [get_files  c:/Users/prana/Downloads/Processor/Processor.srcs/sources_1/ip/mem_ram/mem_ram.xci]
INFO: [IP_Flow 19-1686] Generating 'Synthesis' target for IP 'mem_ram'...
INFO: [IP_Flow 19-1686] Generating 'Simulation' target for IP 'mem_ram'...
INFO: [IP_Flow 19-1686] Generating 'Miscellaneous' target for IP 'mem_ram'...
INFO: [IP_Flow 19-1686] Generating 'Change Log' target for IP 'mem_ram'...
catch { config_ip_cache -export [get_ips -all mem_ram] }
INFO: [IP_Flow 19-6924] IPCACHE: Running cache check for IP inst: mem_ram
export_ip_user_files -of_objects [get_files c:/Users/prana/Downloads/Processor/Processor.srcs/sources_1/ip/mem_ram/mem_ram.xci] -no_script -sync -force -quiet
INFO: [Vivado 12-23855] The given sub-design is auto disabled, no action will be taken: 'c:/Users/prana/Downloads/Processor/Processor.srcs/sources_1/ip/mem_ram/mem_ram.xci'
export_simulation -of_objects [get_files c:/Users/prana/Downloads/Processor/Processor.srcs/sources_1/ip/mem_ram/mem_ram.xci] -directory C:/Users/prana/Downloads/Processor/Processor.ip_user_files/sim_scripts -ip_user_files_dir C:/Users/prana/Downloads/Processor/Processor.ip_user_files -ipstatic_source_dir C:/Users/prana/Downloads/Processor/Processor.ip_user_files/ipstatic -lib_map_path [list {modelsim=C:/Users/prana/Downloads/Processor/Processor.cache/compile_simlib/modelsim} {questa=C:/Users/prana/Downloads/Processor/Processor.cache/compile_simlib/questa} {riviera=C:/Users/prana/Downloads/Processor/Processor.cache/compile_simlib/riviera} {activehdl=C:/Users/prana/Downloads/Processor/Processor.cache/compile_simlib/activehdl}] -use_ip_compiled_libs -force -quiet
WARNING: [filemgmt 56-199] Attempt to get parsing info during refresh. "On-the-fly" syntax checking information may be incorrect. [C:\Users\prana\Downloads\Processor\Processor.srcs\sources_1\imports\Downloads\Proccessor\Proccessor.srcs\sources_1\new\IR.v:]
WARNING: [filemgmt 56-199] Attempt to get parsing info during refresh. "On-the-fly" syntax checking information may be incorrect. [C:\Users\prana\Downloads\Processor\Processor.srcs\sources_1\imports\Downloads\Proccessor\Proccessor.srcs\sources_1\imports\new\topModule.v:]
WARNING: [filemgmt 56-199] Attempt to get parsing info during refresh. "On-the-fly" syntax checking information may be incorrect. [C:\Users\prana\Downloads\Processor\Processor.srcs\sources_1\imports\Downloads\Proccessor\Proccessor.srcs\sources_1\imports\new\controlSignal.v:]
WARNING: [filemgmt 56-199] Attempt to get parsing info during refresh. "On-the-fly" syntax checking information may be incorrect. [C:\Users\prana\Downloads\Processor\Processor.srcs\sources_1\imports\Downloads\Proccessor\Proccessor.srcs\sources_1\new\IR.v:]
WARNING: [filemgmt 56-199] Attempt to get parsing info during refresh. "On-the-fly" syntax checking information may be incorrect. [C:\Users\prana\Downloads\Processor\Processor.srcs\sources_1\imports\Downloads\Proccessor\Proccessor.srcs\sources_1\new\IR.v:]
WARNING: [filemgmt 56-199] Attempt to get parsing info during refresh. "On-the-fly" syntax checking information may be incorrect. [C:\Users\prana\Downloads\Processor\Processor.srcs\sources_1\imports\Downloads\Proccessor\Proccessor.srcs\sources_1\new\IR.v:]
WARNING: [filemgmt 56-199] Attempt to get parsing info during refresh. "On-the-fly" syntax checking information may be incorrect. [C:\Users\prana\Downloads\Processor\Processor.srcs\sources_1\imports\Downloads\Proccessor\Proccessor.srcs\sources_1\imports\new\topModule.v:]
WARNING: [filemgmt 56-199] Attempt to get parsing info during refresh. "On-the-fly" syntax checking information may be incorrect. [C:\Users\prana\Downloads\Processor\Processor.srcs\sources_1\imports\Downloads\Proccessor\Proccessor.srcs\sources_1\imports\new\controlSignal.v:]
WARNING: [filemgmt 56-199] Attempt to get parsing info during refresh. "On-the-fly" syntax checking information may be incorrect. [C:\Users\prana\Downloads\Processor\Processor.srcs\sources_1\imports\Downloads\Proccessor\Proccessor.srcs\sources_1\imports\new\controlSignal.v:]
WARNING: [filemgmt 56-199] Attempt to get parsing info during refresh. "On-the-fly" syntax checking information may be incorrect. [C:\Users\prana\Downloads\Processor\Processor.srcs\sources_1\imports\Downloads\Proccessor\Proccessor.srcs\sources_1\imports\new\controlSignal.v:]
update_compile_order -fileset sources_1
WARNING: [filemgmt 56-199] Attempt to get parsing info during refresh. "On-the-fly" syntax checking information may be incorrect. [C:\Users\prana\Downloads\Processor\Processor.srcs\sources_1\imports\Downloads\Proccessor\Proccessor.srcs\sources_1\new\IR.v:]
WARNING: [filemgmt 56-199] Attempt to get parsing info during refresh. "On-the-fly" syntax checking information may be incorrect. [C:\Users\prana\Downloads\Processor\Processor.srcs\sources_1\imports\Downloads\Proccessor\Proccessor.srcs\sources_1\imports\new\topModule.v:]
WARNING: [filemgmt 56-199] Attempt to get parsing info during refresh. "On-the-fly" syntax checking information may be incorrect. [C:\Users\prana\Downloads\Processor\Processor.srcs\sources_1\imports\Downloads\Proccessor\Proccessor.srcs\sources_1\imports\new\controlSignal.v:]
WARNING: [filemgmt 56-199] Attempt to get parsing info during refresh. "On-the-fly" syntax checking information may be incorrect. [C:\Users\prana\Downloads\Processor\Processor.srcs\sources_1\imports\Downloads\Proccessor\Proccessor.srcs\sources_1\new\IR.v:]
WARNING: [filemgmt 56-199] Attempt to get parsing info during refresh. "On-the-fly" syntax checking information may be incorrect. [C:\Users\prana\Downloads\Processor\Processor.srcs\sources_1\imports\Downloads\Proccessor\Proccessor.srcs\sources_1\new\IR.v:]
WARNING: [filemgmt 56-199] Attempt to get parsing info during refresh. "On-the-fly" syntax checking information may be incorrect. [C:\Users\prana\Downloads\Processor\Processor.srcs\sources_1\imports\Downloads\Proccessor\Proccessor.srcs\sources_1\new\IR.v:]
WARNING: [filemgmt 56-199] Attempt to get parsing info during refresh. "On-the-fly" syntax checking information may be incorrect. [C:\Users\prana\Downloads\Processor\Processor.srcs\sources_1\imports\Downloads\Proccessor\Proccessor.srcs\sources_1\imports\new\topModule.v:]
WARNING: [filemgmt 56-199] Attempt to get parsing info during refresh. "On-the-fly" syntax checking information may be incorrect. [C:\Users\prana\Downloads\Processor\Processor.srcs\sources_1\imports\Downloads\Proccessor\Proccessor.srcs\sources_1\imports\new\controlSignal.v:]
WARNING: [filemgmt 56-199] Attempt to get parsing info during refresh. "On-the-fly" syntax checking information may be incorrect. [C:\Users\prana\Downloads\Processor\Processor.srcs\sources_1\imports\Downloads\Proccessor\Proccessor.srcs\sources_1\imports\new\controlSignal.v:]
WARNING: [filemgmt 56-199] Attempt to get parsing info during refresh. "On-the-fly" syntax checking information may be incorrect. [C:\Users\prana\Downloads\Processor\Processor.srcs\sources_1\imports\Downloads\Proccessor\Proccessor.srcs\sources_1\imports\new\controlSignal.v:]
reset_run synth_1
reset_run mem_rom_synth_1
launch_runs impl_1 -to_step write_bitstream -jobs 4
INFO: [IP_Flow 19-6924] IPCACHE: Running cache check for IP inst: mem_ram
WARNING: [filemgmt 56-199] Attempt to get parsing info during refresh. "On-the-fly" syntax checking information may be incorrect. [C:\Users\prana\Downloads\Processor\Processor.srcs\sources_1\imports\Downloads\Proccessor\Proccessor.srcs\sources_1\new\IR.v:]
WARNING: [filemgmt 56-199] Attempt to get parsing info during refresh. "On-the-fly" syntax checking information may be incorrect. [C:\Users\prana\Downloads\Processor\Processor.srcs\sources_1\imports\Downloads\Proccessor\Proccessor.srcs\sources_1\imports\new\topModule.v:]
WARNING: [filemgmt 56-199] Attempt to get parsing info during refresh. "On-the-fly" syntax checking information may be incorrect. [C:\Users\prana\Downloads\Processor\Processor.srcs\sources_1\imports\Downloads\Proccessor\Proccessor.srcs\sources_1\imports\new\controlSignal.v:]
WARNING: [filemgmt 56-199] Attempt to get parsing info during refresh. "On-the-fly" syntax checking information may be incorrect. [C:\Users\prana\Downloads\Processor\Processor.srcs\sources_1\imports\Downloads\Proccessor\Proccessor.srcs\sources_1\imports\new\controlSignal.v:]
WARNING: [filemgmt 56-199] Attempt to get parsing info during refresh. "On-the-fly" syntax checking information may be incorrect. [C:\Users\prana\Downloads\Processor\Processor.srcs\sources_1\imports\Downloads\Proccessor\Proccessor.srcs\sources_1\imports\new\controlSignal.v:]
[Mon Nov 11 21:31:17 2024] Launched mem_rom_synth_1, mem_ram_synth_1, synth_1...
Run output will be captured here:
mem_rom_synth_1: C:/Users/prana/Downloads/Processor/Processor.runs/mem_rom_synth_1/runme.log
mem_ram_synth_1: C:/Users/prana/Downloads/Processor/Processor.runs/mem_ram_synth_1/runme.log
synth_1: C:/Users/prana/Downloads/Processor/Processor.runs/synth_1/runme.log
[Mon Nov 11 21:31:18 2024] Launched impl_1...
Run output will be captured here: C:/Users/prana/Downloads/Processor/Processor.runs/impl_1/runme.log
WARNING: [filemgmt 56-199] Attempt to get parsing info during refresh. "On-the-fly" syntax checking information may be incorrect. [C:\Users\prana\Downloads\Processor\Processor.srcs\sources_1\imports\Downloads\Proccessor\Proccessor.srcs\sources_1\new\IR.v:]
WARNING: [filemgmt 56-199] Attempt to get parsing info during refresh. "On-the-fly" syntax checking information may be incorrect. [C:\Users\prana\Downloads\Processor\Processor.srcs\sources_1\imports\Downloads\Proccessor\Proccessor.srcs\sources_1\imports\new\topModule.v:]
WARNING: [filemgmt 56-199] Attempt to get parsing info during refresh. "On-the-fly" syntax checking information may be incorrect. [C:\Users\prana\Downloads\Processor\Processor.srcs\sources_1\imports\Downloads\Proccessor\Proccessor.srcs\sources_1\imports\new\controlSignal.v:]
WARNING: [filemgmt 56-199] Attempt to get parsing info during refresh. "On-the-fly" syntax checking information may be incorrect. [C:\Users\prana\Downloads\Processor\Processor.srcs\sources_1\imports\Downloads\Proccessor\Proccessor.srcs\sources_1\new\IR.v:]
WARNING: [filemgmt 56-199] Attempt to get parsing info during refresh. "On-the-fly" syntax checking information may be incorrect. [C:\Users\prana\Downloads\Processor\Processor.srcs\sources_1\imports\Downloads\Proccessor\Proccessor.srcs\sources_1\new\IR.v:]
WARNING: [filemgmt 56-199] Attempt to get parsing info during refresh. "On-the-fly" syntax checking information may be incorrect. [C:\Users\prana\Downloads\Processor\Processor.srcs\sources_1\imports\Downloads\Proccessor\Proccessor.srcs\sources_1\new\IR.v:]
WARNING: [filemgmt 56-199] Attempt to get parsing info during refresh. "On-the-fly" syntax checking information may be incorrect. [C:\Users\prana\Downloads\Processor\Processor.srcs\sources_1\imports\Downloads\Proccessor\Proccessor.srcs\sources_1\imports\new\topModule.v:]
WARNING: [filemgmt 56-199] Attempt to get parsing info during refresh. "On-the-fly" syntax checking information may be incorrect. [C:\Users\prana\Downloads\Processor\Processor.srcs\sources_1\imports\Downloads\Proccessor\Proccessor.srcs\sources_1\imports\new\controlSignal.v:]
WARNING: [filemgmt 56-199] Attempt to get parsing info during refresh. "On-the-fly" syntax checking information may be incorrect. [C:\Users\prana\Downloads\Processor\Processor.srcs\sources_1\imports\Downloads\Proccessor\Proccessor.srcs\sources_1\imports\new\topModule.v:]
WARNING: [filemgmt 56-199] Attempt to get parsing info during refresh. "On-the-fly" syntax checking information may be incorrect. [C:\Users\prana\Downloads\Processor\Processor.srcs\sources_1\imports\Downloads\Proccessor\Proccessor.srcs\sources_1\imports\new\topModule.v:]
WARNING: [filemgmt 56-199] Attempt to get parsing info during refresh. "On-the-fly" syntax checking information may be incorrect. [C:\Users\prana\Downloads\Processor\Processor.srcs\sources_1\imports\Downloads\Proccessor\Proccessor.srcs\sources_1\new\IR.v:]
WARNING: [filemgmt 56-199] Attempt to get parsing info during refresh. "On-the-fly" syntax checking information may be incorrect. [C:\Users\prana\Downloads\Processor\Processor.srcs\sources_1\imports\Downloads\Proccessor\Proccessor.srcs\sources_1\imports\new\topModule.v:]
WARNING: [filemgmt 56-199] Attempt to get parsing info during refresh. "On-the-fly" syntax checking information may be incorrect. [C:\Users\prana\Downloads\Processor\Processor.srcs\sources_1\imports\Downloads\Proccessor\Proccessor.srcs\sources_1\imports\new\controlSignal.v:]
WARNING: [filemgmt 56-199] Attempt to get parsing info during refresh. "On-the-fly" syntax checking information may be incorrect. [C:\Users\prana\Downloads\Processor\Processor.srcs\sources_1\imports\Downloads\Proccessor\Proccessor.srcs\sources_1\new\IR.v:]
WARNING: [filemgmt 56-199] Attempt to get parsing info during refresh. "On-the-fly" syntax checking information may be incorrect. [C:\Users\prana\Downloads\Processor\Processor.srcs\sources_1\imports\Downloads\Proccessor\Proccessor.srcs\sources_1\new\IR.v:]
ERROR: [Common 17-180] Spawn failed: No error
WARNING: [filemgmt 56-199] Attempt to get parsing info during refresh. "On-the-fly" syntax checking information may be incorrect. [C:\Users\prana\Downloads\Processor\Processor.srcs\sources_1\imports\Downloads\Proccessor\Proccessor.srcs\sources_1\new\IR.v:]
WARNING: [filemgmt 56-199] Attempt to get parsing info during refresh. "On-the-fly" syntax checking information may be incorrect. [C:\Users\prana\Downloads\Processor\Processor.srcs\sources_1\imports\Downloads\Proccessor\Proccessor.srcs\sources_1\imports\new\topModule.v:]
WARNING: [filemgmt 56-199] Attempt to get parsing info during refresh. "On-the-fly" syntax checking information may be incorrect. [C:\Users\prana\Downloads\Processor\Processor.srcs\sources_1\imports\Downloads\Proccessor\Proccessor.srcs\sources_1\imports\new\controlSignal.v:]
WARNING: [filemgmt 56-199] Attempt to get parsing info during refresh. "On-the-fly" syntax checking information may be incorrect. [C:\Users\prana\Downloads\Processor\Processor.srcs\sources_1\imports\Downloads\Proccessor\Proccessor.srcs\sources_1\new\IR.v:]
WARNING: [filemgmt 56-199] Attempt to get parsing info during refresh. "On-the-fly" syntax checking information may be incorrect. [C:\Users\prana\Downloads\Processor\Processor.srcs\sources_1\imports\Downloads\Proccessor\Proccessor.srcs\sources_1\new\IR.v:]
WARNING: [filemgmt 56-199] Attempt to get parsing info during refresh. "On-the-fly" syntax checking information may be incorrect. [C:\Users\prana\Downloads\Processor\Processor.srcs\sources_1\imports\Downloads\Proccessor\Proccessor.srcs\sources_1\new\IR.v:]
WARNING: [filemgmt 56-199] Attempt to get parsing info during refresh. "On-the-fly" syntax checking information may be incorrect. [C:\Users\prana\Downloads\Processor\Processor.srcs\sources_1\imports\Downloads\Proccessor\Proccessor.srcs\sources_1\imports\new\topModule.v:]
WARNING: [filemgmt 56-199] Attempt to get parsing info during refresh. "On-the-fly" syntax checking information may be incorrect. [C:\Users\prana\Downloads\Processor\Processor.srcs\sources_1\imports\Downloads\Proccessor\Proccessor.srcs\sources_1\imports\new\controlSignal.v:]
WARNING: [filemgmt 56-199] Attempt to get parsing info during refresh. "On-the-fly" syntax checking information may be incorrect. [C:\Users\prana\Downloads\Processor\Processor.srcs\sources_1\imports\Downloads\Proccessor\Proccessor.srcs\sources_1\imports\new\controlSignal.v:]
WARNING: [filemgmt 56-199] Attempt to get parsing info during refresh. "On-the-fly" syntax checking information may be incorrect. [C:\Users\prana\Downloads\Processor\Processor.srcs\sources_1\imports\Downloads\Proccessor\Proccessor.srcs\sources_1\imports\new\controlSignal.v:]
open_hw_manager
launch_simulation
Command: launch_simulation 
INFO: [Vivado 12-12493] Simulation top is 'testSMALL'
WARNING: [Vivado 12-13340] Unable to auto find GCC executables from simulator install path! (path not set)
INFO: [Vivado 12-5698] Checking validity of IPs in the design for the 'XSim' simulator...
INFO: [Vivado 12-5682] Launching behavioral simulation in 'C:/Users/prana/Downloads/Processor/Processor.sim/sim_1/behav/xsim'
INFO: [Vivado 12-4795] Using compiled simulation libraries for IPs
INFO: [SIM-utils-51] Simulation object is 'sim_1'
INFO: [SIM-utils-72] Using boost library from 'C:/Xilinx/Vivado/2024.1/tps/boost_1_72_0'
INFO: [USF-XSim-7] Finding pre-compiled libraries...
INFO: [USF-XSim-11] File 'C:/Xilinx/Vivado/2024.1/data/xsim/xsim.ini' copied to run dir:'C:/Users/prana/Downloads/Processor/Processor.sim/sim_1/behav/xsim'
INFO: [SIM-utils-54] Inspecting design source files for 'testSMALL' in fileset 'sim_1'...
INFO: [SIM-utils-43] Exported 'C:/Users/prana/Downloads/Processor/Processor.sim/sim_1/behav/xsim/mem_rom.mif'
INFO: [SIM-utils-43] Exported 'C:/Users/prana/Downloads/Processor/Processor.sim/sim_1/behav/xsim/sumtilln.coe'
INFO: [USF-XSim-97] Finding global include files...
INFO: [USF-XSim-98] Fetching design files from 'sim_1'...
INFO: [USF-XSim-2] XSim::Compile design
INFO: [USF-XSim-61] Executing 'COMPILE and ANALYZE' step in 'C:/Users/prana/Downloads/Processor/Processor.sim/sim_1/behav/xsim'
"xvlog --incr --relax -prj testSMALL_vlog.prj"
INFO: [VRFC 10-2263] Analyzing Verilog file "C:/Users/prana/Downloads/Processor/Processor.gen/sources_1/ip/mem_ram/sim/mem_ram.v" into library xil_defaultlib
INFO: [VRFC 10-311] analyzing module mem_ram
INFO: [VRFC 10-2263] Analyzing Verilog file "C:/Users/prana/Downloads/Processor/Processor.gen/sources_1/ip/mem_rom/sim/mem_rom.v" into library xil_defaultlib
INFO: [VRFC 10-311] analyzing module mem_rom
INFO: [VRFC 10-2263] Analyzing Verilog file "C:/Users/prana/Downloads/Processor/Processor.srcs/sources_1/imports/Downloads/Proccessor/Proccessor.srcs/sources_1/new/IR.v" into library xil_defaultlib
INFO: [VRFC 10-311] analyzing module IR
INFO: [VRFC 10-2263] Analyzing Verilog file "C:/Users/prana/Downloads/Processor/Processor.srcs/sources_1/imports/Downloads/Proccessor/Proccessor.srcs/sources_1/imports/new/LUI.v" into library xil_defaultlib
INFO: [VRFC 10-311] analyzing module LUI
INFO: [VRFC 10-2263] Analyzing Verilog file "C:/Users/prana/Downloads/Processor/Processor.srcs/sources_1/imports/Downloads/Proccessor/Proccessor.srcs/sources_1/imports/new/RegBank.v" into library xil_defaultlib
INFO: [VRFC 10-311] analyzing module register
INFO: [VRFC 10-311] analyzing module regBank
INFO: [VRFC 10-2263] Analyzing Verilog file "C:/Users/prana/Downloads/Processor/Processor.srcs/sources_1/imports/Downloads/Proccessor/Proccessor.srcs/sources_1/imports/new/SGT.v" into library xil_defaultlib
INFO: [VRFC 10-311] analyzing module SGT
INFO: [VRFC 10-2263] Analyzing Verilog file "C:/Users/prana/Downloads/Processor/Processor.srcs/sources_1/imports/Downloads/Proccessor/Proccessor.srcs/sources_1/imports/new/SLT.v" into library xil_defaultlib
INFO: [VRFC 10-311] analyzing module SLT
INFO: [VRFC 10-2263] Analyzing Verilog file "C:/Users/prana/Downloads/Processor/Processor.srcs/sources_1/imports/Downloads/Proccessor/Proccessor.srcs/sources_1/new/SignE.v" into library xil_defaultlib
INFO: [VRFC 10-311] analyzing module SignE
INFO: [VRFC 10-2263] Analyzing Verilog file "C:/Users/prana/Downloads/Processor/Processor.srcs/sources_1/imports/Downloads/Proccessor/Proccessor.srcs/sources_1/imports/new/adder.v" into library xil_defaultlib
INFO: [VRFC 10-311] analyzing module adder
INFO: [VRFC 10-311] analyzing module fullAdder32
INFO: [VRFC 10-311] analyzing module fullAdder8
INFO: [VRFC 10-311] analyzing module fullAdder
INFO: [VRFC 10-2263] Analyzing Verilog file "C:/Users/prana/Downloads/Processor/Processor.srcs/sources_1/imports/Downloads/Proccessor/Proccessor.srcs/sources_1/imports/new/bitwiseAND.v" into library xil_defaultlib
INFO: [VRFC 10-311] analyzing module bitwiseAND
INFO: [VRFC 10-2263] Analyzing Verilog file "C:/Users/prana/Downloads/Processor/Processor.srcs/sources_1/imports/Downloads/Proccessor/Proccessor.srcs/sources_1/imports/new/bitwiseNOR.v" into library xil_defaultlib
INFO: [VRFC 10-311] analyzing module bitwiseNOR
INFO: [VRFC 10-2263] Analyzing Verilog file "C:/Users/prana/Downloads/Processor/Processor.srcs/sources_1/imports/Downloads/Proccessor/Proccessor.srcs/sources_1/imports/new/bitwiseNOT.v" into library xil_defaultlib
INFO: [VRFC 10-311] analyzing module bitwiseNOT
INFO: [VRFC 10-2263] Analyzing Verilog file "C:/Users/prana/Downloads/Processor/Processor.srcs/sources_1/imports/Downloads/Proccessor/Proccessor.srcs/sources_1/imports/new/bitwiseOR.v" into library xil_defaultlib
INFO: [VRFC 10-311] analyzing module bitwiseOR
INFO: [VRFC 10-2263] Analyzing Verilog file "C:/Users/prana/Downloads/Processor/Processor.srcs/sources_1/imports/Downloads/Proccessor/Proccessor.srcs/sources_1/imports/new/bitwiseXOR.v" into library xil_defaultlib
INFO: [VRFC 10-311] analyzing module bitwiseXOR
INFO: [VRFC 10-2263] Analyzing Verilog file "C:/Users/prana/Downloads/Processor/Processor.srcs/sources_1/new/clkDiv.v" into library xil_defaultlib
INFO: [VRFC 10-311] analyzing module clkDiv
INFO: [VRFC 10-2263] Analyzing Verilog file "C:/Users/prana/Downloads/Processor/Processor.srcs/sources_1/imports/Downloads/Proccessor/Proccessor.srcs/sources_1/new/cond_check.v" into library xil_defaultlib
INFO: [VRFC 10-311] analyzing module cond_check
INFO: [VRFC 10-2263] Analyzing Verilog file "C:/Users/prana/Downloads/Processor/Processor.srcs/sources_1/imports/Downloads/Proccessor/Proccessor.srcs/sources_1/imports/new/controlSignal.v" into library xil_defaultlib
INFO: [VRFC 10-311] analyzing module controlSignal
INFO: [VRFC 10-2263] Analyzing Verilog file "C:/Users/prana/Downloads/Processor/Processor.srcs/sources_1/imports/Downloads/Proccessor/Proccessor.srcs/sources_1/imports/new/decA.v" into library xil_defaultlib
INFO: [VRFC 10-311] analyzing module decA
INFO: [VRFC 10-2263] Analyzing Verilog file "C:/Users/prana/Downloads/Processor/Processor.srcs/sources_1/imports/Downloads/Proccessor/Proccessor.srcs/sources_1/imports/new/hamA.v" into library xil_defaultlib
INFO: [VRFC 10-311] analyzing module fullAdder2
INFO: [VRFC 10-311] analyzing module fullAdder3
INFO: [VRFC 10-311] analyzing module hamA_8
INFO: [VRFC 10-311] analyzing module hamA
INFO: [VRFC 10-2263] Analyzing Verilog file "C:/Users/prana/Downloads/Processor/Processor.srcs/sources_1/imports/Downloads/Proccessor/Proccessor.srcs/sources_1/imports/new/incA.v" into library xil_defaultlib
INFO: [VRFC 10-311] analyzing module incA
INFO: [VRFC 10-2263] Analyzing Verilog file "C:/Users/prana/Downloads/Processor/Processor.srcs/sources_1/imports/Downloads/Proccessor/Proccessor.srcs/sources_1/imports/new/leftShift.v" into library xil_defaultlib
INFO: [VRFC 10-311] analyzing module leftShift
INFO: [VRFC 10-311] analyzing module leftShift32
INFO: [VRFC 10-2263] Analyzing Verilog file "C:/Users/prana/Downloads/Processor/Processor.srcs/sources_1/imports/Downloads/Proccessor/Proccessor.srcs/sources_1/imports/new/main.v" into library xil_defaultlib
INFO: [VRFC 10-311] analyzing module kALU
INFO: [VRFC 10-2263] Analyzing Verilog file "C:/Users/prana/Downloads/Processor/Processor.srcs/sources_1/imports/Downloads/Proccessor/Proccessor.srcs/sources_1/imports/new/mux.v" into library xil_defaultlib
INFO: [VRFC 10-311] analyzing module mux32to1_bitwise
INFO: [VRFC 10-311] analyzing module mux32to1
INFO: [VRFC 10-311] analyzing module mux16to1_bitwise
INFO: [VRFC 10-311] analyzing module mux16to1
INFO: [VRFC 10-311] analyzing module mux8to1_bitwise
INFO: [VRFC 10-311] analyzing module mux8to1
INFO: [VRFC 10-311] analyzing module mux4to1
INFO: [VRFC 10-311] analyzing module mux2to1
INFO: [VRFC 10-2263] Analyzing Verilog file "C:/Users/prana/Downloads/Processor/Processor.srcs/sources_1/imports/Downloads/Proccessor/Proccessor.srcs/sources_1/new/mux.v" into library xil_defaultlib
INFO: [VRFC 10-311] analyzing module mux
INFO: [VRFC 10-2263] Analyzing Verilog file "C:/Users/prana/Downloads/Processor/Processor.srcs/sources_1/imports/Downloads/Proccessor/Proccessor.srcs/sources_1/imports/new/rightShift_A.v" into library xil_defaultlib
INFO: [VRFC 10-311] analyzing module rightShift_A
INFO: [VRFC 10-311] analyzing module rightShift_A32
INFO: [VRFC 10-2263] Analyzing Verilog file "C:/Users/prana/Downloads/Processor/Processor.srcs/sources_1/imports/Downloads/Proccessor/Proccessor.srcs/sources_1/imports/new/rightShift_L.v" into library xil_defaultlib
INFO: [VRFC 10-311] analyzing module rightShift_L
INFO: [VRFC 10-311] analyzing module rightShift_L32
INFO: [VRFC 10-2263] Analyzing Verilog file "C:/Users/prana/Downloads/Processor/Processor.srcs/sources_1/imports/Downloads/Proccessor/Proccessor.srcs/sources_1/imports/new/subtractor.v" into library xil_defaultlib
INFO: [VRFC 10-311] analyzing module subtract
INFO: [VRFC 10-311] analyzing module fullSubtract32
INFO: [VRFC 10-311] analyzing module fullSubtract8
INFO: [VRFC 10-311] analyzing module fullSubtract
INFO: [VRFC 10-2263] Analyzing Verilog file "C:/Users/prana/Downloads/Processor/Processor.srcs/sources_1/imports/Downloads/Proccessor/Proccessor.srcs/sources_1/imports/new/topModule.v" into library xil_defaultlib
INFO: [VRFC 10-311] analyzing module topModule
INFO: [VRFC 10-2263] Analyzing Verilog file "C:/Users/prana/Downloads/Processor/Processor.srcs/sim_1/imports/new/testSMALL.v" into library xil_defaultlib
INFO: [VRFC 10-311] analyzing module testSMALL
INFO: [VRFC 10-2263] Analyzing Verilog file "C:/Users/prana/Downloads/Processor/Processor.sim/sim_1/behav/xsim/glbl.v" into library xil_defaultlib
INFO: [VRFC 10-311] analyzing module glbl
run_program: Time (s): cpu = 00:00:00 ; elapsed = 00:00:06 . Memory (MB): peak = 1533.973 ; gain = 0.000
INFO: [USF-XSim-69] 'compile' step finished in '6' seconds
INFO: [USF-XSim-3] XSim::Elaborate design
INFO: [USF-XSim-61] Executing 'ELABORATE' step in 'C:/Users/prana/Downloads/Processor/Processor.sim/sim_1/behav/xsim'
"xelab --incr --debug typical --relax --mt 2 -L xil_defaultlib -L blk_mem_gen_v8_4_8 -L unisims_ver -L unimacro_ver -L secureip -L xpm --snapshot testSMALL_behav xil_defaultlib.testSMALL xil_defaultlib.glbl -log elaborate.log"
Vivado Simulator v2024.1
Copyright 1986-2022 Xilinx, Inc. All Rights Reserved.
Copyright 2022-2024 Advanced Micro Devices, Inc. All Rights Reserved.
Running: C:/Xilinx/Vivado/2024.1/bin/unwrapped/win64.o/xelab.exe --incr --debug typical --relax --mt 2 -L xil_defaultlib -L blk_mem_gen_v8_4_8 -L unisims_ver -L unimacro_ver -L secureip -L xpm --snapshot testSMALL_behav xil_defaultlib.testSMALL xil_defaultlib.glbl -log elaborate.log 
Using 2 slave threads.
Starting static elaboration
Pass Through NonSizing Optimizer
Completed static elaboration
Starting simulation data flow analysis
Completed simulation data flow analysis
Time Resolution for simulation is 1ps
Compiling module xil_defaultlib.clkDiv
Compiling module xil_defaultlib.controlSignal
Compiling module blk_mem_gen_v8_4_8.blk_mem_gen_v8_4_8_output_stage(...
Compiling module blk_mem_gen_v8_4_8.blk_mem_gen_v8_4_8_output_stage(...
Compiling module blk_mem_gen_v8_4_8.blk_mem_gen_v8_4_8_softecc_outpu...
Compiling module blk_mem_gen_v8_4_8.blk_mem_gen_v8_4_8_mem_module(C_...
Compiling module blk_mem_gen_v8_4_8.blk_mem_gen_v8_4_8(C_FAMILY="art...
Compiling module xil_defaultlib.mem_rom
Compiling module xil_defaultlib.IR
Compiling module xil_defaultlib.register
Compiling module xil_defaultlib.regBank
Compiling module xil_defaultlib.mux
Compiling module xil_defaultlib.fullAdder
Compiling module xil_defaultlib.fullAdder8
Compiling module xil_defaultlib.fullAdder32
Compiling module xil_defaultlib.adder
Compiling module xil_defaultlib.fullSubtract
Compiling module xil_defaultlib.fullSubtract8
Compiling module xil_defaultlib.fullSubtract32
Compiling module xil_defaultlib.subtract
Compiling module xil_defaultlib.SLT
Compiling module xil_defaultlib.SGT
Compiling module xil_defaultlib.bitwiseAND
Compiling module xil_defaultlib.bitwiseOR
Compiling module xil_defaultlib.bitwiseXOR
Compiling module xil_defaultlib.bitwiseNOT
Compiling module xil_defaultlib.bitwiseNOR
Compiling module xil_defaultlib.LUI
Compiling module xil_defaultlib.mux4to1
Compiling module xil_defaultlib.mux16to1
Compiling module xil_defaultlib.mux2to1
Compiling module xil_defaultlib.mux32to1_bitwise
Compiling module xil_defaultlib.leftShift32
Compiling module xil_defaultlib.leftShift
Compiling module xil_defaultlib.rightShift_L32
Compiling module xil_defaultlib.rightShift_L
Compiling module xil_defaultlib.rightShift_A32
Compiling module xil_defaultlib.rightShift_A
Compiling module xil_defaultlib.incA
Compiling module xil_defaultlib.decA
Compiling module xil_defaultlib.fullAdder2
Compiling module xil_defaultlib.fullAdder3
Compiling module xil_defaultlib.hamA_8
Compiling module xil_defaultlib.hamA
Compiling module xil_defaultlib.mux8to1
Compiling module xil_defaultlib.mux16to1_bitwise
Compiling module xil_defaultlib.kALU
Compiling module blk_mem_gen_v8_4_8.blk_mem_gen_v8_4_8_mem_module(C_...
Compiling module blk_mem_gen_v8_4_8.blk_mem_gen_v8_4_8(C_FAMILY="art...
Compiling module xil_defaultlib.mem_ram
Compiling module xil_defaultlib.SignE
Compiling module xil_defaultlib.cond_check
Compiling module xil_defaultlib.topModule
Compiling module xil_defaultlib.testSMALL
Compiling module xil_defaultlib.glbl
Built simulation snapshot testSMALL_behav
run_program: Time (s): cpu = 00:00:00 ; elapsed = 00:00:08 . Memory (MB): peak = 1533.973 ; gain = 0.000
INFO: [USF-XSim-69] 'elaborate' step finished in '8' seconds
INFO: [USF-XSim-4] XSim::Simulate design
INFO: [USF-XSim-61] Executing 'SIMULATE' step in 'C:/Users/prana/Downloads/Processor/Processor.sim/sim_1/behav/xsim'
INFO: [USF-XSim-98] *** Running xsim
   with args "testSMALL_behav -key {Behavioral:sim_1:Functional:testSMALL} -tclbatch {testSMALL.tcl} -log {simulate.log}"
INFO: [USF-XSim-8] Loading simulator feature
Time resolution is 1 ps
source testSMALL.tcl
# set curr_wave [current_wave_config]
# if { [string length $curr_wave] == 0 } {
#   if { [llength [get_objects]] > 0} {
#     add_wave /
#     set_property needs_save false [current_wave_config]
#   } else {
#      send_msg_id Add_Wave-1 WARNING "No top level signals found. Simulator will start without a wave window. If you want to open a wave window go to 'File->New Waveform Configuration' or type 'create_wave_config' in the TCL console."
#   }
# }
# run 1000ns
 Block Memory Generator module loading initial data...
 Block Memory Generator data initialization complete.
Block Memory Generator module testSMALL.T.InstructionMemory.inst.native_mem_module.blk_mem_gen_v8_4_8_inst is using a behavioral model for simulation which will not precisely model memory collision behavior.
Block Memory Generator module testSMALL.T.DataMemory.inst.native_mem_module.blk_mem_gen_v8_4_8_inst is using a behavioral model for simulation which will not precisely model memory collision behavior.
INFO: [USF-XSim-96] XSim completed. Design snapshot 'testSMALL_behav' loaded.
INFO: [USF-XSim-97] XSim simulation ran for 1000ns
launch_simulation: Time (s): cpu = 00:00:02 ; elapsed = 00:00:19 . Memory (MB): peak = 1594.164 ; gain = 60.191
relaunch_sim
Command: launch_simulation -step compile -simset sim_1 -mode behavioral
INFO: [Vivado 12-12493] Simulation top is 'testSMALL'
WARNING: [Vivado 12-13340] Unable to auto find GCC executables from simulator install path! (path not set)
INFO: [Vivado 12-5698] Checking validity of IPs in the design for the 'XSim' simulator...
INFO: [Vivado 12-5682] Launching behavioral simulation in 'C:/Users/prana/Downloads/Processor/Processor.sim/sim_1/behav/xsim'
INFO: [Vivado 12-4795] Using compiled simulation libraries for IPs
INFO: [SIM-utils-51] Simulation object is 'sim_1'
INFO: [SIM-utils-72] Using boost library from 'C:/Xilinx/Vivado/2024.1/tps/boost_1_72_0'
INFO: [USF-XSim-7] Finding pre-compiled libraries...
INFO: [USF-XSim-11] File 'C:/Xilinx/Vivado/2024.1/data/xsim/xsim.ini' copied to run dir:'C:/Users/prana/Downloads/Processor/Processor.sim/sim_1/behav/xsim'
INFO: [SIM-utils-54] Inspecting design source files for 'testSMALL' in fileset 'sim_1'...
INFO: [SIM-utils-43] Exported 'C:/Users/prana/Downloads/Processor/Processor.sim/sim_1/behav/xsim/mem_rom.mif'
INFO: [SIM-utils-43] Exported 'C:/Users/prana/Downloads/Processor/Processor.sim/sim_1/behav/xsim/sumtilln.coe'
INFO: [USF-XSim-97] Finding global include files...
INFO: [USF-XSim-98] Fetching design files from 'sim_1'...
INFO: [USF-XSim-2] XSim::Compile design
INFO: [USF-XSim-61] Executing 'COMPILE and ANALYZE' step in 'C:/Users/prana/Downloads/Processor/Processor.sim/sim_1/behav/xsim'
"xvlog --incr --relax -prj testSMALL_vlog.prj"
INFO: [USF-XSim-69] 'compile' step finished in '2' seconds
Command: launch_simulation -step elaborate -simset sim_1 -mode behavioral
INFO: [Vivado 12-12493] Simulation top is 'testSMALL'
WARNING: [Vivado 12-13340] Unable to auto find GCC executables from simulator install path! (path not set)
INFO: [Vivado 12-5698] Checking validity of IPs in the design for the 'XSim' simulator...
INFO: [Vivado 12-5682] Launching behavioral simulation in 'C:/Users/prana/Downloads/Processor/Processor.sim/sim_1/behav/xsim'
INFO: [Vivado 12-4795] Using compiled simulation libraries for IPs
INFO: [SIM-utils-51] Simulation object is 'sim_1'
INFO: [USF-XSim-3] XSim::Elaborate design
INFO: [USF-XSim-61] Executing 'ELABORATE' step in 'C:/Users/prana/Downloads/Processor/Processor.sim/sim_1/behav/xsim'
"xelab --incr --debug typical --relax --mt 2 -L xil_defaultlib -L blk_mem_gen_v8_4_8 -L unisims_ver -L unimacro_ver -L secureip -L xpm --snapshot testSMALL_behav xil_defaultlib.testSMALL xil_defaultlib.glbl -log elaborate.log"
Vivado Simulator v2024.1
Copyright 1986-2022 Xilinx, Inc. All Rights Reserved.
Copyright 2022-2024 Advanced Micro Devices, Inc. All Rights Reserved.
Running: C:/Xilinx/Vivado/2024.1/bin/unwrapped/win64.o/xelab.exe --incr --debug typical --relax --mt 2 -L xil_defaultlib -L blk_mem_gen_v8_4_8 -L unisims_ver -L unimacro_ver -L secureip -L xpm --snapshot testSMALL_behav xil_defaultlib.testSMALL xil_defaultlib.glbl -log elaborate.log 
Using 2 slave threads.
Starting static elaboration
Pass Through NonSizing Optimizer
Completed static elaboration
INFO: [XSIM 43-4323] No Change in HDL. Linking previously generated obj files to create kernel
INFO: [USF-XSim-69] 'elaborate' step finished in '2' seconds
Time resolution is 1 ps
 Block Memory Generator module loading initial data...
 Block Memory Generator data initialization complete.
Block Memory Generator module testSMALL.T.InstructionMemory.inst.native_mem_module.blk_mem_gen_v8_4_8_inst is using a behavioral model for simulation which will not precisely model memory collision behavior.
Block Memory Generator module testSMALL.T.DataMemory.inst.native_mem_module.blk_mem_gen_v8_4_8_inst is using a behavioral model for simulation which will not precisely model memory collision behavior.
relaunch_sim: Time (s): cpu = 00:00:01 ; elapsed = 00:00:07 . Memory (MB): peak = 1594.164 ; gain = 0.000
run 100 us
close_sim
INFO: [Simtcl 6-16] Simulation closed
WARNING: [filemgmt 56-199] Attempt to get parsing info during refresh. "On-the-fly" syntax checking information may be incorrect. [C:\Users\prana\Downloads\Processor\Processor.srcs\sources_1\imports\Downloads\Proccessor\Proccessor.srcs\sources_1\new\IR.v:]
WARNING: [filemgmt 56-199] Attempt to get parsing info during refresh. "On-the-fly" syntax checking information may be incorrect. [C:\Users\prana\Downloads\Processor\Processor.srcs\sources_1\new\clkDiv.v:]
WARNING: [filemgmt 56-199] Attempt to get parsing info during refresh. "On-the-fly" syntax checking information may be incorrect. [C:\Users\prana\Downloads\Processor\Processor.srcs\sim_1\imports\new\testSMALL.v:]
WARNING: [filemgmt 56-199] Attempt to get parsing info during refresh. "On-the-fly" syntax checking information may be incorrect. [C:\Users\prana\Downloads\Processor\Processor.srcs\sources_1\imports\Downloads\Proccessor\Proccessor.srcs\sources_1\imports\new\controlSignal.v:]
WARNING: [filemgmt 56-199] Attempt to get parsing info during refresh. "On-the-fly" syntax checking information may be incorrect. [C:\Users\prana\Downloads\Processor\Processor.srcs\sources_1\imports\Downloads\Proccessor\Proccessor.srcs\sources_1\imports\new\controlSignal.v:]
WARNING: [filemgmt 56-199] Attempt to get parsing info during refresh. "On-the-fly" syntax checking information may be incorrect. [C:\Users\prana\Downloads\Processor\Processor.srcs\sources_1\imports\Downloads\Proccessor\Proccessor.srcs\sources_1\imports\new\controlSignal.v:]
WARNING: [filemgmt 56-199] Attempt to get parsing info during refresh. "On-the-fly" syntax checking information may be incorrect. [C:\Users\prana\Downloads\Processor\Processor.srcs\sources_1\imports\Downloads\Proccessor\Proccessor.srcs\sources_1\new\IR.v:]
WARNING: [filemgmt 56-199] Attempt to get parsing info during refresh. "On-the-fly" syntax checking information may be incorrect. [C:\Users\prana\Downloads\Processor\Processor.srcs\sources_1\new\clkDiv.v:]
WARNING: [filemgmt 56-199] Attempt to get parsing info during refresh. "On-the-fly" syntax checking information may be incorrect. [C:\Users\prana\Downloads\Processor\Processor.srcs\sim_1\imports\new\testSMALL.v:]
WARNING: [filemgmt 56-199] Attempt to get parsing info during refresh. "On-the-fly" syntax checking information may be incorrect. [C:\Users\prana\Downloads\Processor\Processor.srcs\sources_1\imports\Downloads\Proccessor\Proccessor.srcs\sources_1\imports\new\controlSignal.v:]
WARNING: [filemgmt 56-199] Attempt to get parsing info during refresh. "On-the-fly" syntax checking information may be incorrect. [C:\Users\prana\Downloads\Processor\Processor.srcs\sim_1\imports\new\testSMALL.v:]
WARNING: [filemgmt 56-199] Attempt to get parsing info during refresh. "On-the-fly" syntax checking information may be incorrect. [C:\Users\prana\Downloads\Processor\Processor.srcs\sim_1\imports\new\testSMALL.v:]
WARNING: [filemgmt 56-199] Attempt to get parsing info during refresh. "On-the-fly" syntax checking information may be incorrect. [C:\Users\prana\Downloads\Processor\Processor.srcs\sources_1\imports\Downloads\Proccessor\Proccessor.srcs\sources_1\new\IR.v:]
WARNING: [filemgmt 56-199] Attempt to get parsing info during refresh. "On-the-fly" syntax checking information may be incorrect. [C:\Users\prana\Downloads\Processor\Processor.srcs\sources_1\new\clkDiv.v:]
WARNING: [filemgmt 56-199] Attempt to get parsing info during refresh. "On-the-fly" syntax checking information may be incorrect. [C:\Users\prana\Downloads\Processor\Processor.srcs\sim_1\imports\new\testSMALL.v:]
WARNING: [filemgmt 56-199] Attempt to get parsing info during refresh. "On-the-fly" syntax checking information may be incorrect. [C:\Users\prana\Downloads\Processor\Processor.srcs\sources_1\imports\Downloads\Proccessor\Proccessor.srcs\sources_1\imports\new\controlSignal.v:]
WARNING: [filemgmt 56-199] Attempt to get parsing info during refresh. "On-the-fly" syntax checking information may be incorrect. [C:\Users\prana\Downloads\Processor\Processor.srcs\sources_1\imports\Downloads\Proccessor\Proccessor.srcs\sources_1\new\IR.v:]
WARNING: [filemgmt 56-199] Attempt to get parsing info during refresh. "On-the-fly" syntax checking information may be incorrect. [C:\Users\prana\Downloads\Processor\Processor.srcs\sources_1\imports\Downloads\Proccessor\Proccessor.srcs\sources_1\new\IR.v:]
WARNING: [filemgmt 56-199] Attempt to get parsing info during refresh. "On-the-fly" syntax checking information may be incorrect. [C:\Users\prana\Downloads\Processor\Processor.srcs\sources_1\imports\Downloads\Proccessor\Proccessor.srcs\sources_1\new\IR.v:]
WARNING: [filemgmt 56-199] Attempt to get parsing info during refresh. "On-the-fly" syntax checking information may be incorrect. [C:\Users\prana\Downloads\Processor\Processor.srcs\sources_1\new\clkDiv.v:]
WARNING: [filemgmt 56-199] Attempt to get parsing info during refresh. "On-the-fly" syntax checking information may be incorrect. [C:\Users\prana\Downloads\Processor\Processor.srcs\sim_1\imports\new\testSMALL.v:]
WARNING: [filemgmt 56-199] Attempt to get parsing info during refresh. "On-the-fly" syntax checking information may be incorrect. [C:\Users\prana\Downloads\Processor\Processor.srcs\sources_1\imports\Downloads\Proccessor\Proccessor.srcs\sources_1\imports\new\controlSignal.v:]
WARNING: [filemgmt 56-199] Attempt to get parsing info during refresh. "On-the-fly" syntax checking information may be incorrect. [C:\Users\prana\Downloads\Processor\Processor.srcs\sources_1\new\clkDiv.v:]
WARNING: [filemgmt 56-199] Attempt to get parsing info during refresh. "On-the-fly" syntax checking information may be incorrect. [C:\Users\prana\Downloads\Processor\Processor.srcs\sources_1\new\clkDiv.v:]
ERROR: [Common 17-180] Spawn failed: No error
WARNING: [filemgmt 56-199] Attempt to get parsing info during refresh. "On-the-fly" syntax checking information may be incorrect. [C:\Users\prana\Downloads\Processor\Processor.srcs\sources_1\imports\Downloads\Proccessor\Proccessor.srcs\sources_1\new\IR.v:]
WARNING: [filemgmt 56-199] Attempt to get parsing info during refresh. "On-the-fly" syntax checking information may be incorrect. [C:\Users\prana\Downloads\Processor\Processor.srcs\sources_1\new\clkDiv.v:]
WARNING: [filemgmt 56-199] Attempt to get parsing info during refresh. "On-the-fly" syntax checking information may be incorrect. [C:\Users\prana\Downloads\Processor\Processor.srcs\sim_1\imports\new\testSMALL.v:]
WARNING: [filemgmt 56-199] Attempt to get parsing info during refresh. "On-the-fly" syntax checking information may be incorrect. [C:\Users\prana\Downloads\Processor\Processor.srcs\sources_1\imports\Downloads\Proccessor\Proccessor.srcs\sources_1\imports\new\controlSignal.v:]
WARNING: [filemgmt 56-199] Attempt to get parsing info during refresh. "On-the-fly" syntax checking information may be incorrect. [C:\Users\prana\Downloads\Processor\Processor.srcs\sources_1\imports\Downloads\Proccessor\Proccessor.srcs\sources_1\imports\new\controlSignal.v:]
WARNING: [filemgmt 56-199] Attempt to get parsing info during refresh. "On-the-fly" syntax checking information may be incorrect. [C:\Users\prana\Downloads\Processor\Processor.srcs\sources_1\imports\Downloads\Proccessor\Proccessor.srcs\sources_1\imports\new\controlSignal.v:]
ERROR: [Common 17-180] Spawn failed: No error
WARNING: [filemgmt 56-199] Attempt to get parsing info during refresh. "On-the-fly" syntax checking information may be incorrect. [C:\Users\prana\Downloads\Processor\Processor.srcs\sources_1\imports\Downloads\Proccessor\Proccessor.srcs\sources_1\new\IR.v:]
WARNING: [filemgmt 56-199] Attempt to get parsing info during refresh. "On-the-fly" syntax checking information may be incorrect. [C:\Users\prana\Downloads\Processor\Processor.srcs\sources_1\new\clkDiv.v:]
WARNING: [filemgmt 56-199] Attempt to get parsing info during refresh. "On-the-fly" syntax checking information may be incorrect. [C:\Users\prana\Downloads\Processor\Processor.srcs\sim_1\imports\new\testSMALL.v:]
WARNING: [filemgmt 56-199] Attempt to get parsing info during refresh. "On-the-fly" syntax checking information may be incorrect. [C:\Users\prana\Downloads\Processor\Processor.srcs\sources_1\imports\Downloads\Proccessor\Proccessor.srcs\sources_1\imports\new\controlSignal.v:]
WARNING: [filemgmt 56-199] Attempt to get parsing info during refresh. "On-the-fly" syntax checking information may be incorrect. [C:\Users\prana\Downloads\Processor\Processor.srcs\sources_1\imports\Downloads\Proccessor\Proccessor.srcs\sources_1\new\IR.v:]
WARNING: [filemgmt 56-199] Attempt to get parsing info during refresh. "On-the-fly" syntax checking information may be incorrect. [C:\Users\prana\Downloads\Processor\Processor.srcs\sources_1\imports\Downloads\Proccessor\Proccessor.srcs\sources_1\new\IR.v:]
WARNING: [filemgmt 56-199] Attempt to get parsing info during refresh. "On-the-fly" syntax checking information may be incorrect. [C:\Users\prana\Downloads\Processor\Processor.srcs\sources_1\imports\Downloads\Proccessor\Proccessor.srcs\sources_1\new\IR.v:]
WARNING: [filemgmt 56-199] Attempt to get parsing info during refresh. "On-the-fly" syntax checking information may be incorrect. [C:\Users\prana\Downloads\Processor\Processor.srcs\sources_1\new\clkDiv.v:]
WARNING: [filemgmt 56-199] Attempt to get parsing info during refresh. "On-the-fly" syntax checking information may be incorrect. [C:\Users\prana\Downloads\Processor\Processor.srcs\sim_1\imports\new\testSMALL.v:]
WARNING: [filemgmt 56-199] Attempt to get parsing info during refresh. "On-the-fly" syntax checking information may be incorrect. [C:\Users\prana\Downloads\Processor\Processor.srcs\sources_1\imports\Downloads\Proccessor\Proccessor.srcs\sources_1\imports\new\controlSignal.v:]
WARNING: [filemgmt 56-199] Attempt to get parsing info during refresh. "On-the-fly" syntax checking information may be incorrect. [C:\Users\prana\Downloads\Processor\Processor.srcs\sources_1\new\clkDiv.v:]
WARNING: [filemgmt 56-199] Attempt to get parsing info during refresh. "On-the-fly" syntax checking information may be incorrect. [C:\Users\prana\Downloads\Processor\Processor.srcs\sources_1\new\clkDiv.v:]
ERROR: [Common 17-180] Spawn failed: No error
ERROR: [Common 17-180] Spawn failed: No error
WARNING: [filemgmt 56-199] Attempt to get parsing info during refresh. "On-the-fly" syntax checking information may be incorrect. [C:\Users\prana\Downloads\Processor\Processor.srcs\sources_1\imports\Downloads\Proccessor\Proccessor.srcs\sources_1\new\IR.v:]
WARNING: [filemgmt 56-199] Attempt to get parsing info during refresh. "On-the-fly" syntax checking information may be incorrect. [C:\Users\prana\Downloads\Processor\Processor.srcs\sources_1\new\clkDiv.v:]
launch_simulation
Command: launch_simulation 
INFO: [Vivado 12-12493] Simulation top is 'testSMALL'
WARNING: [Vivado 12-13340] Unable to auto find GCC executables from simulator install path! (path not set)
INFO: [Vivado 12-5698] Checking validity of IPs in the design for the 'XSim' simulator...
INFO: [Vivado 12-5682] Launching behavioral simulation in 'C:/Users/prana/Downloads/Processor/Processor.sim/sim_1/behav/xsim'
INFO: [Vivado 12-4795] Using compiled simulation libraries for IPs
INFO: [SIM-utils-51] Simulation object is 'sim_1'
INFO: [SIM-utils-72] Using boost library from 'C:/Xilinx/Vivado/2024.1/tps/boost_1_72_0'
INFO: [USF-XSim-7] Finding pre-compiled libraries...
INFO: [USF-XSim-11] File 'C:/Xilinx/Vivado/2024.1/data/xsim/xsim.ini' copied to run dir:'C:/Users/prana/Downloads/Processor/Processor.sim/sim_1/behav/xsim'
INFO: [SIM-utils-54] Inspecting design source files for 'testSMALL' in fileset 'sim_1'...
INFO: [SIM-utils-43] Exported 'C:/Users/prana/Downloads/Processor/Processor.sim/sim_1/behav/xsim/mem_rom.mif'
INFO: [SIM-utils-43] Exported 'C:/Users/prana/Downloads/Processor/Processor.sim/sim_1/behav/xsim/sumtilln.coe'
INFO: [USF-XSim-97] Finding global include files...
INFO: [USF-XSim-98] Fetching design files from 'sim_1'...
INFO: [USF-XSim-2] XSim::Compile design
INFO: [USF-XSim-61] Executing 'COMPILE and ANALYZE' step in 'C:/Users/prana/Downloads/Processor/Processor.sim/sim_1/behav/xsim'
"xvlog --incr --relax -prj testSMALL_vlog.prj"
INFO: [VRFC 10-2263] Analyzing Verilog file "C:/Users/prana/Downloads/Processor/Processor.gen/sources_1/ip/mem_ram/sim/mem_ram.v" into library xil_defaultlib
INFO: [VRFC 10-311] analyzing module mem_ram
INFO: [VRFC 10-2263] Analyzing Verilog file "C:/Users/prana/Downloads/Processor/Processor.gen/sources_1/ip/mem_rom/sim/mem_rom.v" into library xil_defaultlib
INFO: [VRFC 10-311] analyzing module mem_rom
INFO: [VRFC 10-2263] Analyzing Verilog file "C:/Users/prana/Downloads/Processor/Processor.srcs/sources_1/imports/Downloads/Proccessor/Proccessor.srcs/sources_1/new/IR.v" into library xil_defaultlib
INFO: [VRFC 10-311] analyzing module IR
INFO: [VRFC 10-2263] Analyzing Verilog file "C:/Users/prana/Downloads/Processor/Processor.srcs/sources_1/imports/Downloads/Proccessor/Proccessor.srcs/sources_1/imports/new/LUI.v" into library xil_defaultlib
INFO: [VRFC 10-311] analyzing module LUI
INFO: [VRFC 10-2263] Analyzing Verilog file "C:/Users/prana/Downloads/Processor/Processor.srcs/sources_1/imports/Downloads/Proccessor/Proccessor.srcs/sources_1/imports/new/RegBank.v" into library xil_defaultlib
INFO: [VRFC 10-311] analyzing module register
INFO: [VRFC 10-311] analyzing module regBank
INFO: [VRFC 10-2263] Analyzing Verilog file "C:/Users/prana/Downloads/Processor/Processor.srcs/sources_1/imports/Downloads/Proccessor/Proccessor.srcs/sources_1/imports/new/SGT.v" into library xil_defaultlib
INFO: [VRFC 10-311] analyzing module SGT
INFO: [VRFC 10-2263] Analyzing Verilog file "C:/Users/prana/Downloads/Processor/Processor.srcs/sources_1/imports/Downloads/Proccessor/Proccessor.srcs/sources_1/imports/new/SLT.v" into library xil_defaultlib
INFO: [VRFC 10-311] analyzing module SLT
INFO: [VRFC 10-2263] Analyzing Verilog file "C:/Users/prana/Downloads/Processor/Processor.srcs/sources_1/imports/Downloads/Proccessor/Proccessor.srcs/sources_1/new/SignE.v" into library xil_defaultlib
INFO: [VRFC 10-311] analyzing module SignE
INFO: [VRFC 10-2263] Analyzing Verilog file "C:/Users/prana/Downloads/Processor/Processor.srcs/sources_1/imports/Downloads/Proccessor/Proccessor.srcs/sources_1/imports/new/adder.v" into library xil_defaultlib
INFO: [VRFC 10-311] analyzing module adder
INFO: [VRFC 10-311] analyzing module fullAdder32
INFO: [VRFC 10-311] analyzing module fullAdder8
INFO: [VRFC 10-311] analyzing module fullAdder
INFO: [VRFC 10-2263] Analyzing Verilog file "C:/Users/prana/Downloads/Processor/Processor.srcs/sources_1/imports/Downloads/Proccessor/Proccessor.srcs/sources_1/imports/new/bitwiseAND.v" into library xil_defaultlib
INFO: [VRFC 10-311] analyzing module bitwiseAND
INFO: [VRFC 10-2263] Analyzing Verilog file "C:/Users/prana/Downloads/Processor/Processor.srcs/sources_1/imports/Downloads/Proccessor/Proccessor.srcs/sources_1/imports/new/bitwiseNOR.v" into library xil_defaultlib
INFO: [VRFC 10-311] analyzing module bitwiseNOR
INFO: [VRFC 10-2263] Analyzing Verilog file "C:/Users/prana/Downloads/Processor/Processor.srcs/sources_1/imports/Downloads/Proccessor/Proccessor.srcs/sources_1/imports/new/bitwiseNOT.v" into library xil_defaultlib
INFO: [VRFC 10-311] analyzing module bitwiseNOT
INFO: [VRFC 10-2263] Analyzing Verilog file "C:/Users/prana/Downloads/Processor/Processor.srcs/sources_1/imports/Downloads/Proccessor/Proccessor.srcs/sources_1/imports/new/bitwiseOR.v" into library xil_defaultlib
INFO: [VRFC 10-311] analyzing module bitwiseOR
INFO: [VRFC 10-2263] Analyzing Verilog file "C:/Users/prana/Downloads/Processor/Processor.srcs/sources_1/imports/Downloads/Proccessor/Proccessor.srcs/sources_1/imports/new/bitwiseXOR.v" into library xil_defaultlib
INFO: [VRFC 10-311] analyzing module bitwiseXOR
INFO: [VRFC 10-2263] Analyzing Verilog file "C:/Users/prana/Downloads/Processor/Processor.srcs/sources_1/new/clkDiv.v" into library xil_defaultlib
INFO: [VRFC 10-311] analyzing module clkDiv
INFO: [VRFC 10-2263] Analyzing Verilog file "C:/Users/prana/Downloads/Processor/Processor.srcs/sources_1/imports/Downloads/Proccessor/Proccessor.srcs/sources_1/new/cond_check.v" into library xil_defaultlib
INFO: [VRFC 10-311] analyzing module cond_check
INFO: [VRFC 10-2263] Analyzing Verilog file "C:/Users/prana/Downloads/Processor/Processor.srcs/sources_1/imports/Downloads/Proccessor/Proccessor.srcs/sources_1/imports/new/controlSignal.v" into library xil_defaultlib
INFO: [VRFC 10-311] analyzing module controlSignal
INFO: [VRFC 10-2263] Analyzing Verilog file "C:/Users/prana/Downloads/Processor/Processor.srcs/sources_1/imports/Downloads/Proccessor/Proccessor.srcs/sources_1/imports/new/decA.v" into library xil_defaultlib
INFO: [VRFC 10-311] analyzing module decA
INFO: [VRFC 10-2263] Analyzing Verilog file "C:/Users/prana/Downloads/Processor/Processor.srcs/sources_1/imports/Downloads/Proccessor/Proccessor.srcs/sources_1/imports/new/hamA.v" into library xil_defaultlib
INFO: [VRFC 10-311] analyzing module fullAdder2
INFO: [VRFC 10-311] analyzing module fullAdder3
INFO: [VRFC 10-311] analyzing module hamA_8
INFO: [VRFC 10-311] analyzing module hamA
INFO: [VRFC 10-2263] Analyzing Verilog file "C:/Users/prana/Downloads/Processor/Processor.srcs/sources_1/imports/Downloads/Proccessor/Proccessor.srcs/sources_1/imports/new/incA.v" into library xil_defaultlib
INFO: [VRFC 10-311] analyzing module incA
INFO: [VRFC 10-2263] Analyzing Verilog file "C:/Users/prana/Downloads/Processor/Processor.srcs/sources_1/imports/Downloads/Proccessor/Proccessor.srcs/sources_1/imports/new/leftShift.v" into library xil_defaultlib
INFO: [VRFC 10-311] analyzing module leftShift
INFO: [VRFC 10-311] analyzing module leftShift32
INFO: [VRFC 10-2263] Analyzing Verilog file "C:/Users/prana/Downloads/Processor/Processor.srcs/sources_1/imports/Downloads/Proccessor/Proccessor.srcs/sources_1/imports/new/main.v" into library xil_defaultlib
INFO: [VRFC 10-311] analyzing module kALU
INFO: [VRFC 10-2263] Analyzing Verilog file "C:/Users/prana/Downloads/Processor/Processor.srcs/sources_1/imports/Downloads/Proccessor/Proccessor.srcs/sources_1/imports/new/mux.v" into library xil_defaultlib
INFO: [VRFC 10-311] analyzing module mux32to1_bitwise
INFO: [VRFC 10-311] analyzing module mux32to1
INFO: [VRFC 10-311] analyzing module mux16to1_bitwise
INFO: [VRFC 10-311] analyzing module mux16to1
INFO: [VRFC 10-311] analyzing module mux8to1_bitwise
INFO: [VRFC 10-311] analyzing module mux8to1
INFO: [VRFC 10-311] analyzing module mux4to1
INFO: [VRFC 10-311] analyzing module mux2to1
INFO: [VRFC 10-2263] Analyzing Verilog file "C:/Users/prana/Downloads/Processor/Processor.srcs/sources_1/imports/Downloads/Proccessor/Proccessor.srcs/sources_1/new/mux.v" into library xil_defaultlib
INFO: [VRFC 10-311] analyzing module mux
INFO: [VRFC 10-2263] Analyzing Verilog file "C:/Users/prana/Downloads/Processor/Processor.srcs/sources_1/imports/Downloads/Proccessor/Proccessor.srcs/sources_1/imports/new/rightShift_A.v" into library xil_defaultlib
INFO: [VRFC 10-311] analyzing module rightShift_A
INFO: [VRFC 10-311] analyzing module rightShift_A32
INFO: [VRFC 10-2263] Analyzing Verilog file "C:/Users/prana/Downloads/Processor/Processor.srcs/sources_1/imports/Downloads/Proccessor/Proccessor.srcs/sources_1/imports/new/rightShift_L.v" into library xil_defaultlib
INFO: [VRFC 10-311] analyzing module rightShift_L
INFO: [VRFC 10-311] analyzing module rightShift_L32
INFO: [VRFC 10-2263] Analyzing Verilog file "C:/Users/prana/Downloads/Processor/Processor.srcs/sources_1/imports/Downloads/Proccessor/Proccessor.srcs/sources_1/imports/new/subtractor.v" into library xil_defaultlib
INFO: [VRFC 10-311] analyzing module subtract
INFO: [VRFC 10-311] analyzing module fullSubtract32
INFO: [VRFC 10-311] analyzing module fullSubtract8
INFO: [VRFC 10-311] analyzing module fullSubtract
INFO: [VRFC 10-2263] Analyzing Verilog file "C:/Users/prana/Downloads/Processor/Processor.srcs/sources_1/imports/Downloads/Proccessor/Proccessor.srcs/sources_1/imports/new/topModule.v" into library xil_defaultlib
INFO: [VRFC 10-311] analyzing module topModule
INFO: [VRFC 10-2263] Analyzing Verilog file "C:/Users/prana/Downloads/Processor/Processor.srcs/sim_1/imports/new/testSMALL.v" into library xil_defaultlib
INFO: [VRFC 10-311] analyzing module testSMALL
run_program: Time (s): cpu = 00:00:00 ; elapsed = 00:00:05 . Memory (MB): peak = 2746.867 ; gain = 0.000
INFO: [USF-XSim-69] 'compile' step finished in '5' seconds
INFO: [USF-XSim-3] XSim::Elaborate design
INFO: [USF-XSim-61] Executing 'ELABORATE' step in 'C:/Users/prana/Downloads/Processor/Processor.sim/sim_1/behav/xsim'
"xelab --incr --debug typical --relax --mt 2 -L xil_defaultlib -L blk_mem_gen_v8_4_8 -L unisims_ver -L unimacro_ver -L secureip -L xpm --snapshot testSMALL_behav xil_defaultlib.testSMALL xil_defaultlib.glbl -log elaborate.log"
Vivado Simulator v2024.1
Copyright 1986-2022 Xilinx, Inc. All Rights Reserved.
Copyright 2022-2024 Advanced Micro Devices, Inc. All Rights Reserved.
Running: C:/Xilinx/Vivado/2024.1/bin/unwrapped/win64.o/xelab.exe --incr --debug typical --relax --mt 2 -L xil_defaultlib -L blk_mem_gen_v8_4_8 -L unisims_ver -L unimacro_ver -L secureip -L xpm --snapshot testSMALL_behav xil_defaultlib.testSMALL xil_defaultlib.glbl -log elaborate.log 
Using 2 slave threads.
Starting static elaboration
Pass Through NonSizing Optimizer
Completed static elaboration
Starting simulation data flow analysis
Completed simulation data flow analysis
Time Resolution for simulation is 1ps
Compiling module xil_defaultlib.clkDiv
Compiling module xil_defaultlib.controlSignal
Compiling module blk_mem_gen_v8_4_8.blk_mem_gen_v8_4_8_output_stage(...
Compiling module blk_mem_gen_v8_4_8.blk_mem_gen_v8_4_8_output_stage(...
Compiling module blk_mem_gen_v8_4_8.blk_mem_gen_v8_4_8_softecc_outpu...
Compiling module blk_mem_gen_v8_4_8.blk_mem_gen_v8_4_8_mem_module(C_...
Compiling module blk_mem_gen_v8_4_8.blk_mem_gen_v8_4_8(C_FAMILY="art...
Compiling module xil_defaultlib.mem_rom
Compiling module xil_defaultlib.IR
Compiling module xil_defaultlib.register
Compiling module xil_defaultlib.regBank
Compiling module xil_defaultlib.mux
Compiling module xil_defaultlib.fullAdder
Compiling module xil_defaultlib.fullAdder8
Compiling module xil_defaultlib.fullAdder32
Compiling module xil_defaultlib.adder
Compiling module xil_defaultlib.fullSubtract
Compiling module xil_defaultlib.fullSubtract8
Compiling module xil_defaultlib.fullSubtract32
Compiling module xil_defaultlib.subtract
Compiling module xil_defaultlib.SLT
Compiling module xil_defaultlib.SGT
Compiling module xil_defaultlib.bitwiseAND
Compiling module xil_defaultlib.bitwiseOR
Compiling module xil_defaultlib.bitwiseXOR
Compiling module xil_defaultlib.bitwiseNOT
Compiling module xil_defaultlib.bitwiseNOR
Compiling module xil_defaultlib.LUI
Compiling module xil_defaultlib.mux4to1
Compiling module xil_defaultlib.mux16to1
Compiling module xil_defaultlib.mux2to1
Compiling module xil_defaultlib.mux32to1_bitwise
Compiling module xil_defaultlib.leftShift32
Compiling module xil_defaultlib.leftShift
Compiling module xil_defaultlib.rightShift_L32
Compiling module xil_defaultlib.rightShift_L
Compiling module xil_defaultlib.rightShift_A32
Compiling module xil_defaultlib.rightShift_A
Compiling module xil_defaultlib.incA
Compiling module xil_defaultlib.decA
Compiling module xil_defaultlib.fullAdder2
Compiling module xil_defaultlib.fullAdder3
Compiling module xil_defaultlib.hamA_8
Compiling module xil_defaultlib.hamA
Compiling module xil_defaultlib.mux8to1
Compiling module xil_defaultlib.mux16to1_bitwise
Compiling module xil_defaultlib.kALU
Compiling module blk_mem_gen_v8_4_8.blk_mem_gen_v8_4_8_mem_module(C_...
Compiling module blk_mem_gen_v8_4_8.blk_mem_gen_v8_4_8(C_FAMILY="art...
Compiling module xil_defaultlib.mem_ram
Compiling module xil_defaultlib.SignE
Compiling module xil_defaultlib.cond_check
Compiling module xil_defaultlib.topModule
Compiling module xil_defaultlib.testSMALL
Compiling module xil_defaultlib.glbl
Built simulation snapshot testSMALL_behav
run_program: Time (s): cpu = 00:00:00 ; elapsed = 00:00:08 . Memory (MB): peak = 2746.867 ; gain = 0.000
INFO: [USF-XSim-69] 'elaborate' step finished in '7' seconds
INFO: [USF-XSim-4] XSim::Simulate design
INFO: [USF-XSim-61] Executing 'SIMULATE' step in 'C:/Users/prana/Downloads/Processor/Processor.sim/sim_1/behav/xsim'
INFO: [USF-XSim-98] *** Running xsim
   with args "testSMALL_behav -key {Behavioral:sim_1:Functional:testSMALL} -tclbatch {testSMALL.tcl} -log {simulate.log}"
INFO: [USF-XSim-8] Loading simulator feature
Time resolution is 1 ps
source testSMALL.tcl
# set curr_wave [current_wave_config]
# if { [string length $curr_wave] == 0 } {
#   if { [llength [get_objects]] > 0} {
#     add_wave /
#     set_property needs_save false [current_wave_config]
#   } else {
#      send_msg_id Add_Wave-1 WARNING "No top level signals found. Simulator will start without a wave window. If you want to open a wave window go to 'File->New Waveform Configuration' or type 'create_wave_config' in the TCL console."
#   }
# }
# run 1000ns
 Block Memory Generator module loading initial data...
 Block Memory Generator data initialization complete.
Block Memory Generator module testSMALL.T.InstructionMemory.inst.native_mem_module.blk_mem_gen_v8_4_8_inst is using a behavioral model for simulation which will not precisely model memory collision behavior.
Block Memory Generator module testSMALL.T.DataMemory.inst.native_mem_module.blk_mem_gen_v8_4_8_inst is using a behavioral model for simulation which will not precisely model memory collision behavior.
INFO: [USF-XSim-96] XSim completed. Design snapshot 'testSMALL_behav' loaded.
INFO: [USF-XSim-97] XSim simulation ran for 1000ns
launch_simulation: Time (s): cpu = 00:00:01 ; elapsed = 00:00:17 . Memory (MB): peak = 2763.020 ; gain = 16.152
run 100 us
relaunch_sim
Command: launch_simulation -step compile -simset sim_1 -mode behavioral
INFO: [Vivado 12-12493] Simulation top is 'testSMALL'
WARNING: [Vivado 12-13340] Unable to auto find GCC executables from simulator install path! (path not set)
INFO: [Vivado 12-5698] Checking validity of IPs in the design for the 'XSim' simulator...
INFO: [Vivado 12-5682] Launching behavioral simulation in 'C:/Users/prana/Downloads/Processor/Processor.sim/sim_1/behav/xsim'
INFO: [Vivado 12-4795] Using compiled simulation libraries for IPs
INFO: [SIM-utils-51] Simulation object is 'sim_1'
INFO: [USF-XSim-2] XSim::Compile design
INFO: [USF-XSim-61] Executing 'COMPILE and ANALYZE' step in 'C:/Users/prana/Downloads/Processor/Processor.sim/sim_1/behav/xsim'
"xvlog --incr --relax -prj testSMALL_vlog.prj"
INFO: [USF-XSim-69] 'compile' step finished in '2' seconds
Command: launch_simulation -step elaborate -simset sim_1 -mode behavioral
INFO: [Vivado 12-12493] Simulation top is 'testSMALL'
WARNING: [Vivado 12-13340] Unable to auto find GCC executables from simulator install path! (path not set)
INFO: [Vivado 12-5698] Checking validity of IPs in the design for the 'XSim' simulator...
INFO: [Vivado 12-5682] Launching behavioral simulation in 'C:/Users/prana/Downloads/Processor/Processor.sim/sim_1/behav/xsim'
INFO: [Vivado 12-4795] Using compiled simulation libraries for IPs
INFO: [SIM-utils-51] Simulation object is 'sim_1'
INFO: [USF-XSim-3] XSim::Elaborate design
INFO: [USF-XSim-61] Executing 'ELABORATE' step in 'C:/Users/prana/Downloads/Processor/Processor.sim/sim_1/behav/xsim'
"xelab --incr --debug typical --relax --mt 2 -L xil_defaultlib -L blk_mem_gen_v8_4_8 -L unisims_ver -L unimacro_ver -L secureip -L xpm --snapshot testSMALL_behav xil_defaultlib.testSMALL xil_defaultlib.glbl -log elaborate.log"
Vivado Simulator v2024.1
Copyright 1986-2022 Xilinx, Inc. All Rights Reserved.
Copyright 2022-2024 Advanced Micro Devices, Inc. All Rights Reserved.
Running: C:/Xilinx/Vivado/2024.1/bin/unwrapped/win64.o/xelab.exe --incr --debug typical --relax --mt 2 -L xil_defaultlib -L blk_mem_gen_v8_4_8 -L unisims_ver -L unimacro_ver -L secureip -L xpm --snapshot testSMALL_behav xil_defaultlib.testSMALL xil_defaultlib.glbl -log elaborate.log 
Using 2 slave threads.
Starting static elaboration
Pass Through NonSizing Optimizer
Completed static elaboration
INFO: [XSIM 43-4323] No Change in HDL. Linking previously generated obj files to create kernel
INFO: [USF-XSim-69] 'elaborate' step finished in '2' seconds
Time resolution is 1 ps
 Block Memory Generator module loading initial data...
 Block Memory Generator data initialization complete.
Block Memory Generator module testSMALL.T.InstructionMemory.inst.native_mem_module.blk_mem_gen_v8_4_8_inst is using a behavioral model for simulation which will not precisely model memory collision behavior.
Block Memory Generator module testSMALL.T.DataMemory.inst.native_mem_module.blk_mem_gen_v8_4_8_inst is using a behavioral model for simulation which will not precisely model memory collision behavior.
relaunch_sim: Time (s): cpu = 00:00:00 ; elapsed = 00:00:06 . Memory (MB): peak = 2763.020 ; gain = 0.000
close_sim
INFO: [Simtcl 6-16] Simulation closed
close [ open C:/Users/prana/Downloads/Processor/Processor.srcs/sources_1/new/testDM.mem w ]
add_files C:/Users/prana/Downloads/Processor/Processor.srcs/sources_1/new/testDM.mem
WARNING: [filemgmt 56-199] Attempt to get parsing info during refresh. "On-the-fly" syntax checking information may be incorrect. [C:\Users\prana\Downloads\Processor\Processor.srcs\sources_1\imports\Downloads\Proccessor\Proccessor.srcs\sources_1\new\IR.v:]
WARNING: [filemgmt 56-199] Attempt to get parsing info during refresh. "On-the-fly" syntax checking information may be incorrect. [C:\Users\prana\Downloads\Processor\Processor.srcs\sources_1\new\clkDiv.v:]
WARNING: [filemgmt 56-199] Attempt to get parsing info during refresh. "On-the-fly" syntax checking information may be incorrect. [C:\Users\prana\Downloads\Processor\Processor.srcs\sim_1\imports\new\testSMALL.v:]
WARNING: [filemgmt 56-199] Attempt to get parsing info during refresh. "On-the-fly" syntax checking information may be incorrect. [C:\Users\prana\Downloads\Processor\Processor.srcs\sources_1\imports\Downloads\Proccessor\Proccessor.srcs\sources_1\imports\new\controlSignal.v:]
WARNING: [filemgmt 56-199] Attempt to get parsing info during refresh. "On-the-fly" syntax checking information may be incorrect. [C:\Users\prana\Downloads\Processor\Processor.srcs\sources_1\imports\Downloads\Proccessor\Proccessor.srcs\sources_1\new\IR.v:]
WARNING: [filemgmt 56-199] Attempt to get parsing info during refresh. "On-the-fly" syntax checking information may be incorrect. [C:\Users\prana\Downloads\Processor\Processor.srcs\sources_1\imports\Downloads\Proccessor\Proccessor.srcs\sources_1\new\IR.v:]
WARNING: [filemgmt 56-199] Attempt to get parsing info during refresh. "On-the-fly" syntax checking information may be incorrect. [C:\Users\prana\Downloads\Processor\Processor.srcs\sources_1\imports\Downloads\Proccessor\Proccessor.srcs\sources_1\new\IR.v:]
WARNING: [filemgmt 56-199] Attempt to get parsing info during refresh. "On-the-fly" syntax checking information may be incorrect. [C:\Users\prana\Downloads\Processor\Processor.srcs\sources_1\new\clkDiv.v:]
WARNING: [filemgmt 56-199] Attempt to get parsing info during refresh. "On-the-fly" syntax checking information may be incorrect. [C:\Users\prana\Downloads\Processor\Processor.srcs\sim_1\imports\new\testSMALL.v:]
WARNING: [filemgmt 56-199] Attempt to get parsing info during refresh. "On-the-fly" syntax checking information may be incorrect. [C:\Users\prana\Downloads\Processor\Processor.srcs\sources_1\imports\Downloads\Proccessor\Proccessor.srcs\sources_1\imports\new\controlSignal.v:]
WARNING: [filemgmt 56-199] Attempt to get parsing info during refresh. "On-the-fly" syntax checking information may be incorrect. [C:\Users\prana\Downloads\Processor\Processor.srcs\sources_1\new\clkDiv.v:]
WARNING: [filemgmt 56-199] Attempt to get parsing info during refresh. "On-the-fly" syntax checking information may be incorrect. [C:\Users\prana\Downloads\Processor\Processor.srcs\sources_1\new\clkDiv.v:]
ERROR: [Common 17-180] Spawn failed: No error
WARNING: [filemgmt 56-199] Attempt to get parsing info during refresh. "On-the-fly" syntax checking information may be incorrect. [C:\Users\prana\Downloads\Processor\Processor.srcs\sources_1\imports\Downloads\Proccessor\Proccessor.srcs\sources_1\new\IR.v:]
WARNING: [filemgmt 56-199] Attempt to get parsing info during refresh. "On-the-fly" syntax checking information may be incorrect. [C:\Users\prana\Downloads\Processor\Processor.srcs\sources_1\new\clkDiv.v:]
WARNING: [filemgmt 56-199] Attempt to get parsing info during refresh. "On-the-fly" syntax checking information may be incorrect. [C:\Users\prana\Downloads\Processor\Processor.srcs\sim_1\imports\new\testSMALL.v:]
WARNING: [filemgmt 56-199] Attempt to get parsing info during refresh. "On-the-fly" syntax checking information may be incorrect. [C:\Users\prana\Downloads\Processor\Processor.srcs\sources_1\imports\Downloads\Proccessor\Proccessor.srcs\sources_1\imports\new\controlSignal.v:]
WARNING: [filemgmt 56-199] Attempt to get parsing info during refresh. "On-the-fly" syntax checking information may be incorrect. [C:\Users\prana\Downloads\Processor\Processor.srcs\sources_1\imports\Downloads\Proccessor\Proccessor.srcs\sources_1\imports\new\controlSignal.v:]
WARNING: [filemgmt 56-199] Attempt to get parsing info during refresh. "On-the-fly" syntax checking information may be incorrect. [C:\Users\prana\Downloads\Processor\Processor.srcs\sources_1\imports\Downloads\Proccessor\Proccessor.srcs\sources_1\imports\new\controlSignal.v:]
ERROR: [Common 17-180] Spawn failed: No error
export_ip_user_files -of_objects  [get_files C:/Users/prana/Downloads/Processor/Processor.srcs/sources_1/new/testDM.mem] -no_script -reset -force -quiet
remove_files  C:/Users/prana/Downloads/Processor/Processor.srcs/sources_1/new/testDM.mem
file delete -force C:/Users/prana/Downloads/Processor/Processor.srcs/sources_1/new/testDM.mem
WARNING: [filemgmt 56-199] Attempt to get parsing info during refresh. "On-the-fly" syntax checking information may be incorrect. [C:\Users\prana\Downloads\Processor\Processor.srcs\sources_1\imports\Downloads\Proccessor\Proccessor.srcs\sources_1\new\IR.v:]
WARNING: [filemgmt 56-199] Attempt to get parsing info during refresh. "On-the-fly" syntax checking information may be incorrect. [C:\Users\prana\Downloads\Processor\Processor.srcs\sources_1\new\clkDiv.v:]
WARNING: [filemgmt 56-199] Attempt to get parsing info during refresh. "On-the-fly" syntax checking information may be incorrect. [C:\Users\prana\Downloads\Processor\Processor.srcs\sim_1\imports\new\testSMALL.v:]
WARNING: [filemgmt 56-199] Attempt to get parsing info during refresh. "On-the-fly" syntax checking information may be incorrect. [C:\Users\prana\Downloads\Processor\Processor.srcs\sources_1\imports\Downloads\Proccessor\Proccessor.srcs\sources_1\imports\new\controlSignal.v:]
WARNING: [filemgmt 56-199] Attempt to get parsing info during refresh. "On-the-fly" syntax checking information may be incorrect. [C:\Users\prana\Downloads\Processor\Processor.srcs\sources_1\imports\Downloads\Proccessor\Proccessor.srcs\sources_1\new\IR.v:]
WARNING: [filemgmt 56-199] Attempt to get parsing info during refresh. "On-the-fly" syntax checking information may be incorrect. [C:\Users\prana\Downloads\Processor\Processor.srcs\sources_1\imports\Downloads\Proccessor\Proccessor.srcs\sources_1\new\IR.v:]
WARNING: [filemgmt 56-199] Attempt to get parsing info during refresh. "On-the-fly" syntax checking information may be incorrect. [C:\Users\prana\Downloads\Processor\Processor.srcs\sources_1\imports\Downloads\Proccessor\Proccessor.srcs\sources_1\new\IR.v:]
WARNING: [filemgmt 56-199] Attempt to get parsing info during refresh. "On-the-fly" syntax checking information may be incorrect. [C:\Users\prana\Downloads\Processor\Processor.srcs\sources_1\new\clkDiv.v:]
WARNING: [filemgmt 56-199] Attempt to get parsing info during refresh. "On-the-fly" syntax checking information may be incorrect. [C:\Users\prana\Downloads\Processor\Processor.srcs\sim_1\imports\new\testSMALL.v:]
WARNING: [filemgmt 56-199] Attempt to get parsing info during refresh. "On-the-fly" syntax checking information may be incorrect. [C:\Users\prana\Downloads\Processor\Processor.srcs\sources_1\imports\Downloads\Proccessor\Proccessor.srcs\sources_1\imports\new\controlSignal.v:]
WARNING: [filemgmt 56-199] Attempt to get parsing info during refresh. "On-the-fly" syntax checking information may be incorrect. [C:\Users\prana\Downloads\Processor\Processor.srcs\sources_1\new\clkDiv.v:]
WARNING: [filemgmt 56-199] Attempt to get parsing info during refresh. "On-the-fly" syntax checking information may be incorrect. [C:\Users\prana\Downloads\Processor\Processor.srcs\sources_1\new\clkDiv.v:]
ERROR: [Common 17-180] Spawn failed: No error
WARNING: [filemgmt 56-199] Attempt to get parsing info during refresh. "On-the-fly" syntax checking information may be incorrect. [C:\Users\prana\Downloads\Processor\Processor.srcs\sources_1\imports\Downloads\Proccessor\Proccessor.srcs\sources_1\new\IR.v:]
WARNING: [filemgmt 56-199] Attempt to get parsing info during refresh. "On-the-fly" syntax checking information may be incorrect. [C:\Users\prana\Downloads\Processor\Processor.srcs\sources_1\new\clkDiv.v:]
WARNING: [filemgmt 56-199] Attempt to get parsing info during refresh. "On-the-fly" syntax checking information may be incorrect. [C:\Users\prana\Downloads\Processor\Processor.srcs\sim_1\imports\new\testSMALL.v:]
WARNING: [filemgmt 56-199] Attempt to get parsing info during refresh. "On-the-fly" syntax checking information may be incorrect. [C:\Users\prana\Downloads\Processor\Processor.srcs\sources_1\imports\Downloads\Proccessor\Proccessor.srcs\sources_1\imports\new\controlSignal.v:]
WARNING: [filemgmt 56-199] Attempt to get parsing info during refresh. "On-the-fly" syntax checking information may be incorrect. [C:\Users\prana\Downloads\Processor\Processor.srcs\sources_1\imports\Downloads\Proccessor\Proccessor.srcs\sources_1\imports\new\controlSignal.v:]
WARNING: [filemgmt 56-199] Attempt to get parsing info during refresh. "On-the-fly" syntax checking information may be incorrect. [C:\Users\prana\Downloads\Processor\Processor.srcs\sources_1\imports\Downloads\Proccessor\Proccessor.srcs\sources_1\imports\new\controlSignal.v:]
ERROR: [Common 17-180] Spawn failed: No error
WARNING: [IP_Flow 19-4067] Ignoring invalid widget type specified checkbox.Providing a default widget
WARNING: [IP_Flow 19-4067] Ignoring invalid widget type specified checkbox.Providing a default widget
WARNING: [IP_Flow 19-4067] Ignoring invalid widget type specified checkbox.Providing a default widget
WARNING: [IP_Flow 19-4067] Ignoring invalid widget type specified checkbox.Providing a default widget
INFO: [IP_Flow 19-3484] Absolute path of file 'c:/Users/prana/Downloads/Processor/Processor.srcs/sources_1/imports/Downloads/sumtilln.coe' provided. It will be converted relative to IP Instance files '../../../../Processor.srcs/sources_1/imports/Downloads/sumtilln.coe'
WARNING: [IP_Flow 19-4067] Ignoring invalid widget type specified checkbox.Providing a default widget
WARNING: [IP_Flow 19-4067] Ignoring invalid widget type specified checkbox.Providing a default widget
INFO: [IP_Flow 19-3484] Absolute path of file 'c:/Users/prana/Downloads/coa.coe' provided. It will be converted relative to IP Instance files '../../../../../coa.coe'
set_property CONFIG.Coe_File {C:/Users/prana/Downloads/coa.coe} [get_ips mem_rom]
INFO: [IP_Flow 19-3484] Absolute path of file 'c:/Users/prana/Downloads/coa.coe' provided. It will be converted relative to IP Instance files '../../../../../coa.coe'
WARNING: [filemgmt 56-199] Attempt to get parsing info during refresh. "On-the-fly" syntax checking information may be incorrect. [C:\Users\prana\Downloads\Processor\Processor.srcs\sources_1\imports\Downloads\Proccessor\Proccessor.srcs\sources_1\new\IR.v:]
WARNING: [filemgmt 56-199] Attempt to get parsing info during refresh. "On-the-fly" syntax checking information may be incorrect. [C:\Users\prana\Downloads\Processor\Processor.srcs\sources_1\new\clkDiv.v:]
WARNING: [filemgmt 56-199] Attempt to get parsing info during refresh. "On-the-fly" syntax checking information may be incorrect. [C:\Users\prana\Downloads\Processor\Processor.srcs\sim_1\imports\new\testSMALL.v:]
WARNING: [filemgmt 56-199] Attempt to get parsing info during refresh. "On-the-fly" syntax checking information may be incorrect. [C:\Users\prana\Downloads\Processor\Processor.srcs\sources_1\imports\Downloads\Proccessor\Proccessor.srcs\sources_1\imports\new\controlSignal.v:]
WARNING: [filemgmt 56-199] Attempt to get parsing info during refresh. "On-the-fly" syntax checking information may be incorrect. [C:\Users\prana\Downloads\Processor\Processor.srcs\sources_1\imports\Downloads\Proccessor\Proccessor.srcs\sources_1\imports\new\controlSignal.v:]
WARNING: [filemgmt 56-199] Attempt to get parsing info during refresh. "On-the-fly" syntax checking information may be incorrect. [C:\Users\prana\Downloads\Processor\Processor.srcs\sources_1\imports\Downloads\Proccessor\Proccessor.srcs\sources_1\imports\new\controlSignal.v:]
WARNING: [filemgmt 56-199] Attempt to get parsing info during refresh. "On-the-fly" syntax checking information may be incorrect. [C:\Users\prana\Downloads\Processor\Processor.srcs\sources_1\imports\Downloads\Proccessor\Proccessor.srcs\sources_1\new\IR.v:]
WARNING: [filemgmt 56-199] Attempt to get parsing info during refresh. "On-the-fly" syntax checking information may be incorrect. [C:\Users\prana\Downloads\Processor\Processor.srcs\sources_1\new\clkDiv.v:]
WARNING: [filemgmt 56-199] Attempt to get parsing info during refresh. "On-the-fly" syntax checking information may be incorrect. [C:\Users\prana\Downloads\Processor\Processor.srcs\sim_1\imports\new\testSMALL.v:]
WARNING: [filemgmt 56-199] Attempt to get parsing info during refresh. "On-the-fly" syntax checking information may be incorrect. [C:\Users\prana\Downloads\Processor\Processor.srcs\sources_1\imports\Downloads\Proccessor\Proccessor.srcs\sources_1\imports\new\controlSignal.v:]
WARNING: [filemgmt 56-199] Attempt to get parsing info during refresh. "On-the-fly" syntax checking information may be incorrect. [C:\Users\prana\Downloads\Processor\Processor.srcs\sources_1\new\clkDiv.v:]
WARNING: [filemgmt 56-199] Attempt to get parsing info during refresh. "On-the-fly" syntax checking information may be incorrect. [C:\Users\prana\Downloads\Processor\Processor.srcs\sources_1\new\clkDiv.v:]
WARNING: [filemgmt 56-199] Attempt to get parsing info during refresh. "On-the-fly" syntax checking information may be incorrect. [C:\Users\prana\Downloads\Processor\Processor.srcs\sources_1\imports\Downloads\Proccessor\Proccessor.srcs\sources_1\new\IR.v:]
WARNING: [filemgmt 56-199] Attempt to get parsing info during refresh. "On-the-fly" syntax checking information may be incorrect. [C:\Users\prana\Downloads\Processor\Processor.srcs\sources_1\new\clkDiv.v:]
WARNING: [filemgmt 56-199] Attempt to get parsing info during refresh. "On-the-fly" syntax checking information may be incorrect. [C:\Users\prana\Downloads\Processor\Processor.srcs\sim_1\imports\new\testSMALL.v:]
WARNING: [filemgmt 56-199] Attempt to get parsing info during refresh. "On-the-fly" syntax checking information may be incorrect. [C:\Users\prana\Downloads\Processor\Processor.srcs\sources_1\imports\Downloads\Proccessor\Proccessor.srcs\sources_1\imports\new\controlSignal.v:]
WARNING: [filemgmt 56-199] Attempt to get parsing info during refresh. "On-the-fly" syntax checking information may be incorrect. [C:\Users\prana\Downloads\Processor\Processor.srcs\sim_1\imports\new\testSMALL.v:]
WARNING: [filemgmt 56-199] Attempt to get parsing info during refresh. "On-the-fly" syntax checking information may be incorrect. [C:\Users\prana\Downloads\Processor\Processor.srcs\sim_1\imports\new\testSMALL.v:]
ERROR: [Common 17-180] Spawn failed: No error
generate_target all [get_files  c:/Users/prana/Downloads/Processor/Processor.srcs/sources_1/ip/mem_rom_1/mem_rom.xci]
WARNING: [filemgmt 56-199] Attempt to get parsing info during refresh. "On-the-fly" syntax checking information may be incorrect. [C:\Users\prana\Downloads\Processor\Processor.srcs\sources_1\imports\Downloads\Proccessor\Proccessor.srcs\sources_1\new\IR.v:]
WARNING: [filemgmt 56-199] Attempt to get parsing info during refresh. "On-the-fly" syntax checking information may be incorrect. [C:\Users\prana\Downloads\Processor\Processor.srcs\sources_1\new\clkDiv.v:]
WARNING: [filemgmt 56-199] Attempt to get parsing info during refresh. "On-the-fly" syntax checking information may be incorrect. [C:\Users\prana\Downloads\Processor\Processor.srcs\sim_1\imports\new\testSMALL.v:]
WARNING: [filemgmt 56-199] Attempt to get parsing info during refresh. "On-the-fly" syntax checking information may be incorrect. [C:\Users\prana\Downloads\Processor\Processor.srcs\sources_1\imports\Downloads\Proccessor\Proccessor.srcs\sources_1\imports\new\controlSignal.v:]
WARNING: [filemgmt 56-199] Attempt to get parsing info during refresh. "On-the-fly" syntax checking information may be incorrect. [C:\Users\prana\Downloads\Processor\Processor.srcs\sources_1\imports\Downloads\Proccessor\Proccessor.srcs\sources_1\imports\new\controlSignal.v:]
WARNING: [filemgmt 56-199] Attempt to get parsing info during refresh. "On-the-fly" syntax checking information may be incorrect. [C:\Users\prana\Downloads\Processor\Processor.srcs\sources_1\imports\Downloads\Proccessor\Proccessor.srcs\sources_1\imports\new\controlSignal.v:]
INFO: [IP_Flow 19-1686] Generating 'Instantiation Template' target for IP 'mem_rom'...
WARNING: [filemgmt 56-199] Attempt to get parsing info during refresh. "On-the-fly" syntax checking information may be incorrect. [C:\Users\prana\Downloads\Processor\Processor.srcs\sources_1\imports\Downloads\Proccessor\Proccessor.srcs\sources_1\new\IR.v:]
WARNING: [filemgmt 56-199] Attempt to get parsing info during refresh. "On-the-fly" syntax checking information may be incorrect. [C:\Users\prana\Downloads\Processor\Processor.srcs\sources_1\new\clkDiv.v:]
WARNING: [filemgmt 56-199] Attempt to get parsing info during refresh. "On-the-fly" syntax checking information may be incorrect. [C:\Users\prana\Downloads\Processor\Processor.srcs\sim_1\imports\new\testSMALL.v:]
WARNING: [filemgmt 56-199] Attempt to get parsing info during refresh. "On-the-fly" syntax checking information may be incorrect. [C:\Users\prana\Downloads\Processor\Processor.srcs\sources_1\imports\Downloads\Proccessor\Proccessor.srcs\sources_1\imports\new\controlSignal.v:]
WARNING: [filemgmt 56-199] Attempt to get parsing info during refresh. "On-the-fly" syntax checking information may be incorrect. [C:\Users\prana\Downloads\Processor\Processor.srcs\sim_1\imports\new\testSMALL.v:]
WARNING: [filemgmt 56-199] Attempt to get parsing info during refresh. "On-the-fly" syntax checking information may be incorrect. [C:\Users\prana\Downloads\Processor\Processor.srcs\sim_1\imports\new\testSMALL.v:]
INFO: [IP_Flow 19-1686] Generating 'Synthesis' target for IP 'mem_rom'...
INFO: [IP_Flow 19-1686] Generating 'Simulation' target for IP 'mem_rom'...
INFO: [IP_Flow 19-1686] Generating 'Miscellaneous' target for IP 'mem_rom'...
INFO: [IP_Flow 19-1686] Generating 'Change Log' target for IP 'mem_rom'...
catch { config_ip_cache -export [get_ips -all mem_rom] }
INFO: [IP_Flow 19-6924] IPCACHE: Running cache check for IP inst: mem_rom
export_ip_user_files -of_objects [get_files c:/Users/prana/Downloads/Processor/Processor.srcs/sources_1/ip/mem_rom_1/mem_rom.xci] -no_script -sync -force -quiet
reset_run mem_rom_synth_1
WARNING: [filemgmt 56-199] Attempt to get parsing info during refresh. "On-the-fly" syntax checking information may be incorrect. [C:\Users\prana\Downloads\Processor\Processor.srcs\sources_1\imports\Downloads\Proccessor\Proccessor.srcs\sources_1\new\IR.v:]
WARNING: [filemgmt 56-199] Attempt to get parsing info during refresh. "On-the-fly" syntax checking information may be incorrect. [C:\Users\prana\Downloads\Processor\Processor.srcs\sources_1\new\clkDiv.v:]
WARNING: [filemgmt 56-199] Attempt to get parsing info during refresh. "On-the-fly" syntax checking information may be incorrect. [C:\Users\prana\Downloads\Processor\Processor.srcs\sim_1\imports\new\testSMALL.v:]
WARNING: [filemgmt 56-199] Attempt to get parsing info during refresh. "On-the-fly" syntax checking information may be incorrect. [C:\Users\prana\Downloads\Processor\Processor.srcs\sources_1\imports\Downloads\Proccessor\Proccessor.srcs\sources_1\imports\new\controlSignal.v:]
WARNING: [filemgmt 56-199] Attempt to get parsing info during refresh. "On-the-fly" syntax checking information may be incorrect. [C:\Users\prana\Downloads\Processor\Processor.srcs\sources_1\new\clkDiv.v:]
WARNING: [filemgmt 56-199] Attempt to get parsing info during refresh. "On-the-fly" syntax checking information may be incorrect. [C:\Users\prana\Downloads\Processor\Processor.srcs\sources_1\new\clkDiv.v:]
launch_runs mem_rom_synth_1 -jobs 4
INFO: [IP_Flow 19-6924] IPCACHE: Running cache check for IP inst: mem_rom
[Mon Nov 11 22:28:49 2024] Launched mem_rom_synth_1...
Run output will be captured here: C:/Users/prana/Downloads/Processor/Processor.runs/mem_rom_synth_1/runme.log
export_simulation -of_objects [get_files c:/Users/prana/Downloads/Processor/Processor.srcs/sources_1/ip/mem_rom_1/mem_rom.xci] -directory C:/Users/prana/Downloads/Processor/Processor.ip_user_files/sim_scripts -ip_user_files_dir C:/Users/prana/Downloads/Processor/Processor.ip_user_files -ipstatic_source_dir C:/Users/prana/Downloads/Processor/Processor.ip_user_files/ipstatic -lib_map_path [list {modelsim=C:/Users/prana/Downloads/Processor/Processor.cache/compile_simlib/modelsim} {questa=C:/Users/prana/Downloads/Processor/Processor.cache/compile_simlib/questa} {riviera=C:/Users/prana/Downloads/Processor/Processor.cache/compile_simlib/riviera} {activehdl=C:/Users/prana/Downloads/Processor/Processor.cache/compile_simlib/activehdl}] -use_ip_compiled_libs -force -quiet
WARNING: [IP_Flow 19-4067] Ignoring invalid widget type specified checkbox.Providing a default widget
WARNING: [IP_Flow 19-4067] Ignoring invalid widget type specified checkbox.Providing a default widget
launch_simulation
Command: launch_simulation 
INFO: [Vivado 12-12493] Simulation top is 'testSMALL'
WARNING: [Vivado 12-13340] Unable to auto find GCC executables from simulator install path! (path not set)
INFO: [Vivado 12-5698] Checking validity of IPs in the design for the 'XSim' simulator...
INFO: [Vivado 12-5682] Launching behavioral simulation in 'C:/Users/prana/Downloads/Processor/Processor.sim/sim_1/behav/xsim'
INFO: [Vivado 12-4795] Using compiled simulation libraries for IPs
INFO: [SIM-utils-51] Simulation object is 'sim_1'
INFO: [SIM-utils-72] Using boost library from 'C:/Xilinx/Vivado/2024.1/tps/boost_1_72_0'
INFO: [USF-XSim-7] Finding pre-compiled libraries...
INFO: [USF-XSim-11] File 'C:/Xilinx/Vivado/2024.1/data/xsim/xsim.ini' copied to run dir:'C:/Users/prana/Downloads/Processor/Processor.sim/sim_1/behav/xsim'
INFO: [SIM-utils-54] Inspecting design source files for 'testSMALL' in fileset 'sim_1'...
INFO: [SIM-utils-43] Exported 'C:/Users/prana/Downloads/Processor/Processor.sim/sim_1/behav/xsim/mem_rom.mif'
INFO: [SIM-utils-43] Exported 'C:/Users/prana/Downloads/Processor/Processor.sim/sim_1/behav/xsim/coa.coe'
INFO: [SIM-utils-43] Exported 'C:/Users/prana/Downloads/Processor/Processor.sim/sim_1/behav/xsim/sumtilln.coe'
INFO: [USF-XSim-97] Finding global include files...
INFO: [USF-XSim-98] Fetching design files from 'sim_1'...
INFO: [USF-XSim-2] XSim::Compile design
INFO: [USF-XSim-61] Executing 'COMPILE and ANALYZE' step in 'C:/Users/prana/Downloads/Processor/Processor.sim/sim_1/behav/xsim'
"xvlog --incr --relax -prj testSMALL_vlog.prj"
INFO: [VRFC 10-2263] Analyzing Verilog file "C:/Users/prana/Downloads/Processor/Processor.gen/sources_1/ip/mem_ram/sim/mem_ram.v" into library xil_defaultlib
INFO: [VRFC 10-311] analyzing module mem_ram
INFO: [VRFC 10-2263] Analyzing Verilog file "C:/Users/prana/Downloads/Processor/Processor.gen/sources_1/ip/mem_rom/sim/mem_rom.v" into library xil_defaultlib
INFO: [VRFC 10-311] analyzing module mem_rom
INFO: [VRFC 10-2263] Analyzing Verilog file "C:/Users/prana/Downloads/Processor/Processor.srcs/sources_1/imports/Downloads/Proccessor/Proccessor.srcs/sources_1/new/IR.v" into library xil_defaultlib
INFO: [VRFC 10-311] analyzing module IR
INFO: [VRFC 10-2263] Analyzing Verilog file "C:/Users/prana/Downloads/Processor/Processor.srcs/sources_1/imports/Downloads/Proccessor/Proccessor.srcs/sources_1/imports/new/LUI.v" into library xil_defaultlib
INFO: [VRFC 10-311] analyzing module LUI
INFO: [VRFC 10-2263] Analyzing Verilog file "C:/Users/prana/Downloads/Processor/Processor.srcs/sources_1/imports/Downloads/Proccessor/Proccessor.srcs/sources_1/imports/new/RegBank.v" into library xil_defaultlib
INFO: [VRFC 10-311] analyzing module register
INFO: [VRFC 10-311] analyzing module regBank
INFO: [VRFC 10-2263] Analyzing Verilog file "C:/Users/prana/Downloads/Processor/Processor.srcs/sources_1/imports/Downloads/Proccessor/Proccessor.srcs/sources_1/imports/new/SGT.v" into library xil_defaultlib
INFO: [VRFC 10-311] analyzing module SGT
INFO: [VRFC 10-2263] Analyzing Verilog file "C:/Users/prana/Downloads/Processor/Processor.srcs/sources_1/imports/Downloads/Proccessor/Proccessor.srcs/sources_1/imports/new/SLT.v" into library xil_defaultlib
INFO: [VRFC 10-311] analyzing module SLT
INFO: [VRFC 10-2263] Analyzing Verilog file "C:/Users/prana/Downloads/Processor/Processor.srcs/sources_1/imports/Downloads/Proccessor/Proccessor.srcs/sources_1/new/SignE.v" into library xil_defaultlib
INFO: [VRFC 10-311] analyzing module SignE
INFO: [VRFC 10-2263] Analyzing Verilog file "C:/Users/prana/Downloads/Processor/Processor.srcs/sources_1/imports/Downloads/Proccessor/Proccessor.srcs/sources_1/imports/new/adder.v" into library xil_defaultlib
INFO: [VRFC 10-311] analyzing module adder
INFO: [VRFC 10-311] analyzing module fullAdder32
INFO: [VRFC 10-311] analyzing module fullAdder8
INFO: [VRFC 10-311] analyzing module fullAdder
INFO: [VRFC 10-2263] Analyzing Verilog file "C:/Users/prana/Downloads/Processor/Processor.srcs/sources_1/imports/Downloads/Proccessor/Proccessor.srcs/sources_1/imports/new/bitwiseAND.v" into library xil_defaultlib
INFO: [VRFC 10-311] analyzing module bitwiseAND
INFO: [VRFC 10-2263] Analyzing Verilog file "C:/Users/prana/Downloads/Processor/Processor.srcs/sources_1/imports/Downloads/Proccessor/Proccessor.srcs/sources_1/imports/new/bitwiseNOR.v" into library xil_defaultlib
INFO: [VRFC 10-311] analyzing module bitwiseNOR
INFO: [VRFC 10-2263] Analyzing Verilog file "C:/Users/prana/Downloads/Processor/Processor.srcs/sources_1/imports/Downloads/Proccessor/Proccessor.srcs/sources_1/imports/new/bitwiseNOT.v" into library xil_defaultlib
INFO: [VRFC 10-311] analyzing module bitwiseNOT
INFO: [VRFC 10-2263] Analyzing Verilog file "C:/Users/prana/Downloads/Processor/Processor.srcs/sources_1/imports/Downloads/Proccessor/Proccessor.srcs/sources_1/imports/new/bitwiseOR.v" into library xil_defaultlib
INFO: [VRFC 10-311] analyzing module bitwiseOR
INFO: [VRFC 10-2263] Analyzing Verilog file "C:/Users/prana/Downloads/Processor/Processor.srcs/sources_1/imports/Downloads/Proccessor/Proccessor.srcs/sources_1/imports/new/bitwiseXOR.v" into library xil_defaultlib
INFO: [VRFC 10-311] analyzing module bitwiseXOR
INFO: [VRFC 10-2263] Analyzing Verilog file "C:/Users/prana/Downloads/Processor/Processor.srcs/sources_1/new/clkDiv.v" into library xil_defaultlib
INFO: [VRFC 10-311] analyzing module clkDiv
INFO: [VRFC 10-2263] Analyzing Verilog file "C:/Users/prana/Downloads/Processor/Processor.srcs/sources_1/imports/Downloads/Proccessor/Proccessor.srcs/sources_1/new/cond_check.v" into library xil_defaultlib
INFO: [VRFC 10-311] analyzing module cond_check
INFO: [VRFC 10-2263] Analyzing Verilog file "C:/Users/prana/Downloads/Processor/Processor.srcs/sources_1/imports/Downloads/Proccessor/Proccessor.srcs/sources_1/imports/new/controlSignal.v" into library xil_defaultlib
INFO: [VRFC 10-311] analyzing module controlSignal
INFO: [VRFC 10-2263] Analyzing Verilog file "C:/Users/prana/Downloads/Processor/Processor.srcs/sources_1/imports/Downloads/Proccessor/Proccessor.srcs/sources_1/imports/new/decA.v" into library xil_defaultlib
INFO: [VRFC 10-311] analyzing module decA
INFO: [VRFC 10-2263] Analyzing Verilog file "C:/Users/prana/Downloads/Processor/Processor.srcs/sources_1/imports/Downloads/Proccessor/Proccessor.srcs/sources_1/imports/new/hamA.v" into library xil_defaultlib
INFO: [VRFC 10-311] analyzing module fullAdder2
INFO: [VRFC 10-311] analyzing module fullAdder3
INFO: [VRFC 10-311] analyzing module hamA_8
INFO: [VRFC 10-311] analyzing module hamA
INFO: [VRFC 10-2263] Analyzing Verilog file "C:/Users/prana/Downloads/Processor/Processor.srcs/sources_1/imports/Downloads/Proccessor/Proccessor.srcs/sources_1/imports/new/incA.v" into library xil_defaultlib
INFO: [VRFC 10-311] analyzing module incA
INFO: [VRFC 10-2263] Analyzing Verilog file "C:/Users/prana/Downloads/Processor/Processor.srcs/sources_1/imports/Downloads/Proccessor/Proccessor.srcs/sources_1/imports/new/leftShift.v" into library xil_defaultlib
INFO: [VRFC 10-311] analyzing module leftShift
INFO: [VRFC 10-311] analyzing module leftShift32
INFO: [VRFC 10-2263] Analyzing Verilog file "C:/Users/prana/Downloads/Processor/Processor.srcs/sources_1/imports/Downloads/Proccessor/Proccessor.srcs/sources_1/imports/new/main.v" into library xil_defaultlib
INFO: [VRFC 10-311] analyzing module kALU
INFO: [VRFC 10-2263] Analyzing Verilog file "C:/Users/prana/Downloads/Processor/Processor.srcs/sources_1/imports/Downloads/Proccessor/Proccessor.srcs/sources_1/imports/new/mux.v" into library xil_defaultlib
INFO: [VRFC 10-311] analyzing module mux32to1_bitwise
INFO: [VRFC 10-311] analyzing module mux32to1
INFO: [VRFC 10-311] analyzing module mux16to1_bitwise
INFO: [VRFC 10-311] analyzing module mux16to1
INFO: [VRFC 10-311] analyzing module mux8to1_bitwise
INFO: [VRFC 10-311] analyzing module mux8to1
INFO: [VRFC 10-311] analyzing module mux4to1
INFO: [VRFC 10-311] analyzing module mux2to1
INFO: [VRFC 10-2263] Analyzing Verilog file "C:/Users/prana/Downloads/Processor/Processor.srcs/sources_1/imports/Downloads/Proccessor/Proccessor.srcs/sources_1/new/mux.v" into library xil_defaultlib
INFO: [VRFC 10-311] analyzing module mux
INFO: [VRFC 10-2263] Analyzing Verilog file "C:/Users/prana/Downloads/Processor/Processor.srcs/sources_1/imports/Downloads/Proccessor/Proccessor.srcs/sources_1/imports/new/rightShift_A.v" into library xil_defaultlib
INFO: [VRFC 10-311] analyzing module rightShift_A
INFO: [VRFC 10-311] analyzing module rightShift_A32
INFO: [VRFC 10-2263] Analyzing Verilog file "C:/Users/prana/Downloads/Processor/Processor.srcs/sources_1/imports/Downloads/Proccessor/Proccessor.srcs/sources_1/imports/new/rightShift_L.v" into library xil_defaultlib
INFO: [VRFC 10-311] analyzing module rightShift_L
INFO: [VRFC 10-311] analyzing module rightShift_L32
INFO: [VRFC 10-2263] Analyzing Verilog file "C:/Users/prana/Downloads/Processor/Processor.srcs/sources_1/imports/Downloads/Proccessor/Proccessor.srcs/sources_1/imports/new/subtractor.v" into library xil_defaultlib
INFO: [VRFC 10-311] analyzing module subtract
INFO: [VRFC 10-311] analyzing module fullSubtract32
INFO: [VRFC 10-311] analyzing module fullSubtract8
INFO: [VRFC 10-311] analyzing module fullSubtract
INFO: [VRFC 10-2263] Analyzing Verilog file "C:/Users/prana/Downloads/Processor/Processor.srcs/sources_1/imports/Downloads/Proccessor/Proccessor.srcs/sources_1/imports/new/topModule.v" into library xil_defaultlib
INFO: [VRFC 10-311] analyzing module topModule
INFO: [VRFC 10-2263] Analyzing Verilog file "C:/Users/prana/Downloads/Processor/Processor.srcs/sim_1/imports/new/testSMALL.v" into library xil_defaultlib
INFO: [VRFC 10-311] analyzing module testSMALL
run_program: Time (s): cpu = 00:00:00 ; elapsed = 00:00:06 . Memory (MB): peak = 2815.664 ; gain = 0.000
INFO: [USF-XSim-69] 'compile' step finished in '5' seconds
INFO: [USF-XSim-3] XSim::Elaborate design
INFO: [USF-XSim-61] Executing 'ELABORATE' step in 'C:/Users/prana/Downloads/Processor/Processor.sim/sim_1/behav/xsim'
"xelab --incr --debug typical --relax --mt 2 -L xil_defaultlib -L blk_mem_gen_v8_4_8 -L unisims_ver -L unimacro_ver -L secureip -L xpm --snapshot testSMALL_behav xil_defaultlib.testSMALL xil_defaultlib.glbl -log elaborate.log"
Vivado Simulator v2024.1
Copyright 1986-2022 Xilinx, Inc. All Rights Reserved.
Copyright 2022-2024 Advanced Micro Devices, Inc. All Rights Reserved.
Running: C:/Xilinx/Vivado/2024.1/bin/unwrapped/win64.o/xelab.exe --incr --debug typical --relax --mt 2 -L xil_defaultlib -L blk_mem_gen_v8_4_8 -L unisims_ver -L unimacro_ver -L secureip -L xpm --snapshot testSMALL_behav xil_defaultlib.testSMALL xil_defaultlib.glbl -log elaborate.log 
Using 2 slave threads.
Starting static elaboration
Pass Through NonSizing Optimizer
Completed static elaboration
Starting simulation data flow analysis
Completed simulation data flow analysis
Time Resolution for simulation is 1ps
Compiling module xil_defaultlib.clkDiv
Compiling module xil_defaultlib.controlSignal
Compiling module blk_mem_gen_v8_4_8.blk_mem_gen_v8_4_8_output_stage(...
Compiling module blk_mem_gen_v8_4_8.blk_mem_gen_v8_4_8_output_stage(...
Compiling module blk_mem_gen_v8_4_8.blk_mem_gen_v8_4_8_softecc_outpu...
Compiling module blk_mem_gen_v8_4_8.blk_mem_gen_v8_4_8_mem_module(C_...
Compiling module blk_mem_gen_v8_4_8.blk_mem_gen_v8_4_8(C_FAMILY="art...
Compiling module xil_defaultlib.mem_rom
Compiling module xil_defaultlib.IR
Compiling module xil_defaultlib.register
Compiling module xil_defaultlib.regBank
Compiling module xil_defaultlib.mux
Compiling module xil_defaultlib.fullAdder
Compiling module xil_defaultlib.fullAdder8
Compiling module xil_defaultlib.fullAdder32
Compiling module xil_defaultlib.adder
Compiling module xil_defaultlib.fullSubtract
Compiling module xil_defaultlib.fullSubtract8
Compiling module xil_defaultlib.fullSubtract32
Compiling module xil_defaultlib.subtract
Compiling module xil_defaultlib.SLT
Compiling module xil_defaultlib.SGT
Compiling module xil_defaultlib.bitwiseAND
Compiling module xil_defaultlib.bitwiseOR
Compiling module xil_defaultlib.bitwiseXOR
Compiling module xil_defaultlib.bitwiseNOT
Compiling module xil_defaultlib.bitwiseNOR
Compiling module xil_defaultlib.LUI
Compiling module xil_defaultlib.mux4to1
Compiling module xil_defaultlib.mux16to1
Compiling module xil_defaultlib.mux2to1
Compiling module xil_defaultlib.mux32to1_bitwise
Compiling module xil_defaultlib.leftShift32
Compiling module xil_defaultlib.leftShift
Compiling module xil_defaultlib.rightShift_L32
Compiling module xil_defaultlib.rightShift_L
Compiling module xil_defaultlib.rightShift_A32
Compiling module xil_defaultlib.rightShift_A
Compiling module xil_defaultlib.incA
Compiling module xil_defaultlib.decA
Compiling module xil_defaultlib.fullAdder2
Compiling module xil_defaultlib.fullAdder3
Compiling module xil_defaultlib.hamA_8
Compiling module xil_defaultlib.hamA
Compiling module xil_defaultlib.mux8to1
Compiling module xil_defaultlib.mux16to1_bitwise
Compiling module xil_defaultlib.kALU
Compiling module blk_mem_gen_v8_4_8.blk_mem_gen_v8_4_8_mem_module(C_...
Compiling module blk_mem_gen_v8_4_8.blk_mem_gen_v8_4_8(C_FAMILY="art...
Compiling module xil_defaultlib.mem_ram
Compiling module xil_defaultlib.SignE
Compiling module xil_defaultlib.cond_check
Compiling module xil_defaultlib.topModule
Compiling module xil_defaultlib.testSMALL
Compiling module xil_defaultlib.glbl
Built simulation snapshot testSMALL_behav
run_program: Time (s): cpu = 00:00:01 ; elapsed = 00:00:09 . Memory (MB): peak = 2815.664 ; gain = 0.000
INFO: [USF-XSim-69] 'elaborate' step finished in '10' seconds
INFO: [USF-XSim-4] XSim::Simulate design
INFO: [USF-XSim-61] Executing 'SIMULATE' step in 'C:/Users/prana/Downloads/Processor/Processor.sim/sim_1/behav/xsim'
INFO: [USF-XSim-98] *** Running xsim
   with args "testSMALL_behav -key {Behavioral:sim_1:Functional:testSMALL} -tclbatch {testSMALL.tcl} -log {simulate.log}"
INFO: [USF-XSim-8] Loading simulator feature
Time resolution is 1 ps
source testSMALL.tcl
# set curr_wave [current_wave_config]
# if { [string length $curr_wave] == 0 } {
#   if { [llength [get_objects]] > 0} {
#     add_wave /
#     set_property needs_save false [current_wave_config]
#   } else {
#      send_msg_id Add_Wave-1 WARNING "No top level signals found. Simulator will start without a wave window. If you want to open a wave window go to 'File->New Waveform Configuration' or type 'create_wave_config' in the TCL console."
#   }
# }
# run 1000ns
 Block Memory Generator module loading initial data...
 Block Memory Generator data initialization complete.
Block Memory Generator module testSMALL.T.InstructionMemory.inst.native_mem_module.blk_mem_gen_v8_4_8_inst is using a behavioral model for simulation which will not precisely model memory collision behavior.
Block Memory Generator module testSMALL.T.DataMemory.inst.native_mem_module.blk_mem_gen_v8_4_8_inst is using a behavioral model for simulation which will not precisely model memory collision behavior.
INFO: [USF-XSim-96] XSim completed. Design snapshot 'testSMALL_behav' loaded.
INFO: [USF-XSim-97] XSim simulation ran for 1000ns
launch_simulation: Time (s): cpu = 00:00:02 ; elapsed = 00:00:19 . Memory (MB): peak = 2815.664 ; gain = 0.000
WARNING: [filemgmt 56-199] Attempt to get parsing info during refresh. "On-the-fly" syntax checking information may be incorrect. [C:\Users\prana\Downloads\Processor\Processor.srcs\sources_1\imports\Downloads\Proccessor\Proccessor.srcs\sources_1\new\IR.v:]
WARNING: [filemgmt 56-199] Attempt to get parsing info during refresh. "On-the-fly" syntax checking information may be incorrect. [C:\Users\prana\Downloads\Processor\Processor.srcs\sources_1\new\clkDiv.v:]
WARNING: [filemgmt 56-199] Attempt to get parsing info during refresh. "On-the-fly" syntax checking information may be incorrect. [C:\Users\prana\Downloads\Processor\Processor.srcs\sim_1\imports\new\testSMALL.v:]
WARNING: [filemgmt 56-199] Attempt to get parsing info during refresh. "On-the-fly" syntax checking information may be incorrect. [C:\Users\prana\Downloads\Processor\Processor.srcs\sources_1\imports\Downloads\Proccessor\Proccessor.srcs\sources_1\imports\new\topModule.v:]
WARNING: [filemgmt 56-199] Attempt to get parsing info during refresh. "On-the-fly" syntax checking information may be incorrect. [C:\Users\prana\Downloads\Processor\Processor.srcs\sources_1\imports\Downloads\Proccessor\Proccessor.srcs\sources_1\imports\new\controlSignal.v:]
WARNING: [filemgmt 56-199] Attempt to get parsing info during refresh. "On-the-fly" syntax checking information may be incorrect. [C:\Users\prana\Downloads\Processor\Processor.srcs\sources_1\imports\Downloads\Proccessor\Proccessor.srcs\sources_1\imports\new\controlSignal.v:]
WARNING: [filemgmt 56-199] Attempt to get parsing info during refresh. "On-the-fly" syntax checking information may be incorrect. [C:\Users\prana\Downloads\Processor\Processor.srcs\sources_1\imports\Downloads\Proccessor\Proccessor.srcs\sources_1\imports\new\controlSignal.v:]
WARNING: [filemgmt 56-199] Attempt to get parsing info during refresh. "On-the-fly" syntax checking information may be incorrect. [C:\Users\prana\Downloads\Processor\Processor.srcs\sources_1\imports\Downloads\Proccessor\Proccessor.srcs\sources_1\new\IR.v:]
WARNING: [filemgmt 56-199] Attempt to get parsing info during refresh. "On-the-fly" syntax checking information may be incorrect. [C:\Users\prana\Downloads\Processor\Processor.srcs\sources_1\new\clkDiv.v:]
WARNING: [filemgmt 56-199] Attempt to get parsing info during refresh. "On-the-fly" syntax checking information may be incorrect. [C:\Users\prana\Downloads\Processor\Processor.srcs\sim_1\imports\new\testSMALL.v:]
WARNING: [filemgmt 56-199] Attempt to get parsing info during refresh. "On-the-fly" syntax checking information may be incorrect. [C:\Users\prana\Downloads\Processor\Processor.srcs\sources_1\imports\Downloads\Proccessor\Proccessor.srcs\sources_1\imports\new\topModule.v:]
WARNING: [filemgmt 56-199] Attempt to get parsing info during refresh. "On-the-fly" syntax checking information may be incorrect. [C:\Users\prana\Downloads\Processor\Processor.srcs\sources_1\imports\Downloads\Proccessor\Proccessor.srcs\sources_1\imports\new\controlSignal.v:]
WARNING: [filemgmt 56-199] Attempt to get parsing info during refresh. "On-the-fly" syntax checking information may be incorrect. [C:\Users\prana\Downloads\Processor\Processor.srcs\sim_1\imports\new\testSMALL.v:]
WARNING: [filemgmt 56-199] Attempt to get parsing info during refresh. "On-the-fly" syntax checking information may be incorrect. [C:\Users\prana\Downloads\Processor\Processor.srcs\sim_1\imports\new\testSMALL.v:]
WARNING: [filemgmt 56-199] Attempt to get parsing info during refresh. "On-the-fly" syntax checking information may be incorrect. [C:\Users\prana\Downloads\Processor\Processor.srcs\sources_1\imports\Downloads\Proccessor\Proccessor.srcs\sources_1\new\IR.v:]
WARNING: [filemgmt 56-199] Attempt to get parsing info during refresh. "On-the-fly" syntax checking information may be incorrect. [C:\Users\prana\Downloads\Processor\Processor.srcs\sources_1\new\clkDiv.v:]
WARNING: [filemgmt 56-199] Attempt to get parsing info during refresh. "On-the-fly" syntax checking information may be incorrect. [C:\Users\prana\Downloads\Processor\Processor.srcs\sim_1\imports\new\testSMALL.v:]
WARNING: [filemgmt 56-199] Attempt to get parsing info during refresh. "On-the-fly" syntax checking information may be incorrect. [C:\Users\prana\Downloads\Processor\Processor.srcs\sources_1\imports\Downloads\Proccessor\Proccessor.srcs\sources_1\imports\new\topModule.v:]
WARNING: [filemgmt 56-199] Attempt to get parsing info during refresh. "On-the-fly" syntax checking information may be incorrect. [C:\Users\prana\Downloads\Processor\Processor.srcs\sources_1\imports\Downloads\Proccessor\Proccessor.srcs\sources_1\imports\new\controlSignal.v:]
WARNING: [filemgmt 56-199] Attempt to get parsing info during refresh. "On-the-fly" syntax checking information may be incorrect. [C:\Users\prana\Downloads\Processor\Processor.srcs\sources_1\imports\Downloads\Proccessor\Proccessor.srcs\sources_1\imports\new\topModule.v:]
WARNING: [filemgmt 56-199] Attempt to get parsing info during refresh. "On-the-fly" syntax checking information may be incorrect. [C:\Users\prana\Downloads\Processor\Processor.srcs\sources_1\imports\Downloads\Proccessor\Proccessor.srcs\sources_1\imports\new\topModule.v:]
ERROR: [Common 17-180] Spawn failed: No error
WARNING: [filemgmt 56-199] Attempt to get parsing info during refresh. "On-the-fly" syntax checking information may be incorrect. [C:\Users\prana\Downloads\Processor\Processor.srcs\sources_1\imports\Downloads\Proccessor\Proccessor.srcs\sources_1\new\IR.v:]
WARNING: [filemgmt 56-199] Attempt to get parsing info during refresh. "On-the-fly" syntax checking information may be incorrect. [C:\Users\prana\Downloads\Processor\Processor.srcs\sources_1\new\clkDiv.v:]
WARNING: [filemgmt 56-199] Attempt to get parsing info during refresh. "On-the-fly" syntax checking information may be incorrect. [C:\Users\prana\Downloads\Processor\Processor.srcs\sim_1\imports\new\testSMALL.v:]
WARNING: [filemgmt 56-199] Attempt to get parsing info during refresh. "On-the-fly" syntax checking information may be incorrect. [C:\Users\prana\Downloads\Processor\Processor.srcs\sources_1\imports\Downloads\Proccessor\Proccessor.srcs\sources_1\imports\new\topModule.v:]
WARNING: [filemgmt 56-199] Attempt to get parsing info during refresh. "On-the-fly" syntax checking information may be incorrect. [C:\Users\prana\Downloads\Processor\Processor.srcs\sources_1\imports\Downloads\Proccessor\Proccessor.srcs\sources_1\imports\new\controlSignal.v:]
WARNING: [filemgmt 56-199] Attempt to get parsing info during refresh. "On-the-fly" syntax checking information may be incorrect. [C:\Users\prana\Downloads\Processor\Processor.srcs\sources_1\imports\Downloads\Proccessor\Proccessor.srcs\sources_1\new\IR.v:]
WARNING: [filemgmt 56-199] Attempt to get parsing info during refresh. "On-the-fly" syntax checking information may be incorrect. [C:\Users\prana\Downloads\Processor\Processor.srcs\sources_1\imports\Downloads\Proccessor\Proccessor.srcs\sources_1\new\IR.v:]
ERROR: [Common 17-180] Spawn failed: No error
relaunch_sim
Command: launch_simulation -step compile -simset sim_1 -mode behavioral
INFO: [Vivado 12-12493] Simulation top is 'testSMALL'
WARNING: [Vivado 12-13340] Unable to auto find GCC executables from simulator install path! (path not set)
INFO: [Vivado 12-5698] Checking validity of IPs in the design for the 'XSim' simulator...
INFO: [Vivado 12-5682] Launching behavioral simulation in 'C:/Users/prana/Downloads/Processor/Processor.sim/sim_1/behav/xsim'
INFO: [Vivado 12-4795] Using compiled simulation libraries for IPs
INFO: [SIM-utils-51] Simulation object is 'sim_1'
INFO: [USF-XSim-2] XSim::Compile design
INFO: [USF-XSim-61] Executing 'COMPILE and ANALYZE' step in 'C:/Users/prana/Downloads/Processor/Processor.sim/sim_1/behav/xsim'
"xvlog --incr --relax -prj testSMALL_vlog.prj"
INFO: [USF-XSim-69] 'compile' step finished in '1' seconds
Command: launch_simulation -step elaborate -simset sim_1 -mode behavioral
INFO: [Vivado 12-12493] Simulation top is 'testSMALL'
WARNING: [Vivado 12-13340] Unable to auto find GCC executables from simulator install path! (path not set)
INFO: [Vivado 12-5698] Checking validity of IPs in the design for the 'XSim' simulator...
INFO: [Vivado 12-5682] Launching behavioral simulation in 'C:/Users/prana/Downloads/Processor/Processor.sim/sim_1/behav/xsim'
INFO: [Vivado 12-4795] Using compiled simulation libraries for IPs
INFO: [SIM-utils-51] Simulation object is 'sim_1'
INFO: [USF-XSim-3] XSim::Elaborate design
INFO: [USF-XSim-61] Executing 'ELABORATE' step in 'C:/Users/prana/Downloads/Processor/Processor.sim/sim_1/behav/xsim'
"xelab --incr --debug typical --relax --mt 2 -L xil_defaultlib -L blk_mem_gen_v8_4_8 -L unisims_ver -L unimacro_ver -L secureip -L xpm --snapshot testSMALL_behav xil_defaultlib.testSMALL xil_defaultlib.glbl -log elaborate.log"
Vivado Simulator v2024.1
Copyright 1986-2022 Xilinx, Inc. All Rights Reserved.
Copyright 2022-2024 Advanced Micro Devices, Inc. All Rights Reserved.
Running: C:/Xilinx/Vivado/2024.1/bin/unwrapped/win64.o/xelab.exe --incr --debug typical --relax --mt 2 -L xil_defaultlib -L blk_mem_gen_v8_4_8 -L unisims_ver -L unimacro_ver -L secureip -L xpm --snapshot testSMALL_behav xil_defaultlib.testSMALL xil_defaultlib.glbl -log elaborate.log 
Using 2 slave threads.
Starting static elaboration
Pass Through NonSizing Optimizer
Completed static elaboration
INFO: [XSIM 43-4323] No Change in HDL. Linking previously generated obj files to create kernel
INFO: [USF-XSim-69] 'elaborate' step finished in '3' seconds
Time resolution is 1 ps
 Block Memory Generator module loading initial data...
 Block Memory Generator data initialization complete.
Block Memory Generator module testSMALL.T.InstructionMemory.inst.native_mem_module.blk_mem_gen_v8_4_8_inst is using a behavioral model for simulation which will not precisely model memory collision behavior.
Block Memory Generator module testSMALL.T.DataMemory.inst.native_mem_module.blk_mem_gen_v8_4_8_inst is using a behavioral model for simulation which will not precisely model memory collision behavior.
relaunch_sim: Time (s): cpu = 00:00:01 ; elapsed = 00:00:07 . Memory (MB): peak = 2815.664 ; gain = 0.000
run 100 us
WARNING: [IP_Flow 19-4067] Ignoring invalid widget type specified checkbox.Providing a default widget
WARNING: [IP_Flow 19-4067] Ignoring invalid widget type specified checkbox.Providing a default widget
INFO: [IP_Flow 19-3484] Absolute path of file 'c:/Users/prana/Downloads/Processor/Processor.srcs/sources_1/imports/Downloads/sumtilln.coe' provided. It will be converted relative to IP Instance files '../../../../Processor.srcs/sources_1/imports/Downloads/sumtilln.coe'
set_property CONFIG.Coe_File {C:/Users/prana/Downloads/Processor/Processor.srcs/sources_1/imports/Downloads/sumtilln.coe} [get_ips mem_rom]
INFO: [IP_Flow 19-3484] Absolute path of file 'c:/Users/prana/Downloads/Processor/Processor.srcs/sources_1/imports/Downloads/sumtilln.coe' provided. It will be converted relative to IP Instance files '../../imports/Downloads/sumtilln.coe'
WARNING: [filemgmt 56-199] Attempt to get parsing info during refresh. "On-the-fly" syntax checking information may be incorrect. [C:\Users\prana\Downloads\Processor\Processor.srcs\sources_1\imports\Downloads\Proccessor\Proccessor.srcs\sources_1\new\IR.v:]
WARNING: [filemgmt 56-199] Attempt to get parsing info during refresh. "On-the-fly" syntax checking information may be incorrect. [C:\Users\prana\Downloads\Processor\Processor.srcs\sources_1\new\clkDiv.v:]
WARNING: [filemgmt 56-199] Attempt to get parsing info during refresh. "On-the-fly" syntax checking information may be incorrect. [C:\Users\prana\Downloads\Processor\Processor.srcs\sim_1\imports\new\testSMALL.v:]
WARNING: [filemgmt 56-199] Attempt to get parsing info during refresh. "On-the-fly" syntax checking information may be incorrect. [C:\Users\prana\Downloads\Processor\Processor.srcs\sources_1\imports\Downloads\Proccessor\Proccessor.srcs\sources_1\imports\new\topModule.v:]
WARNING: [filemgmt 56-199] Attempt to get parsing info during refresh. "On-the-fly" syntax checking information may be incorrect. [C:\Users\prana\Downloads\Processor\Processor.srcs\sources_1\imports\Downloads\Proccessor\Proccessor.srcs\sources_1\imports\new\controlSignal.v:]
WARNING: [filemgmt 56-199] Attempt to get parsing info during refresh. "On-the-fly" syntax checking information may be incorrect. [C:\Users\prana\Downloads\Processor\Processor.srcs\sim_1\imports\new\testSMALL.v:]
WARNING: [filemgmt 56-199] Attempt to get parsing info during refresh. "On-the-fly" syntax checking information may be incorrect. [C:\Users\prana\Downloads\Processor\Processor.srcs\sim_1\imports\new\testSMALL.v:]
WARNING: [filemgmt 56-199] Attempt to get parsing info during refresh. "On-the-fly" syntax checking information may be incorrect. [C:\Users\prana\Downloads\Processor\Processor.srcs\sources_1\imports\Downloads\Proccessor\Proccessor.srcs\sources_1\new\IR.v:]
WARNING: [filemgmt 56-199] Attempt to get parsing info during refresh. "On-the-fly" syntax checking information may be incorrect. [C:\Users\prana\Downloads\Processor\Processor.srcs\sources_1\new\clkDiv.v:]
WARNING: [filemgmt 56-199] Attempt to get parsing info during refresh. "On-the-fly" syntax checking information may be incorrect. [C:\Users\prana\Downloads\Processor\Processor.srcs\sim_1\imports\new\testSMALL.v:]
WARNING: [filemgmt 56-199] Attempt to get parsing info during refresh. "On-the-fly" syntax checking information may be incorrect. [C:\Users\prana\Downloads\Processor\Processor.srcs\sources_1\imports\Downloads\Proccessor\Proccessor.srcs\sources_1\imports\new\topModule.v:]
WARNING: [filemgmt 56-199] Attempt to get parsing info during refresh. "On-the-fly" syntax checking information may be incorrect. [C:\Users\prana\Downloads\Processor\Processor.srcs\sources_1\imports\Downloads\Proccessor\Proccessor.srcs\sources_1\imports\new\controlSignal.v:]
WARNING: [filemgmt 56-199] Attempt to get parsing info during refresh. "On-the-fly" syntax checking information may be incorrect. [C:\Users\prana\Downloads\Processor\Processor.srcs\sources_1\imports\Downloads\Proccessor\Proccessor.srcs\sources_1\new\IR.v:]
WARNING: [filemgmt 56-199] Attempt to get parsing info during refresh. "On-the-fly" syntax checking information may be incorrect. [C:\Users\prana\Downloads\Processor\Processor.srcs\sources_1\imports\Downloads\Proccessor\Proccessor.srcs\sources_1\new\IR.v:]
WARNING: [filemgmt 56-199] Attempt to get parsing info during refresh. "On-the-fly" syntax checking information may be incorrect. [C:\Users\prana\Downloads\Processor\Processor.srcs\sources_1\imports\Downloads\Proccessor\Proccessor.srcs\sources_1\new\IR.v:]
WARNING: [filemgmt 56-199] Attempt to get parsing info during refresh. "On-the-fly" syntax checking information may be incorrect. [C:\Users\prana\Downloads\Processor\Processor.srcs\sources_1\new\clkDiv.v:]
WARNING: [filemgmt 56-199] Attempt to get parsing info during refresh. "On-the-fly" syntax checking information may be incorrect. [C:\Users\prana\Downloads\Processor\Processor.srcs\sim_1\imports\new\testSMALL.v:]
WARNING: [filemgmt 56-199] Attempt to get parsing info during refresh. "On-the-fly" syntax checking information may be incorrect. [C:\Users\prana\Downloads\Processor\Processor.srcs\sources_1\imports\Downloads\Proccessor\Proccessor.srcs\sources_1\imports\new\topModule.v:]
WARNING: [filemgmt 56-199] Attempt to get parsing info during refresh. "On-the-fly" syntax checking information may be incorrect. [C:\Users\prana\Downloads\Processor\Processor.srcs\sources_1\imports\Downloads\Proccessor\Proccessor.srcs\sources_1\imports\new\controlSignal.v:]
WARNING: [filemgmt 56-199] Attempt to get parsing info during refresh. "On-the-fly" syntax checking information may be incorrect. [C:\Users\prana\Downloads\Processor\Processor.srcs\sources_1\imports\Downloads\Proccessor\Proccessor.srcs\sources_1\imports\new\topModule.v:]
WARNING: [filemgmt 56-199] Attempt to get parsing info during refresh. "On-the-fly" syntax checking information may be incorrect. [C:\Users\prana\Downloads\Processor\Processor.srcs\sources_1\imports\Downloads\Proccessor\Proccessor.srcs\sources_1\imports\new\topModule.v:]
generate_target all [get_files  c:/Users/prana/Downloads/Processor/Processor.srcs/sources_1/ip/mem_rom_1/mem_rom.xci]
INFO: [IP_Flow 19-1686] Generating 'Instantiation Template' target for IP 'mem_rom'...
INFO: [IP_Flow 19-1686] Generating 'Synthesis' target for IP 'mem_rom'...
INFO: [IP_Flow 19-1686] Generating 'Simulation' target for IP 'mem_rom'...
INFO: [IP_Flow 19-1686] Generating 'Miscellaneous' target for IP 'mem_rom'...
INFO: [IP_Flow 19-1686] Generating 'Change Log' target for IP 'mem_rom'...
catch { config_ip_cache -export [get_ips -all mem_rom] }
INFO: [IP_Flow 19-6924] IPCACHE: Running cache check for IP inst: mem_rom
export_ip_user_files -of_objects [get_files c:/Users/prana/Downloads/Processor/Processor.srcs/sources_1/ip/mem_rom_1/mem_rom.xci] -no_script -sync -force -quiet
reset_run mem_rom_synth_1
ERROR: [Common 17-180] Spawn failed: No error
ERROR: [Common 17-180] Spawn failed: No error
WARNING: [Vivado 12-1017] Problems encountered:
1. Failed to delete one or more files in run directory C:/Users/prana/Downloads/Processor/Processor.runs/mem_rom_synth_1

ERROR: [Common 17-39] 'reset_runs' failed due to earlier errors.
relaunch_sim
Command: launch_simulation -step compile -simset sim_1 -mode behavioral
INFO: [Vivado 12-12493] Simulation top is 'testSMALL'
WARNING: [Vivado 12-13340] Unable to auto find GCC executables from simulator install path! (path not set)
INFO: [Vivado 12-5698] Checking validity of IPs in the design for the 'XSim' simulator...
INFO: [Vivado 12-5682] Launching behavioral simulation in 'C:/Users/prana/Downloads/Processor/Processor.sim/sim_1/behav/xsim'
INFO: [Vivado 12-4795] Using compiled simulation libraries for IPs
INFO: [SIM-utils-51] Simulation object is 'sim_1'
INFO: [USF-XSim-2] XSim::Compile design
INFO: [USF-XSim-61] Executing 'COMPILE and ANALYZE' step in 'C:/Users/prana/Downloads/Processor/Processor.sim/sim_1/behav/xsim'
"xvlog --incr --relax -prj testSMALL_vlog.prj"
INFO: [VRFC 10-2263] Analyzing Verilog file "C:/Users/prana/Downloads/Processor/Processor.gen/sources_1/ip/mem_ram/sim/mem_ram.v" into library xil_defaultlib
INFO: [VRFC 10-311] analyzing module mem_ram
INFO: [VRFC 10-2263] Analyzing Verilog file "C:/Users/prana/Downloads/Processor/Processor.gen/sources_1/ip/mem_rom/sim/mem_rom.v" into library xil_defaultlib
INFO: [VRFC 10-311] analyzing module mem_rom
INFO: [VRFC 10-2263] Analyzing Verilog file "C:/Users/prana/Downloads/Processor/Processor.srcs/sources_1/imports/Downloads/Proccessor/Proccessor.srcs/sources_1/new/IR.v" into library xil_defaultlib
INFO: [VRFC 10-311] analyzing module IR
INFO: [VRFC 10-2263] Analyzing Verilog file "C:/Users/prana/Downloads/Processor/Processor.srcs/sources_1/imports/Downloads/Proccessor/Proccessor.srcs/sources_1/imports/new/LUI.v" into library xil_defaultlib
INFO: [VRFC 10-311] analyzing module LUI
INFO: [VRFC 10-2263] Analyzing Verilog file "C:/Users/prana/Downloads/Processor/Processor.srcs/sources_1/imports/Downloads/Proccessor/Proccessor.srcs/sources_1/imports/new/RegBank.v" into library xil_defaultlib
INFO: [VRFC 10-311] analyzing module register
INFO: [VRFC 10-311] analyzing module regBank
INFO: [VRFC 10-2263] Analyzing Verilog file "C:/Users/prana/Downloads/Processor/Processor.srcs/sources_1/imports/Downloads/Proccessor/Proccessor.srcs/sources_1/imports/new/SGT.v" into library xil_defaultlib
INFO: [VRFC 10-311] analyzing module SGT
INFO: [VRFC 10-2263] Analyzing Verilog file "C:/Users/prana/Downloads/Processor/Processor.srcs/sources_1/imports/Downloads/Proccessor/Proccessor.srcs/sources_1/imports/new/SLT.v" into library xil_defaultlib
INFO: [VRFC 10-311] analyzing module SLT
INFO: [VRFC 10-2263] Analyzing Verilog file "C:/Users/prana/Downloads/Processor/Processor.srcs/sources_1/imports/Downloads/Proccessor/Proccessor.srcs/sources_1/new/SignE.v" into library xil_defaultlib
INFO: [VRFC 10-311] analyzing module SignE
INFO: [VRFC 10-2263] Analyzing Verilog file "C:/Users/prana/Downloads/Processor/Processor.srcs/sources_1/imports/Downloads/Proccessor/Proccessor.srcs/sources_1/imports/new/adder.v" into library xil_defaultlib
INFO: [VRFC 10-311] analyzing module adder
INFO: [VRFC 10-311] analyzing module fullAdder32
INFO: [VRFC 10-311] analyzing module fullAdder8
INFO: [VRFC 10-311] analyzing module fullAdder
INFO: [VRFC 10-2263] Analyzing Verilog file "C:/Users/prana/Downloads/Processor/Processor.srcs/sources_1/imports/Downloads/Proccessor/Proccessor.srcs/sources_1/imports/new/bitwiseAND.v" into library xil_defaultlib
INFO: [VRFC 10-311] analyzing module bitwiseAND
INFO: [VRFC 10-2263] Analyzing Verilog file "C:/Users/prana/Downloads/Processor/Processor.srcs/sources_1/imports/Downloads/Proccessor/Proccessor.srcs/sources_1/imports/new/bitwiseNOR.v" into library xil_defaultlib
INFO: [VRFC 10-311] analyzing module bitwiseNOR
INFO: [VRFC 10-2263] Analyzing Verilog file "C:/Users/prana/Downloads/Processor/Processor.srcs/sources_1/imports/Downloads/Proccessor/Proccessor.srcs/sources_1/imports/new/bitwiseNOT.v" into library xil_defaultlib
INFO: [VRFC 10-311] analyzing module bitwiseNOT
INFO: [VRFC 10-2263] Analyzing Verilog file "C:/Users/prana/Downloads/Processor/Processor.srcs/sources_1/imports/Downloads/Proccessor/Proccessor.srcs/sources_1/imports/new/bitwiseOR.v" into library xil_defaultlib
INFO: [VRFC 10-311] analyzing module bitwiseOR
INFO: [VRFC 10-2263] Analyzing Verilog file "C:/Users/prana/Downloads/Processor/Processor.srcs/sources_1/imports/Downloads/Proccessor/Proccessor.srcs/sources_1/imports/new/bitwiseXOR.v" into library xil_defaultlib
INFO: [VRFC 10-311] analyzing module bitwiseXOR
INFO: [VRFC 10-2263] Analyzing Verilog file "C:/Users/prana/Downloads/Processor/Processor.srcs/sources_1/new/clkDiv.v" into library xil_defaultlib
INFO: [VRFC 10-311] analyzing module clkDiv
INFO: [VRFC 10-2263] Analyzing Verilog file "C:/Users/prana/Downloads/Processor/Processor.srcs/sources_1/imports/Downloads/Proccessor/Proccessor.srcs/sources_1/new/cond_check.v" into library xil_defaultlib
INFO: [VRFC 10-311] analyzing module cond_check
INFO: [VRFC 10-2263] Analyzing Verilog file "C:/Users/prana/Downloads/Processor/Processor.srcs/sources_1/imports/Downloads/Proccessor/Proccessor.srcs/sources_1/imports/new/controlSignal.v" into library xil_defaultlib
INFO: [VRFC 10-311] analyzing module controlSignal
INFO: [VRFC 10-2263] Analyzing Verilog file "C:/Users/prana/Downloads/Processor/Processor.srcs/sources_1/imports/Downloads/Proccessor/Proccessor.srcs/sources_1/imports/new/decA.v" into library xil_defaultlib
INFO: [VRFC 10-311] analyzing module decA
INFO: [VRFC 10-2263] Analyzing Verilog file "C:/Users/prana/Downloads/Processor/Processor.srcs/sources_1/imports/Downloads/Proccessor/Proccessor.srcs/sources_1/imports/new/hamA.v" into library xil_defaultlib
INFO: [VRFC 10-311] analyzing module fullAdder2
INFO: [VRFC 10-311] analyzing module fullAdder3
INFO: [VRFC 10-311] analyzing module hamA_8
INFO: [VRFC 10-311] analyzing module hamA
INFO: [VRFC 10-2263] Analyzing Verilog file "C:/Users/prana/Downloads/Processor/Processor.srcs/sources_1/imports/Downloads/Proccessor/Proccessor.srcs/sources_1/imports/new/incA.v" into library xil_defaultlib
INFO: [VRFC 10-311] analyzing module incA
INFO: [VRFC 10-2263] Analyzing Verilog file "C:/Users/prana/Downloads/Processor/Processor.srcs/sources_1/imports/Downloads/Proccessor/Proccessor.srcs/sources_1/imports/new/leftShift.v" into library xil_defaultlib
INFO: [VRFC 10-311] analyzing module leftShift
INFO: [VRFC 10-311] analyzing module leftShift32
INFO: [VRFC 10-2263] Analyzing Verilog file "C:/Users/prana/Downloads/Processor/Processor.srcs/sources_1/imports/Downloads/Proccessor/Proccessor.srcs/sources_1/imports/new/main.v" into library xil_defaultlib
INFO: [VRFC 10-311] analyzing module kALU
INFO: [VRFC 10-2263] Analyzing Verilog file "C:/Users/prana/Downloads/Processor/Processor.srcs/sources_1/imports/Downloads/Proccessor/Proccessor.srcs/sources_1/imports/new/mux.v" into library xil_defaultlib
INFO: [VRFC 10-311] analyzing module mux32to1_bitwise
INFO: [VRFC 10-311] analyzing module mux32to1
INFO: [VRFC 10-311] analyzing module mux16to1_bitwise
INFO: [VRFC 10-311] analyzing module mux16to1
INFO: [VRFC 10-311] analyzing module mux8to1_bitwise
INFO: [VRFC 10-311] analyzing module mux8to1
INFO: [VRFC 10-311] analyzing module mux4to1
INFO: [VRFC 10-311] analyzing module mux2to1
INFO: [VRFC 10-2263] Analyzing Verilog file "C:/Users/prana/Downloads/Processor/Processor.srcs/sources_1/imports/Downloads/Proccessor/Proccessor.srcs/sources_1/new/mux.v" into library xil_defaultlib
INFO: [VRFC 10-311] analyzing module mux
INFO: [VRFC 10-2263] Analyzing Verilog file "C:/Users/prana/Downloads/Processor/Processor.srcs/sources_1/imports/Downloads/Proccessor/Proccessor.srcs/sources_1/imports/new/rightShift_A.v" into library xil_defaultlib
INFO: [VRFC 10-311] analyzing module rightShift_A
INFO: [VRFC 10-311] analyzing module rightShift_A32
INFO: [VRFC 10-2263] Analyzing Verilog file "C:/Users/prana/Downloads/Processor/Processor.srcs/sources_1/imports/Downloads/Proccessor/Proccessor.srcs/sources_1/imports/new/rightShift_L.v" into library xil_defaultlib
INFO: [VRFC 10-311] analyzing module rightShift_L
INFO: [VRFC 10-311] analyzing module rightShift_L32
INFO: [VRFC 10-2263] Analyzing Verilog file "C:/Users/prana/Downloads/Processor/Processor.srcs/sources_1/imports/Downloads/Proccessor/Proccessor.srcs/sources_1/imports/new/subtractor.v" into library xil_defaultlib
INFO: [VRFC 10-311] analyzing module subtract
INFO: [VRFC 10-311] analyzing module fullSubtract32
INFO: [VRFC 10-311] analyzing module fullSubtract8
INFO: [VRFC 10-311] analyzing module fullSubtract
INFO: [VRFC 10-2263] Analyzing Verilog file "C:/Users/prana/Downloads/Processor/Processor.srcs/sources_1/imports/Downloads/Proccessor/Proccessor.srcs/sources_1/imports/new/topModule.v" into library xil_defaultlib
INFO: [VRFC 10-311] analyzing module topModule
INFO: [VRFC 10-2263] Analyzing Verilog file "C:/Users/prana/Downloads/Processor/Processor.srcs/sim_1/imports/new/testSMALL.v" into library xil_defaultlib
INFO: [VRFC 10-311] analyzing module testSMALL
run_program: Time (s): cpu = 00:00:00 ; elapsed = 00:00:06 . Memory (MB): peak = 3154.680 ; gain = 0.000
INFO: [USF-XSim-69] 'compile' step finished in '6' seconds
launch_simulation: Time (s): cpu = 00:00:00 ; elapsed = 00:00:06 . Memory (MB): peak = 3154.680 ; gain = 0.000
Command: launch_simulation -step elaborate -simset sim_1 -mode behavioral
INFO: [Vivado 12-12493] Simulation top is 'testSMALL'
WARNING: [Vivado 12-13340] Unable to auto find GCC executables from simulator install path! (path not set)
INFO: [Vivado 12-5698] Checking validity of IPs in the design for the 'XSim' simulator...
INFO: [Vivado 12-5682] Launching behavioral simulation in 'C:/Users/prana/Downloads/Processor/Processor.sim/sim_1/behav/xsim'
INFO: [Vivado 12-4795] Using compiled simulation libraries for IPs
INFO: [SIM-utils-51] Simulation object is 'sim_1'
INFO: [USF-XSim-3] XSim::Elaborate design
INFO: [USF-XSim-61] Executing 'ELABORATE' step in 'C:/Users/prana/Downloads/Processor/Processor.sim/sim_1/behav/xsim'
"xelab --incr --debug typical --relax --mt 2 -L xil_defaultlib -L blk_mem_gen_v8_4_8 -L unisims_ver -L unimacro_ver -L secureip -L xpm --snapshot testSMALL_behav xil_defaultlib.testSMALL xil_defaultlib.glbl -log elaborate.log"
Vivado Simulator v2024.1
Copyright 1986-2022 Xilinx, Inc. All Rights Reserved.
Copyright 2022-2024 Advanced Micro Devices, Inc. All Rights Reserved.
Running: C:/Xilinx/Vivado/2024.1/bin/unwrapped/win64.o/xelab.exe --incr --debug typical --relax --mt 2 -L xil_defaultlib -L blk_mem_gen_v8_4_8 -L unisims_ver -L unimacro_ver -L secureip -L xpm --snapshot testSMALL_behav xil_defaultlib.testSMALL xil_defaultlib.glbl -log elaborate.log 
Using 2 slave threads.
Starting static elaboration
Pass Through NonSizing Optimizer
Completed static elaboration
Starting simulation data flow analysis
Completed simulation data flow analysis
Time Resolution for simulation is 1ps
Compiling module xil_defaultlib.clkDiv
Compiling module xil_defaultlib.controlSignal
Compiling module blk_mem_gen_v8_4_8.blk_mem_gen_v8_4_8_output_stage(...
Compiling module blk_mem_gen_v8_4_8.blk_mem_gen_v8_4_8_output_stage(...
Compiling module blk_mem_gen_v8_4_8.blk_mem_gen_v8_4_8_softecc_outpu...
Compiling module blk_mem_gen_v8_4_8.blk_mem_gen_v8_4_8_mem_module(C_...
Compiling module blk_mem_gen_v8_4_8.blk_mem_gen_v8_4_8(C_FAMILY="art...
Compiling module xil_defaultlib.mem_rom
Compiling module xil_defaultlib.IR
Compiling module xil_defaultlib.register
Compiling module xil_defaultlib.regBank
Compiling module xil_defaultlib.mux
Compiling module xil_defaultlib.fullAdder
Compiling module xil_defaultlib.fullAdder8
Compiling module xil_defaultlib.fullAdder32
Compiling module xil_defaultlib.adder
Compiling module xil_defaultlib.fullSubtract
Compiling module xil_defaultlib.fullSubtract8
Compiling module xil_defaultlib.fullSubtract32
Compiling module xil_defaultlib.subtract
Compiling module xil_defaultlib.SLT
Compiling module xil_defaultlib.SGT
Compiling module xil_defaultlib.bitwiseAND
Compiling module xil_defaultlib.bitwiseOR
Compiling module xil_defaultlib.bitwiseXOR
Compiling module xil_defaultlib.bitwiseNOT
Compiling module xil_defaultlib.bitwiseNOR
Compiling module xil_defaultlib.LUI
Compiling module xil_defaultlib.mux4to1
Compiling module xil_defaultlib.mux16to1
Compiling module xil_defaultlib.mux2to1
Compiling module xil_defaultlib.mux32to1_bitwise
Compiling module xil_defaultlib.leftShift32
Compiling module xil_defaultlib.leftShift
Compiling module xil_defaultlib.rightShift_L32
Compiling module xil_defaultlib.rightShift_L
Compiling module xil_defaultlib.rightShift_A32
Compiling module xil_defaultlib.rightShift_A
Compiling module xil_defaultlib.incA
Compiling module xil_defaultlib.decA
Compiling module xil_defaultlib.fullAdder2
Compiling module xil_defaultlib.fullAdder3
Compiling module xil_defaultlib.hamA_8
Compiling module xil_defaultlib.hamA
Compiling module xil_defaultlib.mux8to1
Compiling module xil_defaultlib.mux16to1_bitwise
Compiling module xil_defaultlib.kALU
Compiling module blk_mem_gen_v8_4_8.blk_mem_gen_v8_4_8_mem_module(C_...
Compiling module blk_mem_gen_v8_4_8.blk_mem_gen_v8_4_8(C_FAMILY="art...
Compiling module xil_defaultlib.mem_ram
Compiling module xil_defaultlib.SignE
Compiling module xil_defaultlib.cond_check
Compiling module xil_defaultlib.topModule
Compiling module xil_defaultlib.testSMALL
Compiling module xil_defaultlib.glbl
Built simulation snapshot testSMALL_behav
run_program: Time (s): cpu = 00:00:00 ; elapsed = 00:00:08 . Memory (MB): peak = 3154.680 ; gain = 0.000
INFO: [USF-XSim-69] 'elaborate' step finished in '8' seconds
launch_simulation: Time (s): cpu = 00:00:00 ; elapsed = 00:00:08 . Memory (MB): peak = 3154.680 ; gain = 0.000
Time resolution is 1 ps
 Block Memory Generator module loading initial data...
 Block Memory Generator data initialization complete.
Block Memory Generator module testSMALL.T.InstructionMemory.inst.native_mem_module.blk_mem_gen_v8_4_8_inst is using a behavioral model for simulation which will not precisely model memory collision behavior.
Block Memory Generator module testSMALL.T.DataMemory.inst.native_mem_module.blk_mem_gen_v8_4_8_inst is using a behavioral model for simulation which will not precisely model memory collision behavior.
relaunch_sim: Time (s): cpu = 00:00:02 ; elapsed = 00:00:16 . Memory (MB): peak = 3154.680 ; gain = 0.000
run 100 us
WARNING: [IP_Flow 19-4067] Ignoring invalid widget type specified checkbox.Providing a default widget
WARNING: [IP_Flow 19-4067] Ignoring invalid widget type specified checkbox.Providing a default widget
WARNING: [IP_Flow 19-4067] Ignoring invalid widget type specified checkbox.Providing a default widget
WARNING: [IP_Flow 19-4067] Ignoring invalid widget type specified checkbox.Providing a default widget
generate_target all [get_files  c:/Users/prana/Downloads/Processor/Processor.srcs/sources_1/ip/mem_rom_1/mem_rom.xci]
catch { config_ip_cache -export [get_ips -all mem_rom] }
INFO: [IP_Flow 19-6924] IPCACHE: Running cache check for IP inst: mem_rom
export_ip_user_files -of_objects [get_files c:/Users/prana/Downloads/Processor/Processor.srcs/sources_1/ip/mem_rom_1/mem_rom.xci] -no_script -sync -force -quiet
launch_runs mem_rom_synth_1 -jobs 4
INFO: [IP_Flow 19-6924] IPCACHE: Running cache check for IP inst: mem_rom
[Mon Nov 11 22:38:01 2024] Launched mem_rom_synth_1...
Run output will be captured here: C:/Users/prana/Downloads/Processor/Processor.runs/mem_rom_synth_1/runme.log
export_simulation -of_objects [get_files c:/Users/prana/Downloads/Processor/Processor.srcs/sources_1/ip/mem_rom_1/mem_rom.xci] -directory C:/Users/prana/Downloads/Processor/Processor.ip_user_files/sim_scripts -ip_user_files_dir C:/Users/prana/Downloads/Processor/Processor.ip_user_files -ipstatic_source_dir C:/Users/prana/Downloads/Processor/Processor.ip_user_files/ipstatic -lib_map_path [list {modelsim=C:/Users/prana/Downloads/Processor/Processor.cache/compile_simlib/modelsim} {questa=C:/Users/prana/Downloads/Processor/Processor.cache/compile_simlib/questa} {riviera=C:/Users/prana/Downloads/Processor/Processor.cache/compile_simlib/riviera} {activehdl=C:/Users/prana/Downloads/Processor/Processor.cache/compile_simlib/activehdl}] -use_ip_compiled_libs -force -quiet
relaunch_sim
Command: launch_simulation -step compile -simset sim_1 -mode behavioral
INFO: [Vivado 12-12493] Simulation top is 'testSMALL'
WARNING: [Vivado 12-13340] Unable to auto find GCC executables from simulator install path! (path not set)
boost::filesystem::remove: The process cannot access the file because it is being used by another process: "C:/Users/prana/Downloads/Processor/Processor.sim/sim_1/behav/xsim/simulate.log"
INFO: [Common 17-17] undo 'relaunch_sim'
INFO: [Common 17-17] undo 'relaunch_sim'
ERROR: [Common 17-69] Command failed: boost::filesystem::remove: The process cannot access the file because it is being used by another process: "C:/Users/prana/Downloads/Processor/Processor.sim/sim_1/behav/xsim/simulate.log"
relaunch_sim
Command: launch_simulation -step compile -simset sim_1 -mode behavioral
INFO: [Vivado 12-12493] Simulation top is 'testSMALL'
WARNING: [Vivado 12-13340] Unable to auto find GCC executables from simulator install path! (path not set)
boost::filesystem::remove: The process cannot access the file because it is being used by another process: "C:/Users/prana/Downloads/Processor/Processor.sim/sim_1/behav/xsim/simulate.log"
INFO: [Common 17-17] undo 'relaunch_sim'
INFO: [Common 17-17] undo 'relaunch_sim'
ERROR: [Common 17-69] Command failed: boost::filesystem::remove: The process cannot access the file because it is being used by another process: "C:/Users/prana/Downloads/Processor/Processor.sim/sim_1/behav/xsim/simulate.log"
relaunch_sim
Command: launch_simulation -step compile -simset sim_1 -mode behavioral
INFO: [Vivado 12-12493] Simulation top is 'testSMALL'
WARNING: [Vivado 12-13340] Unable to auto find GCC executables from simulator install path! (path not set)
boost::filesystem::remove: The process cannot access the file because it is being used by another process: "C:/Users/prana/Downloads/Processor/Processor.sim/sim_1/behav/xsim/simulate.log"
INFO: [Common 17-17] undo 'relaunch_sim'
INFO: [Common 17-17] undo 'relaunch_sim'
ERROR: [Common 17-69] Command failed: boost::filesystem::remove: The process cannot access the file because it is being used by another process: "C:/Users/prana/Downloads/Processor/Processor.sim/sim_1/behav/xsim/simulate.log"
relaunch_sim
Command: launch_simulation -step compile -simset sim_1 -mode behavioral
INFO: [Vivado 12-12493] Simulation top is 'testSMALL'
WARNING: [Vivado 12-13340] Unable to auto find GCC executables from simulator install path! (path not set)
boost::filesystem::remove: The process cannot access the file because it is being used by another process: "C:/Users/prana/Downloads/Processor/Processor.sim/sim_1/behav/xsim/simulate.log"
INFO: [Common 17-17] undo 'relaunch_sim'
INFO: [Common 17-17] undo 'relaunch_sim'
ERROR: [Common 17-69] Command failed: boost::filesystem::remove: The process cannot access the file because it is being used by another process: "C:/Users/prana/Downloads/Processor/Processor.sim/sim_1/behav/xsim/simulate.log"
close_sim
INFO: [Simtcl 6-16] Simulation closed
launch_simulation
Command: launch_simulation 
INFO: [Vivado 12-12493] Simulation top is 'testSMALL'
WARNING: [Vivado 12-13340] Unable to auto find GCC executables from simulator install path! (path not set)
boost::filesystem::remove: The process cannot access the file because it is being used by another process: "C:/Users/prana/Downloads/Processor/Processor.sim/sim_1/behav/xsim/simulate.log"
launch_simulation
Command: launch_simulation 
INFO: [Vivado 12-12493] Simulation top is 'testSMALL'
WARNING: [Vivado 12-13340] Unable to auto find GCC executables from simulator install path! (path not set)
boost::filesystem::remove: The process cannot access the file because it is being used by another process: "C:/Users/prana/Downloads/Processor/Processor.sim/sim_1/behav/xsim/simulate.log"
launch_simulation
Command: launch_simulation 
INFO: [Vivado 12-12493] Simulation top is 'testSMALL'
WARNING: [Vivado 12-13340] Unable to auto find GCC executables from simulator install path! (path not set)
boost::filesystem::remove: The process cannot access the file because it is being used by another process: "C:/Users/prana/Downloads/Processor/Processor.sim/sim_1/behav/xsim/simulate.log"
launch_simulation
Command: launch_simulation 
INFO: [Vivado 12-12493] Simulation top is 'testSMALL'
WARNING: [Vivado 12-13340] Unable to auto find GCC executables from simulator install path! (path not set)
boost::filesystem::remove: The process cannot access the file because it is being used by another process: "C:/Users/prana/Downloads/Processor/Processor.sim/sim_1/behav/xsim/simulate.log"
WARNING: [filemgmt 56-199] Attempt to get parsing info during refresh. "On-the-fly" syntax checking information may be incorrect. [C:\Users\prana\Downloads\Processor\Processor.srcs\sources_1\imports\Downloads\Proccessor\Proccessor.srcs\sources_1\new\IR.v:]
WARNING: [filemgmt 56-199] Attempt to get parsing info during refresh. "On-the-fly" syntax checking information may be incorrect. [C:\Users\prana\Downloads\Processor\Processor.srcs\sources_1\new\clkDiv.v:]
WARNING: [filemgmt 56-199] Attempt to get parsing info during refresh. "On-the-fly" syntax checking information may be incorrect. [C:\Users\prana\Downloads\Processor\Processor.srcs\sim_1\imports\new\testSMALL.v:]
WARNING: [filemgmt 56-199] Attempt to get parsing info during refresh. "On-the-fly" syntax checking information may be incorrect. [C:\Users\prana\Downloads\Processor\Processor.srcs\sources_1\imports\Downloads\Proccessor\Proccessor.srcs\sources_1\imports\new\topModule.v:]
WARNING: [filemgmt 56-199] Attempt to get parsing info during refresh. "On-the-fly" syntax checking information may be incorrect. [C:\Users\prana\Downloads\Processor\Processor.srcs\sources_1\imports\Downloads\Proccessor\Proccessor.srcs\sources_1\imports\new\controlSignal.v:]
WARNING: [filemgmt 56-199] Attempt to get parsing info during refresh. "On-the-fly" syntax checking information may be incorrect. [C:\Users\prana\Downloads\Processor\Processor.srcs\sources_1\imports\Downloads\Proccessor\Proccessor.srcs\sources_1\new\IR.v:]
WARNING: [filemgmt 56-199] Attempt to get parsing info during refresh. "On-the-fly" syntax checking information may be incorrect. [C:\Users\prana\Downloads\Processor\Processor.srcs\sources_1\imports\Downloads\Proccessor\Proccessor.srcs\sources_1\new\IR.v:]
WARNING: [filemgmt 56-199] Attempt to get parsing info during refresh. "On-the-fly" syntax checking information may be incorrect. [C:\Users\prana\Downloads\Processor\Processor.srcs\sources_1\imports\Downloads\Proccessor\Proccessor.srcs\sources_1\new\IR.v:]
WARNING: [filemgmt 56-199] Attempt to get parsing info during refresh. "On-the-fly" syntax checking information may be incorrect. [C:\Users\prana\Downloads\Processor\Processor.srcs\sources_1\new\clkDiv.v:]
WARNING: [filemgmt 56-199] Attempt to get parsing info during refresh. "On-the-fly" syntax checking information may be incorrect. [C:\Users\prana\Downloads\Processor\Processor.srcs\sim_1\imports\new\testSMALL.v:]
WARNING: [filemgmt 56-199] Attempt to get parsing info during refresh. "On-the-fly" syntax checking information may be incorrect. [C:\Users\prana\Downloads\Processor\Processor.srcs\sources_1\imports\Downloads\Proccessor\Proccessor.srcs\sources_1\imports\new\topModule.v:]
WARNING: [filemgmt 56-199] Attempt to get parsing info during refresh. "On-the-fly" syntax checking information may be incorrect. [C:\Users\prana\Downloads\Processor\Processor.srcs\sources_1\imports\Downloads\Proccessor\Proccessor.srcs\sources_1\imports\new\controlSignal.v:]
WARNING: [filemgmt 56-199] Attempt to get parsing info during refresh. "On-the-fly" syntax checking information may be incorrect. [C:\Users\prana\Downloads\Processor\Processor.srcs\sources_1\new\clkDiv.v:]
WARNING: [filemgmt 56-199] Attempt to get parsing info during refresh. "On-the-fly" syntax checking information may be incorrect. [C:\Users\prana\Downloads\Processor\Processor.srcs\sources_1\new\clkDiv.v:]
reset_run mem_rom_synth_1
WARNING: [filemgmt 56-199] Attempt to get parsing info during refresh. "On-the-fly" syntax checking information may be incorrect. [C:\Users\prana\Downloads\Processor\Processor.srcs\sources_1\imports\Downloads\Proccessor\Proccessor.srcs\sources_1\new\IR.v:]
WARNING: [filemgmt 56-199] Attempt to get parsing info during refresh. "On-the-fly" syntax checking information may be incorrect. [C:\Users\prana\Downloads\Processor\Processor.srcs\sources_1\new\clkDiv.v:]
WARNING: [filemgmt 56-199] Attempt to get parsing info during refresh. "On-the-fly" syntax checking information may be incorrect. [C:\Users\prana\Downloads\Processor\Processor.srcs\sim_1\imports\new\testSMALL.v:]
WARNING: [filemgmt 56-199] Attempt to get parsing info during refresh. "On-the-fly" syntax checking information may be incorrect. [C:\Users\prana\Downloads\Processor\Processor.srcs\sources_1\imports\Downloads\Proccessor\Proccessor.srcs\sources_1\imports\new\topModule.v:]
WARNING: [filemgmt 56-199] Attempt to get parsing info during refresh. "On-the-fly" syntax checking information may be incorrect. [C:\Users\prana\Downloads\Processor\Processor.srcs\sources_1\imports\Downloads\Proccessor\Proccessor.srcs\sources_1\imports\new\controlSignal.v:]
WARNING: [filemgmt 56-199] Attempt to get parsing info during refresh. "On-the-fly" syntax checking information may be incorrect. [C:\Users\prana\Downloads\Processor\Processor.srcs\sources_1\imports\Downloads\Proccessor\Proccessor.srcs\sources_1\imports\new\topModule.v:]
WARNING: [filemgmt 56-199] Attempt to get parsing info during refresh. "On-the-fly" syntax checking information may be incorrect. [C:\Users\prana\Downloads\Processor\Processor.srcs\sources_1\imports\Downloads\Proccessor\Proccessor.srcs\sources_1\imports\new\topModule.v:]
WARNING: [filemgmt 56-199] Attempt to get parsing info during refresh. "On-the-fly" syntax checking information may be incorrect. [C:\Users\prana\Downloads\Processor\Processor.srcs\sources_1\imports\Downloads\Proccessor\Proccessor.srcs\sources_1\new\IR.v:]
WARNING: [filemgmt 56-199] Attempt to get parsing info during refresh. "On-the-fly" syntax checking information may be incorrect. [C:\Users\prana\Downloads\Processor\Processor.srcs\sources_1\new\clkDiv.v:]
WARNING: [filemgmt 56-199] Attempt to get parsing info during refresh. "On-the-fly" syntax checking information may be incorrect. [C:\Users\prana\Downloads\Processor\Processor.srcs\sim_1\imports\new\testSMALL.v:]
WARNING: [filemgmt 56-199] Attempt to get parsing info during refresh. "On-the-fly" syntax checking information may be incorrect. [C:\Users\prana\Downloads\Processor\Processor.srcs\sources_1\imports\Downloads\Proccessor\Proccessor.srcs\sources_1\imports\new\topModule.v:]
WARNING: [filemgmt 56-199] Attempt to get parsing info during refresh. "On-the-fly" syntax checking information may be incorrect. [C:\Users\prana\Downloads\Processor\Processor.srcs\sources_1\imports\Downloads\Proccessor\Proccessor.srcs\sources_1\imports\new\controlSignal.v:]
WARNING: [filemgmt 56-199] Attempt to get parsing info during refresh. "On-the-fly" syntax checking information may be incorrect. [C:\Users\prana\Downloads\Processor\Processor.srcs\sim_1\imports\new\testSMALL.v:]
WARNING: [filemgmt 56-199] Attempt to get parsing info during refresh. "On-the-fly" syntax checking information may be incorrect. [C:\Users\prana\Downloads\Processor\Processor.srcs\sim_1\imports\new\testSMALL.v:]
exit
INFO: [Common 17-206] Exiting Vivado at Mon Nov 11 22:39:09 2024...
