#
# A fatal error has been detected by the Java Runtime Environment:
#
#  EXCEPTION_ACCESS_VIOLATION (0xc0000005) at pc=0x00007ffca127f555, pid=6404, tid=9796
#
# JRE version: Java(TM) SE Runtime Environment (9.0+11) (build 9.0.4+11)
# Java VM: Java HotSpot(TM) 64-Bit Server VM (9.0.4+11, mixed mode, tiered, compressed oops, g1 gc, windows-amd64)
# Problematic frame:
# C  [librdi_common.dll+0x18f555]
#
# No core dump will be written. Minidumps are not enabled by default on client versions of Windows
#
# If you would like to submit a bug report, please visit:
#   http://bugreport.java.com/bugreport/crash.jsp
# The crash happened outside the Java Virtual Machine in native code.
# See problematic frame for where to report the bug.
#

---------------  S U M M A R Y ------------

Command Line: -Dsun.java2d.pmoffscreen=false -Dsun.java2d.xrender=false -Dsun.java2d.d3d=false -Dsun.awt.nopixfmt=true -Dsun.java2d.dpiaware=true -Dsun.java2d.uiScale.enabled=false -Xverify:none -Dswing.aatext=true -XX:-UsePerfData -Djdk.map.althashing.threshold=512 -XX:StringTableSize=4072 --add-opens=java.base/java.nio=ALL-UNNAMED --add-opens=java.desktop/sun.swing=ALL-UNNAMED --add-opens=java.desktop/javax.swing=ALL-UNNAMED --add-opens=java.desktop/javax.swing.tree=ALL-UNNAMED --add-opens=java.desktop/javax.swing.plaf.basic=ALL-UNNAMED --add-opens=java.desktop/javax.swing.plaf.synth=ALL-UNNAMED --add-opens=java.desktop/com.sun.awt=ALL-UNNAMED -XX:NewSize=60m -XX:MaxNewSize=60m -Xms128m -Xmx3072m -Xss5m 

Host: Intel(R) Core(TM) i5-4590 CPU @ 3.30GHz, 4 cores, 7G,  Windows 10 , 64 bit Build 19041 (10.0.19041.5072)
Time: Tue Nov 05 15:54:49 2024 India Standard Time elapsed time: 17580 seconds (0d 4h 53m 0s)

---------------  T H R E A D  ---------------

Current thread (0x000001e2e9f7c000):  JavaThread "AWT-EventQueue-1" [_thread_in_native, id=9796, stack(0x000000e0b6700000,0x000000e0b6c00000)]

Stack: [0x000000e0b6700000,0x000000e0b6c00000],  sp=0x000000e0b6bfad10,  free space=5099k
Native frames: (J=compiled Java code, j=interpreted, Vv=VM code, C=native code)
C  [librdi_common.dll+0x18f555]
C  [librdi_common.dll+0x1842d5]
C  [librdi_common.dll+0x14d40a]
C  [librdi_wavedata.dll+0x1e1faf]
C  [librdi_wavedata.dll+0x262fbf]
C  [librdi_wavedata.dll+0x26acd9]
C  [librdi_wavedata.dll+0x23b40b]
C  [librdi_wavedata.dll+0x277c67]
C  0x000001e2d9ea343a

Java frames: (J=compiled Java code, j=interpreted, Vv=VM code)
J 25969  ui.views.waveform.waveformi.WVExecutive_getTooltipTextDelayed(J)Ljava/lang/String; (0 bytes) @ 0x000001e2d9ea33a1 [0x000001e2d9ea3360+0x0000000000000041]
J 27418 c2 ui.views.waveform.b.a.mouseMoved(Ljava/awt/event/MouseEvent;)V (32 bytes) @ 0x000001e2d9a579cc [0x000001e2d9a57820+0x00000000000001ac]
J 19211 c2 java.awt.AWTEventMulticaster.mouseMoved(Ljava/awt/event/MouseEvent;)V java.desktop@9.0.4 (27 bytes) @ 0x000001e2d943e6f4 [0x000001e2d943e640+0x00000000000000b4]
J 32276 c2 ui.frmwork.c.i.processMouseMotionEvent(Ljava/awt/event/MouseEvent;)V (131 bytes) @ 0x000001e2d973e41c [0x000001e2d973e040+0x00000000000003dc]
J 24560 c2 java.awt.Container.processEvent(Ljava/awt/AWTEvent;)V java.desktop@9.0.4 (22 bytes) @ 0x000001e2d9652240 [0x000001e2d96520c0+0x0000000000000180]
J 29590 c2 java.awt.Component.dispatchEventImpl(Ljava/awt/AWTEvent;)V java.desktop@9.0.4 (739 bytes) @ 0x000001e2da23d0bc [0x000001e2da23c580+0x0000000000000b3c]
J 29470 c2 java.awt.Container.dispatchEventImpl(Ljava/awt/AWTEvent;)V java.desktop@9.0.4 (129 bytes) @ 0x000001e2d996b450 [0x000001e2d996b3e0+0x0000000000000070]
J 17766 c2 java.awt.LightweightDispatcher.retargetMouseEvent(Ljava/awt/Component;ILjava/awt/event/MouseEvent;)V java.desktop@9.0.4 (350 bytes) @ 0x000001e2d95698d4 [0x000001e2d9569320+0x00000000000005b4]
J 23357 c2 java.awt.LightweightDispatcher.processMouseEvent(Ljava/awt/event/MouseEvent;)Z java.desktop@9.0.4 (265 bytes) @ 0x000001e2d8f6c2cc [0x000001e2d8f6bd60+0x000000000000056c]
J 29470 c2 java.awt.Container.dispatchEventImpl(Ljava/awt/AWTEvent;)V java.desktop@9.0.4 (129 bytes) @ 0x000001e2d996b9b4 [0x000001e2d996b3e0+0x00000000000005d4]
J 19187 c2 java.awt.Window.dispatchEventImpl(Ljava/awt/AWTEvent;)V java.desktop@9.0.4 (23 bytes) @ 0x000001e2d9406f0c [0x000001e2d9406ec0+0x000000000000004c]
J 10790 c2 java.awt.EventQueue$3.run()Ljava/lang/Object; java.desktop@9.0.4 (5 bytes) @ 0x000001e2d8c544ac [0x000001e2d8c54360+0x000000000000014c]
v  ~StubRoutines::call_stub
J 4313  java.security.AccessController.doPrivileged(Ljava/security/PrivilegedAction;Ljava/security/AccessControlContext;)Ljava/lang/Object; java.base@9.0.4 (0 bytes) @ 0x000001e2d8809dc6 [0x000001e2d8809d60+0x0000000000000066]
J 17639 c2 java.awt.EventQueue$4.run()Ljava/lang/Object; java.desktop@9.0.4 (5 bytes) @ 0x000001e2d953a7d8 [0x000001e2d953a760+0x0000000000000078]
v  ~StubRoutines::call_stub
J 4313  java.security.AccessController.doPrivileged(Ljava/security/PrivilegedAction;Ljava/security/AccessControlContext;)Ljava/lang/Object; java.base@9.0.4 (0 bytes) @ 0x000001e2d8809dc6 [0x000001e2d8809d60+0x0000000000000066]
J 18995 c2 ui.frmwork.b.d.dispatchEvent(Ljava/awt/AWTEvent;)V (34 bytes) @ 0x000001e2d92b691c [0x000001e2d92b66a0+0x000000000000027c]
J 22526% c2 java.awt.EventDispatchThread.pumpEventsForFilter(ILjava/awt/Conditional;Ljava/awt/EventFilter;)V java.desktop@9.0.4 (47 bytes) @ 0x000001e2d9a16000 [0x000001e2d9a15b20+0x00000000000004e0]
j  java.awt.EventDispatchThread.pumpEventsForHierarchy(ILjava/awt/Conditional;Ljava/awt/Component;)V+11 java.desktop@9.0.4
j  java.awt.EventDispatchThread.pumpEvents(ILjava/awt/Conditional;)V+4 java.desktop@9.0.4
j  java.awt.EventDispatchThread.pumpEvents(Ljava/awt/Conditional;)V+3 java.desktop@9.0.4
j  java.awt.EventDispatchThread.run()V+9 java.desktop@9.0.4
v  ~StubRoutines::call_stub

siginfo: EXCEPTION_ACCESS_VIOLATION (0xc0000005), reading address 0xffffffffffffffff


Register to memory mapping:

RIP=0x00007ffca127f555 librdi_common.dll
RAX=0x000001e2adfe6701 is an unknown value
RBX=0x80069d077abceb13 is an unknown value
RCX=0x000001e2adfe67a0 is an unknown value
RDX=0x80069d077abceb13 is an unknown value
RSP=0x000000e0b6bfad10 is pointing into the stack for thread: 0x000001e2e9f7c000
RBP=0x000000e0b6bfae40 is pointing into the stack for thread: 0x000001e2e9f7c000
RSI=0x000001e2fafa9a40 is an unknown value
RDI=0x000000e0b6bfaf28 is pointing into the stack for thread: 0x000001e2e9f7c000
R8 =0x000000e0b6bfaf28 is pointing into the stack for thread: 0x000001e2e9f7c000
R9 =0x0000000000000000 is an unknown value
R10=0x000001e28c4b36b8 is an unknown value
R11=0x000000e0b6bfad50 is pointing into the stack for thread: 0x000001e2e9f7c000
R12=0x000000e0b6bfaf28 is pointing into the stack for thread: 0x000001e2e9f7c000
R13=0x0000000000000000 is an unknown value
R14=0x000001e2ab3d0fe0 is an unknown value
R15=0x80069d077abceb13 is an unknown value


Registers:
RAX=0x000001e2adfe6701, RBX=0x80069d077abceb13, RCX=0x000001e2adfe67a0, RDX=0x80069d077abceb13
RSP=0x000000e0b6bfad10, RBP=0x000000e0b6bfae40, RSI=0x000001e2fafa9a40, RDI=0x000000e0b6bfaf28
R8 =0x000000e0b6bfaf28, R9 =0x0000000000000000, R10=0x000001e28c4b36b8, R11=0x000000e0b6bfad50
R12=0x000000e0b6bfaf28, R13=0x0000000000000000, R14=0x000001e2ab3d0fe0, R15=0x80069d077abceb13
RIP=0x00007ffca127f555, EFLAGS=0x0000000000010202

Top of Stack: (sp=0x000000e0b6bfad10)
0x000000e0b6bfad10:   00007ffc00000000 00007ffcb202533f
0x000000e0b6bfad20:   000000e0b6bfae30 80069d077abceb13
0x000000e0b6bfad30:   80069d077abceb13 00007ffca12742d5
0x000000e0b6bfad40:   00007ffca20ef638 00007ffcb1febadc
0x000000e0b6bfad50:   00007ffcb1feb6d0 000001e36fe62c60
0x000000e0b6bfad60:   0000000000000000 0000000000000000
0x000000e0b6bfad70:   00000000000003d2 00007ffca12dcfe5
0x000000e0b6bfad80:   000001e2fb9e50f0 000001e2916c2ac8
0x000000e0b6bfad90:   000001e2916c2b08 00007ffca20ef630
0x000000e0b6bfada0:   fffffffffffffffe 00007ffca193d449
0x000000e0b6bfadb0:   fffffffffffffffe 00007ffca20ef630
0x000000e0b6bfadc0:   000001e2916c2ac0 000001e2ab41a468
0x000000e0b6bfadd0:   000000e0b6bfaf28 00007ffca12dc2d6
0x000000e0b6bfade0:   000001e2916c2ac0 000000e0b6bfaf28
0x000000e0b6bfadf0:   000001e2000003d2 0000000000000000
0x000000e0b6bfae00:   fffffffffffffffe 000000000000000f 

Instructions: (pc=0x00007ffca127f555)
0x00007ffca127f535:   20 48 8b d9 e8 22 c4 04 00 48 8b c8 48 8b d3 e8
0x00007ffca127f545:   27 0d 05 00 84 c0 75 08 33 c0 48 83 c4 20 5b c3
0x00007ffca127f555:   48 8b 4b 50 48 85 c9 74 0a 48 83 c4 20 5b e9 68
0x00007ffca127f565:   e2 04 00 48 8b d3 48 8d 0d 76 71 84 00 e8 59 b7 



---------------  P R O C E S S  ---------------

Java Threads: ( => current thread )
  0x000001e34121c000 JavaThread "Relaunch Simulation Thread" [_thread_blocked, id=5656, stack(0x000000e0bbf00000,0x000000e0bc400000)]
  0x000001e341213000 JavaThread "Monitor File Timestamp Swing Worker Thread" [_thread_blocked, id=8296, stack(0x000000e0bda00000,0x000000e0bdf00000)]
  0x000001e341217800 JavaThread "Timer-11" [_thread_blocked, id=10852, stack(0x000000e0bd500000,0x000000e0bda00000)]
  0x000001e2eee96800 JavaThread "Update Runs Swing Worker Thread" [_thread_blocked, id=10936, stack(0x000000e0ba800000,0x000000e0bad00000)]
  0x000001e2fd0ad800 JavaThread "Thread-4233" [_thread_in_native, id=10280, stack(0x000000e0b4d00000,0x000000e0b4e00000)]
  0x000001e2fd0ad000 JavaThread "Thread-4232" [_thread_in_native, id=420, stack(0x000000e0b9c00000,0x000000e0b9d00000)]
  0x000001e2eee9e000 JavaThread "Swing-Shell" daemon [_thread_blocked, id=3288, stack(0x000000e0bc600000,0x000000e0bcb00000)]
  0x000001e2eee95800 JavaThread "SyntheticaAnimation 50" daemon [_thread_blocked, id=5196, stack(0x000000e0bb700000,0x000000e0bbc00000)]
  0x000001e2eee99800 JavaThread "Monitor File Timestamp Swing Worker Thread" [_thread_blocked, id=10284, stack(0x000000e0bad00000,0x000000e0bb200000)]
  0x000001e2eee9b800 JavaThread "Timer-1" [_thread_blocked, id=12188, stack(0x000000e0b7b00000,0x000000e0b8000000)]
  0x000001e2eee95000 JavaThread "Image Animator 0" daemon [_thread_blocked, id=4600, stack(0x000000e0bb200000,0x000000e0bb700000)]
  0x000001e2eee9a000 JavaThread "Monitor File Timestamp Swing Worker Thread" [_thread_blocked, id=9712, stack(0x000000e0ba300000,0x000000e0ba800000)]
  0x000001e2eee94000 JavaThread "Timer-0" [_thread_blocked, id=10576, stack(0x000000e0b9e00000,0x000000e0ba300000)]
  0x000001e2eee93800 JavaThread "SyntheticaAnimation 50" daemon [_thread_blocked, id=12128, stack(0x000000e0b5300000,0x000000e0b5800000)]
  0x000001e2eee98800 JavaThread "hw_ila_monitor" [_thread_blocked, id=10856, stack(0x000000e0b9400000,0x000000e0b9900000)]
  0x000001e2eee98000 JavaThread "Refresh Filesets Swing Worker Thread" [_thread_blocked, id=10836, stack(0x000000e0b8f00000,0x000000e0b9400000)]
  0x000001e2e9f7e800 JavaThread "SyntheticaAnimation 70" daemon [_thread_blocked, id=2036, stack(0x000000e0b8a00000,0x000000e0b8f00000)]
  0x000001e2e9f7f000 JavaThread "SyntheticaAnimation 25" daemon [_thread_blocked, id=9876, stack(0x000000e0b8500000,0x000000e0b8a00000)]
  0x000001e2e9f7d000 JavaThread "SyntheticaAnimation 50" daemon [_thread_blocked, id=9872, stack(0x000000e0b8000000,0x000000e0b8500000)]
  0x000001e2e9f7b800 JavaThread "SyntheticaCleanerThread" daemon [_thread_blocked, id=6168, stack(0x000000e0b6200000,0x000000e0b6700000)]
  0x000001e2e9f79000 JavaThread "Batik CleanerThread" daemon [_thread_blocked, id=1912, stack(0x000000e0b7100000,0x000000e0b7600000)]
=>0x000001e2e9f7c000 JavaThread "AWT-EventQueue-1" [_thread_in_native, id=9796, stack(0x000000e0b6700000,0x000000e0b6c00000)]
  0x000001e2b63a2000 JavaThread "AWT-Shutdown" [_thread_blocked, id=9480, stack(0x000000e0b7600000,0x000000e0b7b00000)]
  0x000001e2c8ce3000 JavaThread "Process Messages Thread" [_thread_blocked, id=8544, stack(0x000000e0b6c00000,0x000000e0b7100000)]
  0x000001e2b6914000 JavaThread "Thread-1" [_thread_in_native, id=9044, stack(0x000000e0b0300000,0x000000e0b1700000)]
  0x000001e2b64c0800 JavaThread "TimerQueue" daemon [_thread_blocked, id=7460, stack(0x000000e0b5d00000,0x000000e0b6200000)]
  0x000001e2b61c4000 JavaThread "AWT-Windows" daemon [_thread_in_native, id=9588, stack(0x000000e0b5800000,0x000000e0b5d00000)]
  0x000001e2b6244000 JavaThread "Java2D Disposer" daemon [_thread_blocked, id=9068, stack(0x000000e0b4e00000,0x000000e0b5300000)]
  0x000001e2b562a000 JavaThread "Service Thread" daemon [_thread_blocked, id=8956, stack(0x000000e0b4500000,0x000000e0b4a00000)]
  0x000001e2b56fc000 JavaThread "Common-Cleaner" daemon [_thread_blocked, id=7876, stack(0x000000e0b4000000,0x000000e0b4500000)]
  0x000001e2e9f7a800 JavaThread "Sweeper thread" daemon [_thread_blocked, id=6556, stack(0x000000e0b3b00000,0x000000e0b4000000)]
  0x000001e2e9781800 JavaThread "C1 CompilerThread2" daemon [_thread_blocked, id=5544, stack(0x000000e0b3a00000,0x000000e0b3b00000)]
  0x000001e2e9bd3800 JavaThread "C2 CompilerThread1" daemon [_thread_blocked, id=9232, stack(0x000000e0b3900000,0x000000e0b3a00000)]
  0x000001e2e9daf800 JavaThread "C2 CompilerThread0" daemon [_thread_blocked, id=9148, stack(0x000000e0b3800000,0x000000e0b3900000)]
  0x000001e2b2038800 JavaThread "Attach Listener" daemon [_thread_blocked, id=1824, stack(0x000000e0b3300000,0x000000e0b3800000)]
  0x000001e2b3ff7800 JavaThread "Signal Dispatcher" daemon [_thread_blocked, id=7120, stack(0x000000e0b2e00000,0x000000e0b3300000)]
  0x000001e2b5773000 JavaThread "Finalizer" daemon [_thread_blocked, id=1300, stack(0x000000e0b2800000,0x000000e0b2d00000)]
  0x000001e2b5744000 JavaThread "Reference Handler" daemon [_thread_blocked, id=8128, stack(0x000000e0b2300000,0x000000e0b2800000)]
  0x000001e2b54c1800 JavaThread "main" [_thread_blocked, id=8492, stack(0x000000e0aff00000,0x000000e0b0000000)]

Other Threads:
  0x000001e2b5d64800 VMThread "VM Thread" [stack: 0x000000e0b2200000,0x000000e0b2300000] [id=7068]
  0x000001e2d049a800 WatcherThread [stack: 0x000000e0b4a00000,0x000000e0b4b00000] [id=6156]
  0x000001e2d0ae4800 GCTaskThread "GC Thread#0" [stack: 0x000000e0b0000000,0x000000e0b0100000] [id=10040]
  0x000001e2d049f800 GCTaskThread "GC Thread#1" [stack: 0x000000e0b0100000,0x000000e0b0200000] [id=10036]
  0x000001e2d049d800 GCTaskThread "GC Thread#2" [stack: 0x000000e0b0200000,0x000000e0b0300000] [id=10028]
  0x000001e2d04a0800 GCTaskThread "GC Thread#3" [stack: 0x000000e0b1a00000,0x000000e0b1b00000] [id=9996]
  0x000001e2b5435000 ConcurrentGCThread "G1 Main Marker" [stack: 0x000000e0b2000000,0x000000e0b2100000] [id=184]
  0x000001e2d04a1000 ConcurrentGCThread "G1 Marker#0" [stack: 0x000000e0b2100000,0x000000e0b2200000] [id=7184]
  0x000001e2b58eb000 ConcurrentGCThread "G1 Refine#0" [stack: 0x000000e0b1e00000,0x000000e0b1f00000] [id=10056]
  0x000001e2b5063000 ConcurrentGCThread "G1 Refine#1" [stack: 0x000000e0b1d00000,0x000000e0b1e00000] [id=7928]
  0x000001e2b429d000 ConcurrentGCThread "G1 Refine#2" [stack: 0x000000e0b1c00000,0x000000e0b1d00000] [id=9976]
  0x000001e2d0694800 ConcurrentGCThread "G1 Refine#3" [stack: 0x000000e0b1b00000,0x000000e0b1c00000] [id=7440]
  0x000001e2b3bb9800 ConcurrentGCThread "G1 Young RemSet Sampling" [stack: 0x000000e0b1f00000,0x000000e0b2000000] [id=7036]

Threads with active compile tasks:

VM state:not at safepoint (normal execution)

VM Mutex/Monitor currently owned by a thread: None

Heap address: 0x0000000700000000, size: 3072 MB, Compressed Oops mode: Zero based, Oop shift amount: 3
Narrow klass base: 0x0000000000000000, Narrow klass shift: 3
Compressed class space size: 1073741824 Address: 0x00000007c0000000

Heap:
 garbage-first heap   total 686080K, used 217103K [0x0000000700000000, 0x00000007001014f0, 0x00000007c0000000)
  region size 1024K, 37 young (37888K), 1 survivors (1024K)
 Metaspace       used 111145K, capacity 114789K, committed 119632K, reserved 1150976K
  class space    used 15777K, capacity 16466K, committed 17532K, reserved 1048576K
Heap Regions: E=young(eden), S=young(survivor), O=old, HS=humongous(starts), HC=humongous(continues), CS=collection set, F=free, A=archive, TS=gc time stamp, AC=allocation context, TAMS=top-at-mark-start (previous, next)
|   0|0x0000000700000000, 0x00000007000fdd58, 0x0000000700100000| 99%| O|  |TS  0|AC  0|TAMS 0x0000000700000000, 0x0000000700000000|
|   1|0x0000000700100000, 0x00000007001ff8f8, 0x0000000700200000| 99%| O|  |TS  0|AC  0|TAMS 0x0000000700100000, 0x0000000700100000|
|   2|0x0000000700200000, 0x0000000700300000, 0x0000000700300000|100%|HS|  |TS  0|AC  0|TAMS 0x0000000700200000, 0x0000000700200000|
|   3|0x0000000700300000, 0x0000000700400000, 0x0000000700400000|100%|HC|  |TS  0|AC  0|TAMS 0x0000000700300000, 0x0000000700300000|
|   4|0x0000000700400000, 0x0000000700500000, 0x0000000700500000|100%|HS|  |TS  0|AC  0|TAMS 0x0000000700400000, 0x0000000700400000|
|   5|0x0000000700500000, 0x00000007005f34b0, 0x0000000700600000| 95%| O|  |TS  0|AC  0|TAMS 0x0000000700500000, 0x0000000700500000|
|   6|0x0000000700600000, 0x00000007006dd0a8, 0x0000000700700000| 86%| O|  |TS  0|AC  0|TAMS 0x0000000700600000, 0x0000000700600000|
|   7|0x0000000700700000, 0x00000007007ffff0, 0x0000000700800000| 99%| O|  |TS  0|AC  0|TAMS 0x0000000700700000, 0x0000000700700000|
|   8|0x0000000700800000, 0x00000007008ef968, 0x0000000700900000| 93%| O|  |TS  0|AC  0|TAMS 0x0000000700800000, 0x0000000700800000|
|   9|0x0000000700900000, 0x00000007009fff60, 0x0000000700a00000| 99%| O|  |TS  0|AC  0|TAMS 0x0000000700900000, 0x0000000700900000|
|  10|0x0000000700a00000, 0x0000000700b00000, 0x0000000700b00000|100%| O|  |TS  0|AC  0|TAMS 0x0000000700a00000, 0x0000000700a00000|
|  11|0x0000000700b00000, 0x0000000700bffff0, 0x0000000700c00000| 99%| O|  |TS  0|AC  0|TAMS 0x0000000700b00000, 0x0000000700b00000|
|  12|0x0000000700c00000, 0x0000000700cffc60, 0x0000000700d00000| 99%| O|  |TS  0|AC  0|TAMS 0x0000000700c00000, 0x0000000700c00000|
|  13|0x0000000700d00000, 0x0000000700dfff98, 0x0000000700e00000| 99%| O|  |TS  0|AC  0|TAMS 0x0000000700d00000, 0x0000000700d00000|
|  14|0x0000000700e00000, 0x0000000700effff0, 0x0000000700f00000| 99%| O|  |TS  0|AC  0|TAMS 0x0000000700e00000, 0x0000000700e00000|
|  15|0x0000000700f00000, 0x0000000700ffffe0, 0x0000000701000000| 99%| O|  |TS  0|AC  0|TAMS 0x0000000700f00000, 0x0000000700f00000|
|  16|0x0000000701000000, 0x00000007010fffc0, 0x0000000701100000| 99%| O|  |TS  0|AC  0|TAMS 0x0000000701000000, 0x0000000701000000|
|  17|0x0000000701100000, 0x00000007011fffe8, 0x0000000701200000| 99%| O|  |TS  0|AC  0|TAMS 0x0000000701100000, 0x0000000701100000|
|  18|0x0000000701200000, 0x00000007012ffff0, 0x0000000701300000| 99%| O|  |TS  0|AC  0|TAMS 0x0000000701200000, 0x0000000701200000|
|  19|0x0000000701300000, 0x0000000701398f60, 0x0000000701400000| 59%| O|  |TS  0|AC  0|TAMS 0x0000000701300000, 0x0000000701300000|
|  20|0x0000000701400000, 0x00000007014ffff8, 0x0000000701500000| 99%| O|  |TS  0|AC  0|TAMS 0x0000000701400000, 0x0000000701400000|
|  21|0x0000000701500000, 0x00000007015ffff8, 0x0000000701600000| 99%| O|  |TS  0|AC  0|TAMS 0x0000000701500000, 0x0000000701500000|
|  22|0x0000000701600000, 0x0000000701700000, 0x0000000701700000|100%| O|  |TS  0|AC  0|TAMS 0x0000000701600000, 0x0000000701600000|
|  23|0x0000000701700000, 0x00000007017ffff0, 0x0000000701800000| 99%| O|  |TS  0|AC  0|TAMS 0x0000000701700000, 0x0000000701700000|
|  24|0x0000000701800000, 0x00000007018fffe0, 0x0000000701900000| 99%| O|  |TS  0|AC  0|TAMS 0x0000000701800000, 0x0000000701800000|
|  25|0x0000000701900000, 0x00000007019ffff0, 0x0000000701a00000| 99%| O|  |TS  0|AC  0|TAMS 0x0000000701900000, 0x0000000701900000|
|  26|0x0000000701a00000, 0x0000000701afffe8, 0x0000000701b00000| 99%| O|  |TS  0|AC  0|TAMS 0x0000000701a00000, 0x0000000701a00000|
|  27|0x0000000701b00000, 0x0000000701bfffe0, 0x0000000701c00000| 99%| O|  |TS  0|AC  0|TAMS 0x0000000701b00000, 0x0000000701b00000|
|  28|0x0000000701c00000, 0x0000000701d00000, 0x0000000701d00000|100%| O|  |TS  0|AC  0|TAMS 0x0000000701c00000, 0x0000000701c00000|
|  29|0x0000000701d00000, 0x0000000701dfffe8, 0x0000000701e00000| 99%| O|  |TS  0|AC  0|TAMS 0x0000000701d00000, 0x0000000701d00000|
|  30|0x0000000701e00000, 0x0000000701effff8, 0x0000000701f00000| 99%| O|  |TS  0|AC  0|TAMS 0x0000000701e00000, 0x0000000701e00000|
|  31|0x0000000701f00000, 0x0000000701ffff90, 0x0000000702000000| 99%| O|  |TS  0|AC  0|TAMS 0x0000000701f00000, 0x0000000701f00000|
|  32|0x0000000702000000, 0x0000000702100000, 0x0000000702100000|100%| O|  |TS  0|AC  0|TAMS 0x0000000702000000, 0x0000000702000000|
|  33|0x0000000702100000, 0x00000007021ffff0, 0x0000000702200000| 99%| O|  |TS  0|AC  0|TAMS 0x0000000702100000, 0x0000000702100000|
|  34|0x0000000702200000, 0x00000007022fffd8, 0x0000000702300000| 99%| O|  |TS  0|AC  0|TAMS 0x0000000702200000, 0x0000000702200000|
|  35|0x0000000702300000, 0x00000007023fffe8, 0x0000000702400000| 99%| O|  |TS  0|AC  0|TAMS 0x0000000702300000, 0x0000000702300000|
|  36|0x0000000702400000, 0x0000000702500000, 0x0000000702500000|100%| O|  |TS  0|AC  0|TAMS 0x0000000702400000, 0x0000000702400000|
|  37|0x0000000702500000, 0x0000000702600000, 0x0000000702600000|100%| O|  |TS  0|AC  0|TAMS 0x0000000702500000, 0x0000000702500000|
|  38|0x0000000702600000, 0x00000007026fff78, 0x0000000702700000| 99%| O|  |TS  0|AC  0|TAMS 0x0000000702600000, 0x0000000702600000|
|  39|0x0000000702700000, 0x00000007027fff48, 0x0000000702800000| 99%| O|  |TS  0|AC  0|TAMS 0x0000000702700000, 0x0000000702700000|
|  40|0x0000000702800000, 0x00000007028bc1d0, 0x0000000702900000| 73%| O|  |TS  0|AC  0|TAMS 0x0000000702800000, 0x0000000702800000|
|  41|0x0000000702900000, 0x00000007029ffed8, 0x0000000702a00000| 99%| O|  |TS  0|AC  0|TAMS 0x0000000702900000, 0x0000000702900000|
|  42|0x0000000702a00000, 0x0000000702afffb8, 0x0000000702b00000| 99%| O|  |TS  0|AC  0|TAMS 0x0000000702a00000, 0x0000000702a00000|
|  43|0x0000000702b00000, 0x0000000702bffff8, 0x0000000702c00000| 99%| O|  |TS  0|AC  0|TAMS 0x0000000702b00000, 0x0000000702b00000|
|  44|0x0000000702c00000, 0x0000000702cffff0, 0x0000000702d00000| 99%| O|  |TS  0|AC  0|TAMS 0x0000000702c00000, 0x0000000702c00000|
|  45|0x0000000702d00000, 0x0000000702dffee0, 0x0000000702e00000| 99%| O|  |TS  0|AC  0|TAMS 0x0000000702d00000, 0x0000000702d00000|
|  46|0x0000000702e00000, 0x0000000702effff8, 0x0000000702f00000| 99%| O|  |TS  0|AC  0|TAMS 0x0000000702e00000, 0x0000000702e00000|
|  47|0x0000000702f00000, 0x0000000703000000, 0x0000000703000000|100%| O|  |TS  0|AC  0|TAMS 0x0000000702f00000, 0x0000000702f00000|
|  48|0x0000000703000000, 0x00000007030fffc8, 0x0000000703100000| 99%| O|  |TS  0|AC  0|TAMS 0x0000000703000000, 0x0000000703000000|
|  49|0x0000000703100000, 0x00000007031ffff8, 0x0000000703200000| 99%| O|  |TS  0|AC  0|TAMS 0x0000000703100000, 0x0000000703100000|
|  50|0x0000000703200000, 0x0000000703300000, 0x0000000703300000|100%| O|  |TS  0|AC  0|TAMS 0x0000000703200000, 0x0000000703200000|
|  51|0x0000000703300000, 0x00000007033ffdb8, 0x0000000703400000| 99%| O|  |TS  0|AC  0|TAMS 0x0000000703300000, 0x0000000703300000|
|  52|0x0000000703400000, 0x0000000703500000, 0x0000000703500000|100%| O|  |TS  0|AC  0|TAMS 0x0000000703400000, 0x0000000703400000|
|  53|0x0000000703500000, 0x00000007035ffff8, 0x0000000703600000| 99%| O|  |TS  0|AC  0|TAMS 0x0000000703500000, 0x0000000703500000|
|  54|0x0000000703600000, 0x0000000703700000, 0x0000000703700000|100%| O|  |TS  0|AC  0|TAMS 0x0000000703600000, 0x0000000703600000|
|  55|0x0000000703700000, 0x00000007037ffe38, 0x0000000703800000| 99%| O|  |TS  0|AC  0|TAMS 0x0000000703700000, 0x0000000703700000|
|  56|0x0000000703800000, 0x00000007038fffe8, 0x0000000703900000| 99%| O|  |TS  0|AC  0|TAMS 0x0000000703800000, 0x0000000703800000|
|  57|0x0000000703900000, 0x00000007039c89a0, 0x0000000703a00000| 78%| O|  |TS  0|AC  0|TAMS 0x0000000703900000, 0x0000000703900000|
|  58|0x0000000703a00000, 0x0000000703afffb0, 0x0000000703b00000| 99%| O|  |TS  0|AC  0|TAMS 0x0000000703a00000, 0x0000000703a00000|
|  59|0x0000000703b00000, 0x0000000703bffff0, 0x0000000703c00000| 99%| O|  |TS  0|AC  0|TAMS 0x0000000703b00000, 0x0000000703b00000|
|  60|0x0000000703c00000, 0x0000000703cfff28, 0x0000000703d00000| 99%| O|  |TS  0|AC  0|TAMS 0x0000000703c00000, 0x0000000703c00000|
|  61|0x0000000703d00000, 0x0000000703dffff8, 0x0000000703e00000| 99%| O|  |TS  0|AC  0|TAMS 0x0000000703d00000, 0x0000000703d00000|
|  62|0x0000000703e00000, 0x0000000703efffe0, 0x0000000703f00000| 99%| O|  |TS  0|AC  0|TAMS 0x0000000703e00000, 0x0000000703e00000|
|  63|0x0000000703f00000, 0x0000000703fffff0, 0x0000000704000000| 99%| O|  |TS  0|AC  0|TAMS 0x0000000703f00000, 0x0000000703f00000|
|  64|0x0000000704000000, 0x0000000704100000, 0x0000000704100000|100%| O|  |TS  0|AC  0|TAMS 0x0000000704000000, 0x0000000704000000|
|  65|0x0000000704100000, 0x0000000704200000, 0x0000000704200000|100%| O|  |TS  0|AC  0|TAMS 0x0000000704100000, 0x0000000704100000|
|  66|0x0000000704200000, 0x00000007042ffff8, 0x0000000704300000| 99%| O|  |TS  0|AC  0|TAMS 0x0000000704200000, 0x0000000704200000|
|  67|0x0000000704300000, 0x00000007043fffa0, 0x0000000704400000| 99%| O|  |TS  0|AC  0|TAMS 0x0000000704300000, 0x0000000704300000|
|  68|0x0000000704400000, 0x00000007044fdc18, 0x0000000704500000| 99%| O|  |TS  0|AC  0|TAMS 0x0000000704400000, 0x0000000704400000|
|  69|0x0000000704500000, 0x00000007045fffc8, 0x0000000704600000| 99%| O|  |TS  0|AC  0|TAMS 0x0000000704500000, 0x0000000704500000|
|  70|0x0000000704600000, 0x0000000704700000, 0x0000000704700000|100%| O|  |TS  0|AC  0|TAMS 0x0000000704600000, 0x0000000704600000|
|  71|0x0000000704700000, 0x00000007047fe9e8, 0x0000000704800000| 99%| O|  |TS  0|AC  0|TAMS 0x0000000704700000, 0x0000000704700000|
|  72|0x0000000704800000, 0x00000007048fffe8, 0x0000000704900000| 99%| O|  |TS  0|AC  0|TAMS 0x0000000704800000, 0x0000000704800000|
|  73|0x0000000704900000, 0x00000007049ffff0, 0x0000000704a00000| 99%| O|  |TS  0|AC  0|TAMS 0x0000000704900000, 0x0000000704900000|
|  74|0x0000000704a00000, 0x0000000704afeff0, 0x0000000704b00000| 99%| O|  |TS  0|AC  0|TAMS 0x0000000704a00000, 0x0000000704a00000|
|  75|0x0000000704b00000, 0x0000000704bffed8, 0x0000000704c00000| 99%| O|  |TS  0|AC  0|TAMS 0x0000000704b00000, 0x0000000704b00000|
|  76|0x0000000704c00000, 0x0000000704d00000, 0x0000000704d00000|100%| O|  |TS  0|AC  0|TAMS 0x0000000704c00000, 0x0000000704c00000|
|  77|0x0000000704d00000, 0x0000000704dffff0, 0x0000000704e00000| 99%| O|  |TS  0|AC  0|TAMS 0x0000000704d00000, 0x0000000704d00000|
|  78|0x0000000704e00000, 0x0000000704efffe8, 0x0000000704f00000| 99%| O|  |TS  0|AC  0|TAMS 0x0000000704e00000, 0x0000000704e00000|
|  79|0x0000000704f00000, 0x0000000704ffffd8, 0x0000000705000000| 99%| O|  |TS  0|AC  0|TAMS 0x0000000704f00000, 0x0000000704f00000|
|  80|0x0000000705000000, 0x00000007050fffd8, 0x0000000705100000| 99%| O|  |TS  0|AC  0|TAMS 0x0000000705000000, 0x0000000705000000|
|  81|0x0000000705100000, 0x0000000705200000, 0x0000000705200000|100%| O|  |TS  0|AC  0|TAMS 0x0000000705100000, 0x0000000705100000|
|  82|0x0000000705200000, 0x00000007052ffff0, 0x0000000705300000| 99%| O|  |TS  0|AC  0|TAMS 0x0000000705200000, 0x0000000705200000|
|  83|0x0000000705300000, 0x00000007053ffff0, 0x0000000705400000| 99%| O|  |TS  0|AC  0|TAMS 0x0000000705300000, 0x0000000705300000|
|  84|0x0000000705400000, 0x00000007054ffff0, 0x0000000705500000| 99%| O|  |TS  0|AC  0|TAMS 0x0000000705400000, 0x0000000705400000|
|  85|0x0000000705500000, 0x0000000705600000, 0x0000000705600000|100%| O|  |TS  0|AC  0|TAMS 0x0000000705500000, 0x0000000705500000|
|  86|0x0000000705600000, 0x0000000705700000, 0x0000000705700000|100%| O|  |TS  0|AC  0|TAMS 0x0000000705600000, 0x0000000705600000|
|  87|0x0000000705700000, 0x00000007057ffff8, 0x0000000705800000| 99%| O|  |TS  0|AC  0|TAMS 0x0000000705700000, 0x0000000705700000|
|  88|0x0000000705800000, 0x00000007058fe378, 0x0000000705900000| 99%| O|  |TS  0|AC  0|TAMS 0x0000000705800000, 0x0000000705800000|
|  89|0x0000000705900000, 0x00000007059fffd8, 0x0000000705a00000| 99%| O|  |TS  0|AC  0|TAMS 0x0000000705900000, 0x0000000705900000|
|  90|0x0000000705a00000, 0x0000000705afffe8, 0x0000000705b00000| 99%| O|  |TS  0|AC  0|TAMS 0x0000000705a00000, 0x0000000705a00000|
|  91|0x0000000705b00000, 0x0000000705c00000, 0x0000000705c00000|100%| O|  |TS  0|AC  0|TAMS 0x0000000705b00000, 0x0000000705b00000|
|  92|0x0000000705c00000, 0x0000000705cfb170, 0x0000000705d00000| 98%| O|  |TS  0|AC  0|TAMS 0x0000000705c00000, 0x0000000705c00000|
|  93|0x0000000705d00000, 0x0000000705dfffb0, 0x0000000705e00000| 99%| O|  |TS  0|AC  0|TAMS 0x0000000705d00000, 0x0000000705d00000|
|  94|0x0000000705e00000, 0x0000000705efffa8, 0x0000000705f00000| 99%| O|  |TS  0|AC  0|TAMS 0x0000000705e00000, 0x0000000705e00000|
|  95|0x0000000705f00000, 0x0000000705fffff8, 0x0000000706000000| 99%| O|  |TS  0|AC  0|TAMS 0x0000000705f00000, 0x0000000705f00000|
|  96|0x0000000706000000, 0x00000007060fbce8, 0x0000000706100000| 98%| O|  |TS  0|AC  0|TAMS 0x0000000706000000, 0x0000000706000000|
|  97|0x0000000706100000, 0x00000007061fffe0, 0x0000000706200000| 99%| O|  |TS  0|AC  0|TAMS 0x0000000706100000, 0x0000000706100000|
|  98|0x0000000706200000, 0x00000007062ffff8, 0x0000000706300000| 99%| O|  |TS  0|AC  0|TAMS 0x0000000706200000, 0x0000000706200000|
|  99|0x0000000706300000, 0x00000007063ffff8, 0x0000000706400000| 99%| O|  |TS  0|AC  0|TAMS 0x0000000706300000, 0x0000000706300000|
| 100|0x0000000706400000, 0x00000007064ffff0, 0x0000000706500000| 99%| O|  |TS  0|AC  0|TAMS 0x0000000706400000, 0x0000000706400000|
| 101|0x0000000706500000, 0x00000007065ffff8, 0x0000000706600000| 99%| O|  |TS  0|AC  0|TAMS 0x0000000706500000, 0x0000000706500000|
| 102|0x0000000706600000, 0x00000007066ffff8, 0x0000000706700000| 99%| O|  |TS  0|AC  0|TAMS 0x0000000706600000, 0x0000000706600000|
| 103|0x0000000706700000, 0x0000000706800000, 0x0000000706800000|100%| O|  |TS  0|AC  0|TAMS 0x0000000706700000, 0x0000000706700000|
| 104|0x0000000706800000, 0x00000007068ffff0, 0x0000000706900000| 99%| O|  |TS  0|AC  0|TAMS 0x0000000706800000, 0x0000000706800000|
| 105|0x0000000706900000, 0x0000000706a00000, 0x0000000706a00000|100%| O|  |TS  0|AC  0|TAMS 0x0000000706900000, 0x0000000706900000|
| 106|0x0000000706a00000, 0x0000000706affff8, 0x0000000706b00000| 99%| O|  |TS  0|AC  0|TAMS 0x0000000706a00000, 0x0000000706a00000|
| 107|0x0000000706b00000, 0x0000000706c00000, 0x0000000706c00000|100%| O|  |TS  0|AC  0|TAMS 0x0000000706b00000, 0x0000000706b00000|
| 108|0x0000000706c00000, 0x0000000706cff8d0, 0x0000000706d00000| 99%| O|  |TS  0|AC  0|TAMS 0x0000000706c00000, 0x0000000706c00000|
| 109|0x0000000706d00000, 0x0000000706e00000, 0x0000000706e00000|100%|HS|  |TS  0|AC  0|TAMS 0x0000000706d00000, 0x0000000706d00000|
| 110|0x0000000706e00000, 0x0000000706efffe8, 0x0000000706f00000| 99%| O|  |TS  0|AC  0|TAMS 0x0000000706e00000, 0x0000000706e00000|
| 111|0x0000000706f00000, 0x0000000707000000, 0x0000000707000000|100%| O|  |TS  0|AC  0|TAMS 0x0000000706f00000, 0x0000000706f00000|
| 112|0x0000000707000000, 0x00000007070fffe8, 0x0000000707100000| 99%| O|  |TS  0|AC  0|TAMS 0x0000000707000000, 0x0000000707000000|
| 113|0x0000000707100000, 0x00000007071ffff0, 0x0000000707200000| 99%| O|  |TS  0|AC  0|TAMS 0x0000000707100000, 0x0000000707100000|
| 114|0x0000000707200000, 0x00000007072ffff0, 0x0000000707300000| 99%| O|  |TS  0|AC  0|TAMS 0x0000000707200000, 0x0000000707200000|
| 115|0x0000000707300000, 0x00000007073fffe8, 0x0000000707400000| 99%| O|  |TS  0|AC  0|TAMS 0x0000000707300000, 0x0000000707300000|
| 116|0x0000000707400000, 0x00000007074ffff0, 0x0000000707500000| 99%| O|  |TS  0|AC  0|TAMS 0x0000000707400000, 0x0000000707400000|
| 117|0x0000000707500000, 0x00000007075fff38, 0x0000000707600000| 99%| O|  |TS  0|AC  0|TAMS 0x0000000707500000, 0x0000000707500000|
| 118|0x0000000707600000, 0x00000007076ffff0, 0x0000000707700000| 99%| O|  |TS  0|AC  0|TAMS 0x0000000707600000, 0x0000000707600000|
| 119|0x0000000707700000, 0x0000000707800000, 0x0000000707800000|100%| O|  |TS  0|AC  0|TAMS 0x0000000707700000, 0x0000000707700000|
| 120|0x0000000707800000, 0x00000007078ffe48, 0x0000000707900000| 99%| O|  |TS  0|AC  0|TAMS 0x0000000707800000, 0x0000000707800000|
| 121|0x0000000707900000, 0x00000007079fffe8, 0x0000000707a00000| 99%| O|  |TS  0|AC  0|TAMS 0x0000000707900000, 0x0000000707900000|
| 122|0x0000000707a00000, 0x0000000707b00000, 0x0000000707b00000|100%| O|  |TS  0|AC  0|TAMS 0x0000000707a00000, 0x0000000707a00000|
| 123|0x0000000707b00000, 0x0000000707c00000, 0x0000000707c00000|100%| O|  |TS  0|AC  0|TAMS 0x0000000707b00000, 0x0000000707b00000|
| 124|0x0000000707c00000, 0x0000000707cfff20, 0x0000000707d00000| 99%| O|  |TS  0|AC  0|TAMS 0x0000000707c00000, 0x0000000707c00000|
| 125|0x0000000707d00000, 0x0000000707e00000, 0x0000000707e00000|100%|HS|  |TS  0|AC  0|TAMS 0x0000000707d00000, 0x0000000707d00000|
| 126|0x0000000707e00000, 0x0000000707f00000, 0x0000000707f00000|100%|HC|  |TS  0|AC  0|TAMS 0x0000000707e00000, 0x0000000707e00000|
| 127|0x0000000707f00000, 0x0000000708000000, 0x0000000708000000|100%|HC|  |TS  0|AC  0|TAMS 0x0000000707f00000, 0x0000000707f00000|
| 128|0x0000000708000000, 0x0000000708100000, 0x0000000708100000|100%|HC|  |TS  0|AC  0|TAMS 0x0000000708000000, 0x0000000708000000|
| 129|0x0000000708100000, 0x0000000708200000, 0x0000000708200000|100%|HC|  |TS  0|AC  0|TAMS 0x0000000708100000, 0x0000000708100000|
| 130|0x0000000708200000, 0x00000007082ffff8, 0x0000000708300000| 99%| O|  |TS  0|AC  0|TAMS 0x0000000708200000, 0x0000000708200000|
| 131|0x0000000708300000, 0x00000007083fffd8, 0x0000000708400000| 99%| O|  |TS  0|AC  0|TAMS 0x0000000708300000, 0x0000000708300000|
| 132|0x0000000708400000, 0x00000007084ffff8, 0x0000000708500000| 99%| O|  |TS  0|AC  0|TAMS 0x0000000708400000, 0x0000000708400000|
| 133|0x0000000708500000, 0x0000000708600000, 0x0000000708600000|100%| O|  |TS  0|AC  0|TAMS 0x0000000708500000, 0x0000000708500000|
| 134|0x0000000708600000, 0x00000007086ffef8, 0x0000000708700000| 99%| O|  |TS  0|AC  0|TAMS 0x0000000708600000, 0x0000000708600000|
| 135|0x0000000708700000, 0x0000000708800000, 0x0000000708800000|100%| O|  |TS  0|AC  0|TAMS 0x0000000708700000, 0x0000000708700000|
| 136|0x0000000708800000, 0x00000007088fffd8, 0x0000000708900000| 99%| O|  |TS  0|AC  0|TAMS 0x0000000708800000, 0x0000000708800000|
| 137|0x0000000708900000, 0x00000007089fffe8, 0x0000000708a00000| 99%| O|  |TS  0|AC  0|TAMS 0x0000000708900000, 0x0000000708900000|
| 138|0x0000000708a00000, 0x0000000708aff2f0, 0x0000000708b00000| 99%| O|  |TS  0|AC  0|TAMS 0x0000000708a00000, 0x0000000708a00000|
| 139|0x0000000708b00000, 0x0000000708bfffe8, 0x0000000708c00000| 99%| O|  |TS  0|AC  0|TAMS 0x0000000708b00000, 0x0000000708b00000|
| 140|0x0000000708c00000, 0x0000000708d00000, 0x0000000708d00000|100%| O|  |TS  0|AC  0|TAMS 0x0000000708c00000, 0x0000000708c00000|
| 141|0x0000000708d00000, 0x0000000708dfffe8, 0x0000000708e00000| 99%| O|  |TS  0|AC  0|TAMS 0x0000000708d00000, 0x0000000708d00000|
| 142|0x0000000708e00000, 0x0000000708efff48, 0x0000000708f00000| 99%| O|  |TS  0|AC  0|TAMS 0x0000000708e00000, 0x0000000708e00000|
| 143|0x0000000708f00000, 0x0000000708fffff0, 0x0000000709000000| 99%| O|  |TS  0|AC  0|TAMS 0x0000000708f00000, 0x0000000708f00000|
| 144|0x0000000709000000, 0x00000007090fe598, 0x0000000709100000| 99%| O|  |TS  0|AC  0|TAMS 0x0000000709000000, 0x0000000709000000|
| 145|0x0000000709100000, 0x00000007091ffff0, 0x0000000709200000| 99%| O|  |TS  0|AC  0|TAMS 0x0000000709100000, 0x0000000709100000|
| 146|0x0000000709200000, 0x0000000709300000, 0x0000000709300000|100%| O|  |TS  0|AC  0|TAMS 0x0000000709200000, 0x0000000709200000|
| 147|0x0000000709300000, 0x00000007093ffff8, 0x0000000709400000| 99%| O|  |TS  0|AC  0|TAMS 0x0000000709300000, 0x0000000709300000|
| 148|0x0000000709400000, 0x00000007094ffff0, 0x0000000709500000| 99%| O|  |TS  0|AC  0|TAMS 0x0000000709400000, 0x0000000709400000|
| 149|0x0000000709500000, 0x00000007095fffe8, 0x0000000709600000| 99%| O|  |TS  0|AC  0|TAMS 0x0000000709500000, 0x0000000709500000|
| 150|0x0000000709600000, 0x00000007096ffff8, 0x0000000709700000| 99%| O|  |TS  0|AC  0|TAMS 0x0000000709600000, 0x0000000709600000|
| 151|0x0000000709700000, 0x00000007097ffff8, 0x0000000709800000| 99%| O|  |TS  0|AC  0|TAMS 0x0000000709700000, 0x0000000709700000|
| 152|0x0000000709800000, 0x0000000709900000, 0x0000000709900000|100%| O|  |TS  0|AC  0|TAMS 0x0000000709800000, 0x0000000709800000|
| 153|0x0000000709900000, 0x00000007099fffe0, 0x0000000709a00000| 99%| O|  |TS  0|AC  0|TAMS 0x0000000709900000, 0x0000000709900000|
| 154|0x0000000709a00000, 0x0000000709affe98, 0x0000000709b00000| 99%| O|  |TS  0|AC  0|TAMS 0x0000000709a00000, 0x0000000709a00000|
| 155|0x0000000709b00000, 0x0000000709bffe70, 0x0000000709c00000| 99%| O|  |TS  0|AC  0|TAMS 0x0000000709b00000, 0x0000000709b00000|
| 156|0x0000000709c00000, 0x0000000709cfbf48, 0x0000000709d00000| 98%| O|  |TS  0|AC  0|TAMS 0x0000000709c00000, 0x0000000709c00000|
| 157|0x0000000709d00000, 0x0000000709dffe38, 0x0000000709e00000| 99%| O|  |TS  0|AC  0|TAMS 0x0000000709d00000, 0x0000000709d00000|
| 158|0x0000000709e00000, 0x0000000709f00000, 0x0000000709f00000|100%| O|  |TS  0|AC  0|TAMS 0x0000000709e00000, 0x0000000709e00000|
| 159|0x0000000709f00000, 0x0000000709fffff8, 0x000000070a000000| 99%| O|  |TS  0|AC  0|TAMS 0x0000000709f00000, 0x0000000709f00000|
| 160|0x000000070a000000, 0x000000070a100000, 0x000000070a100000|100%| O|  |TS  0|AC  0|TAMS 0x000000070a000000, 0x000000070a000000|
| 161|0x000000070a100000, 0x000000070a1ffff8, 0x000000070a200000| 99%| O|  |TS  0|AC  0|TAMS 0x000000070a100000, 0x000000070a100000|
| 162|0x000000070a200000, 0x000000070a300000, 0x000000070a300000|100%| O|  |TS  0|AC  0|TAMS 0x000000070a200000, 0x000000070a200000|
| 163|0x000000070a300000, 0x000000070a3ffff8, 0x000000070a400000| 99%| O|  |TS  0|AC  0|TAMS 0x000000070a300000, 0x000000070a300000|
| 164|0x000000070a400000, 0x000000070a500000, 0x000000070a500000|100%| O|  |TS  0|AC  0|TAMS 0x000000070a400000, 0x000000070a400000|
| 165|0x000000070a500000, 0x000000070a5cb018, 0x000000070a600000| 79%| O|  |TS  0|AC  0|TAMS 0x000000070a500000, 0x000000070a500000|
| 166|0x000000070a600000, 0x000000070a700000, 0x000000070a700000|100%| O|  |TS 63|AC  0|TAMS 0x000000070a600000, 0x000000070a600000|
| 167|0x000000070a700000, 0x000000070a800000, 0x000000070a800000|100%| O|  |TS 63|AC  0|TAMS 0x000000070a700000, 0x000000070a700000|
| 168|0x000000070a800000, 0x000000070a900000, 0x000000070a900000|100%| O|  |TS 63|AC  0|TAMS 0x000000070a800000, 0x000000070a800000|
| 169|0x000000070a900000, 0x000000070aa00000, 0x000000070aa00000|100%| O|  |TS 63|AC  0|TAMS 0x000000070a900000, 0x000000070a900000|
| 170|0x000000070aa00000, 0x000000070ab00000, 0x000000070ab00000|100%| O|  |TS 63|AC  0|TAMS 0x000000070aa00000, 0x000000070aa00000|
| 171|0x000000070ab00000, 0x000000070ac00000, 0x000000070ac00000|100%| O|  |TS 63|AC  0|TAMS 0x000000070ab00000, 0x000000070ab00000|
| 172|0x000000070ac00000, 0x000000070ac3cc00, 0x000000070ad00000| 23%| O|  |TS 69|AC  0|TAMS 0x000000070ac00000, 0x000000070ac00000|
| 173|0x000000070ad00000, 0x000000070ae00000, 0x000000070ae00000|100%|HS|  |TS  0|AC  0|TAMS 0x000000070ad00000, 0x000000070ad00000|
| 174|0x000000070ae00000, 0x000000070ae00000, 0x000000070af00000|  0%| F|  |TS  0|AC  0|TAMS 0x000000070ae00000, 0x000000070ae00000|
| 175|0x000000070af00000, 0x000000070af00000, 0x000000070b000000|  0%| F|  |TS  0|AC  0|TAMS 0x000000070af00000, 0x000000070af00000|
| 176|0x000000070b000000, 0x000000070b000000, 0x000000070b100000|  0%| F|  |TS  0|AC  0|TAMS 0x000000070b000000, 0x000000070b000000|
| 177|0x000000070b100000, 0x000000070b200000, 0x000000070b200000|100%|HS|  |TS  0|AC  0|TAMS 0x000000070b100000, 0x000000070b100000|
| 178|0x000000070b200000, 0x000000070b300000, 0x000000070b300000|100%|HC|  |TS  0|AC  0|TAMS 0x000000070b200000, 0x000000070b200000|
| 179|0x000000070b300000, 0x000000070b400000, 0x000000070b400000|100%|HC|  |TS  0|AC  0|TAMS 0x000000070b300000, 0x000000070b300000|
| 180|0x000000070b400000, 0x000000070b500000, 0x000000070b500000|100%|HC|  |TS  0|AC  0|TAMS 0x000000070b400000, 0x000000070b400000|
| 181|0x000000070b500000, 0x000000070b600000, 0x000000070b600000|100%|HC|  |TS  0|AC  0|TAMS 0x000000070b500000, 0x000000070b500000|
| 182|0x000000070b600000, 0x000000070b600000, 0x000000070b700000|  0%| F|  |TS  0|AC  0|TAMS 0x000000070b600000, 0x000000070b600000|
| 183|0x000000070b700000, 0x000000070b700000, 0x000000070b800000|  0%| F|  |TS  0|AC  0|TAMS 0x000000070b700000, 0x000000070b700000|
| 184|0x000000070b800000, 0x000000070b800000, 0x000000070b900000|  0%| F|  |TS  0|AC  0|TAMS 0x000000070b800000, 0x000000070b800000|
| 185|0x000000070b900000, 0x000000070b900000, 0x000000070ba00000|  0%| F|  |TS  0|AC  0|TAMS 0x000000070b900000, 0x000000070b900000|
| 186|0x000000070ba00000, 0x000000070ba00000, 0x000000070bb00000|  0%| F|  |TS  0|AC  0|TAMS 0x000000070ba00000, 0x000000070ba00000|
| 187|0x000000070bb00000, 0x000000070bb00000, 0x000000070bc00000|  0%| F|  |TS  0|AC  0|TAMS 0x000000070bb00000, 0x000000070bb00000|
| 188|0x000000070bc00000, 0x000000070bc00000, 0x000000070bd00000|  0%| F|  |TS  0|AC  0|TAMS 0x000000070bc00000, 0x000000070bc00000|
| 189|0x000000070bd00000, 0x000000070bd00000, 0x000000070be00000|  0%| F|  |TS  0|AC  0|TAMS 0x000000070bd00000, 0x000000070bd00000|
| 190|0x000000070be00000, 0x000000070be00000, 0x000000070bf00000|  0%| F|  |TS  0|AC  0|TAMS 0x000000070be00000, 0x000000070be00000|
| 191|0x000000070bf00000, 0x000000070bf00000, 0x000000070c000000|  0%| F|  |TS  0|AC  0|TAMS 0x000000070bf00000, 0x000000070bf00000|
| 192|0x000000070c000000, 0x000000070c000000, 0x000000070c100000|  0%| F|  |TS  0|AC  0|TAMS 0x000000070c000000, 0x000000070c000000|
| 193|0x000000070c100000, 0x000000070c100000, 0x000000070c200000|  0%| F|  |TS  0|AC  0|TAMS 0x000000070c100000, 0x000000070c100000|
| 194|0x000000070c200000, 0x000000070c200000, 0x000000070c300000|  0%| F|  |TS  0|AC  0|TAMS 0x000000070c200000, 0x000000070c200000|
| 195|0x000000070c300000, 0x000000070c300000, 0x000000070c400000|  0%| F|  |TS  0|AC  0|TAMS 0x000000070c300000, 0x000000070c300000|
| 196|0x000000070c400000, 0x000000070c400000, 0x000000070c500000|  0%| F|  |TS  0|AC  0|TAMS 0x000000070c400000, 0x000000070c400000|
| 197|0x000000070c500000, 0x000000070c500000, 0x000000070c600000|  0%| F|  |TS  0|AC  0|TAMS 0x000000070c500000, 0x000000070c500000|
| 198|0x000000070c600000, 0x000000070c600000, 0x000000070c700000|  0%| F|  |TS  0|AC  0|TAMS 0x000000070c600000, 0x000000070c600000|
| 199|0x000000070c700000, 0x000000070c700000, 0x000000070c800000|  0%| F|  |TS  0|AC  0|TAMS 0x000000070c700000, 0x000000070c700000|
| 200|0x000000070c800000, 0x000000070c800000, 0x000000070c900000|  0%| F|  |TS  0|AC  0|TAMS 0x000000070c800000, 0x000000070c800000|
| 201|0x000000070c900000, 0x000000070c900000, 0x000000070ca00000|  0%| F|  |TS  0|AC  0|TAMS 0x000000070c900000, 0x000000070c900000|
| 202|0x000000070ca00000, 0x000000070ca00000, 0x000000070cb00000|  0%| F|  |TS  0|AC  0|TAMS 0x000000070ca00000, 0x000000070ca00000|
| 203|0x000000070cb00000, 0x000000070cb00000, 0x000000070cc00000|  0%| F|  |TS  0|AC  0|TAMS 0x000000070cb00000, 0x000000070cb00000|
| 204|0x000000070cc00000, 0x000000070cc00000, 0x000000070cd00000|  0%| F|  |TS  0|AC  0|TAMS 0x000000070cc00000, 0x000000070cc00000|
| 205|0x000000070cd00000, 0x000000070cd00000, 0x000000070ce00000|  0%| F|  |TS  0|AC  0|TAMS 0x000000070cd00000, 0x000000070cd00000|
| 206|0x000000070ce00000, 0x000000070ce00000, 0x000000070cf00000|  0%| F|  |TS  0|AC  0|TAMS 0x000000070ce00000, 0x000000070ce00000|
| 207|0x000000070cf00000, 0x000000070cf00000, 0x000000070d000000|  0%| F|  |TS  0|AC  0|TAMS 0x000000070cf00000, 0x000000070cf00000|
| 208|0x000000070d000000, 0x000000070d000000, 0x000000070d100000|  0%| F|  |TS  0|AC  0|TAMS 0x000000070d000000, 0x000000070d000000|
| 209|0x000000070d100000, 0x000000070d100000, 0x000000070d200000|  0%| F|  |TS  0|AC  0|TAMS 0x000000070d100000, 0x000000070d100000|
| 210|0x000000070d200000, 0x000000070d200000, 0x000000070d300000|  0%| F|  |TS  0|AC  0|TAMS 0x000000070d200000, 0x000000070d200000|
| 211|0x000000070d300000, 0x000000070d300000, 0x000000070d400000|  0%| F|  |TS  0|AC  0|TAMS 0x000000070d300000, 0x000000070d300000|
| 212|0x000000070d400000, 0x000000070d400000, 0x000000070d500000|  0%| F|  |TS  0|AC  0|TAMS 0x000000070d400000, 0x000000070d400000|
| 213|0x000000070d500000, 0x000000070d500000, 0x000000070d600000|  0%| F|  |TS  0|AC  0|TAMS 0x000000070d500000, 0x000000070d500000|
| 214|0x000000070d600000, 0x000000070d600000, 0x000000070d700000|  0%| F|  |TS  0|AC  0|TAMS 0x000000070d600000, 0x000000070d600000|
| 215|0x000000070d700000, 0x000000070d700000, 0x000000070d800000|  0%| F|  |TS  0|AC  0|TAMS 0x000000070d700000, 0x000000070d700000|
| 216|0x000000070d800000, 0x000000070d800000, 0x000000070d900000|  0%| F|  |TS  0|AC  0|TAMS 0x000000070d800000, 0x000000070d800000|
| 217|0x000000070d900000, 0x000000070d900000, 0x000000070da00000|  0%| F|  |TS  0|AC  0|TAMS 0x000000070d900000, 0x000000070d900000|
| 218|0x000000070da00000, 0x000000070da00000, 0x000000070db00000|  0%| F|  |TS  0|AC  0|TAMS 0x000000070da00000, 0x000000070da00000|
| 219|0x000000070db00000, 0x000000070db00000, 0x000000070dc00000|  0%| F|  |TS  0|AC  0|TAMS 0x000000070db00000, 0x000000070db00000|
| 220|0x000000070dc00000, 0x000000070dc00000, 0x000000070dd00000|  0%| F|  |TS  0|AC  0|TAMS 0x000000070dc00000, 0x000000070dc00000|
| 221|0x000000070dd00000, 0x000000070dd00000, 0x000000070de00000|  0%| F|  |TS  0|AC  0|TAMS 0x000000070dd00000, 0x000000070dd00000|
| 222|0x000000070de00000, 0x000000070de00000, 0x000000070df00000|  0%| F|  |TS  0|AC  0|TAMS 0x000000070de00000, 0x000000070de00000|
| 223|0x000000070df00000, 0x000000070df00000, 0x000000070e000000|  0%| F|  |TS  0|AC  0|TAMS 0x000000070df00000, 0x000000070df00000|
| 224|0x000000070e000000, 0x000000070e000000, 0x000000070e100000|  0%| F|  |TS  0|AC  0|TAMS 0x000000070e000000, 0x000000070e000000|
| 225|0x000000070e100000, 0x000000070e100000, 0x000000070e200000|  0%| F|  |TS  0|AC  0|TAMS 0x000000070e100000, 0x000000070e100000|
| 226|0x000000070e200000, 0x000000070e200000, 0x000000070e300000|  0%| F|  |TS  0|AC  0|TAMS 0x000000070e200000, 0x000000070e200000|
| 227|0x000000070e300000, 0x000000070e300000, 0x000000070e400000|  0%| F|  |TS  0|AC  0|TAMS 0x000000070e300000, 0x000000070e300000|
| 228|0x000000070e400000, 0x000000070e400000, 0x000000070e500000|  0%| F|  |TS  0|AC  0|TAMS 0x000000070e400000, 0x000000070e400000|
| 229|0x000000070e500000, 0x000000070e500000, 0x000000070e600000|  0%| F|  |TS  0|AC  0|TAMS 0x000000070e500000, 0x000000070e500000|
| 230|0x000000070e600000, 0x000000070e600000, 0x000000070e700000|  0%| F|  |TS  0|AC  0|TAMS 0x000000070e600000, 0x000000070e600000|
| 231|0x000000070e700000, 0x000000070e700000, 0x000000070e800000|  0%| F|  |TS  0|AC  0|TAMS 0x000000070e700000, 0x000000070e700000|
| 232|0x000000070e800000, 0x000000070e800000, 0x000000070e900000|  0%| F|  |TS  0|AC  0|TAMS 0x000000070e800000, 0x000000070e800000|
| 233|0x000000070e900000, 0x000000070e900000, 0x000000070ea00000|  0%| F|  |TS  0|AC  0|TAMS 0x000000070e900000, 0x000000070e900000|
| 234|0x000000070ea00000, 0x000000070ea00000, 0x000000070eb00000|  0%| F|  |TS  0|AC  0|TAMS 0x000000070ea00000, 0x000000070ea00000|
| 235|0x000000070eb00000, 0x000000070eb00000, 0x000000070ec00000|  0%| F|  |TS  0|AC  0|TAMS 0x000000070eb00000, 0x000000070eb00000|
| 236|0x000000070ec00000, 0x000000070ec00000, 0x000000070ed00000|  0%| F|  |TS  0|AC  0|TAMS 0x000000070ec00000, 0x000000070ec00000|
| 237|0x000000070ed00000, 0x000000070ed00000, 0x000000070ee00000|  0%| F|  |TS  0|AC  0|TAMS 0x000000070ed00000, 0x000000070ed00000|
| 238|0x000000070ee00000, 0x000000070ee00000, 0x000000070ef00000|  0%| F|  |TS  0|AC  0|TAMS 0x000000070ee00000, 0x000000070ee00000|
| 239|0x000000070ef00000, 0x000000070ef00000, 0x000000070f000000|  0%| F|  |TS  0|AC  0|TAMS 0x000000070ef00000, 0x000000070ef00000|
| 240|0x000000070f000000, 0x000000070f000000, 0x000000070f100000|  0%| F|  |TS  0|AC  0|TAMS 0x000000070f000000, 0x000000070f000000|
| 241|0x000000070f100000, 0x000000070f100000, 0x000000070f200000|  0%| F|  |TS  0|AC  0|TAMS 0x000000070f100000, 0x000000070f100000|
| 242|0x000000070f200000, 0x000000070f200000, 0x000000070f300000|  0%| F|  |TS  0|AC  0|TAMS 0x000000070f200000, 0x000000070f200000|
| 243|0x000000070f300000, 0x000000070f300000, 0x000000070f400000|  0%| F|  |TS  0|AC  0|TAMS 0x000000070f300000, 0x000000070f300000|
| 244|0x000000070f400000, 0x000000070f400000, 0x000000070f500000|  0%| F|  |TS  0|AC  0|TAMS 0x000000070f400000, 0x000000070f400000|
| 245|0x000000070f500000, 0x000000070f500000, 0x000000070f600000|  0%| F|  |TS  0|AC  0|TAMS 0x000000070f500000, 0x000000070f500000|
| 246|0x000000070f600000, 0x000000070f600000, 0x000000070f700000|  0%| F|  |TS  0|AC  0|TAMS 0x000000070f600000, 0x000000070f600000|
| 247|0x000000070f700000, 0x000000070f700000, 0x000000070f800000|  0%| F|  |TS  0|AC  0|TAMS 0x000000070f700000, 0x000000070f700000|
| 248|0x000000070f800000, 0x000000070f800000, 0x000000070f900000|  0%| F|  |TS  0|AC  0|TAMS 0x000000070f800000, 0x000000070f800000|
| 249|0x000000070f900000, 0x000000070f900000, 0x000000070fa00000|  0%| F|  |TS  0|AC  0|TAMS 0x000000070f900000, 0x000000070f900000|
| 250|0x000000070fa00000, 0x000000070fa00000, 0x000000070fb00000|  0%| F|  |TS  0|AC  0|TAMS 0x000000070fa00000, 0x000000070fa00000|
| 251|0x000000070fb00000, 0x000000070fb00000, 0x000000070fc00000|  0%| F|  |TS  0|AC  0|TAMS 0x000000070fb00000, 0x000000070fb00000|
| 252|0x000000070fc00000, 0x000000070fc00000, 0x000000070fd00000|  0%| F|  |TS  0|AC  0|TAMS 0x000000070fc00000, 0x000000070fc00000|
| 253|0x000000070fd00000, 0x000000070fd00000, 0x000000070fe00000|  0%| F|  |TS  0|AC  0|TAMS 0x000000070fd00000, 0x000000070fd00000|
| 254|0x000000070fe00000, 0x000000070fe00000, 0x000000070ff00000|  0%| F|  |TS  0|AC  0|TAMS 0x000000070fe00000, 0x000000070fe00000|
| 255|0x000000070ff00000, 0x000000070ff00000, 0x0000000710000000|  0%| F|  |TS  0|AC  0|TAMS 0x000000070ff00000, 0x000000070ff00000|
| 256|0x0000000710000000, 0x0000000710000000, 0x0000000710100000|  0%| F|  |TS  0|AC  0|TAMS 0x0000000710000000, 0x0000000710000000|
| 257|0x0000000710100000, 0x0000000710100000, 0x0000000710200000|  0%| F|  |TS  0|AC  0|TAMS 0x0000000710100000, 0x0000000710100000|
| 258|0x0000000710200000, 0x0000000710200000, 0x0000000710300000|  0%| F|  |TS  0|AC  0|TAMS 0x0000000710200000, 0x0000000710200000|
| 259|0x0000000710300000, 0x0000000710300000, 0x0000000710400000|  0%| F|  |TS  0|AC  0|TAMS 0x0000000710300000, 0x0000000710300000|
| 260|0x0000000710400000, 0x0000000710400000, 0x0000000710500000|  0%| F|  |TS  0|AC  0|TAMS 0x0000000710400000, 0x0000000710400000|
| 261|0x0000000710500000, 0x0000000710500000, 0x0000000710600000|  0%| F|  |TS  0|AC  0|TAMS 0x0000000710500000, 0x0000000710500000|
| 262|0x0000000710600000, 0x0000000710600000, 0x0000000710700000|  0%| F|  |TS  0|AC  0|TAMS 0x0000000710600000, 0x0000000710600000|
| 263|0x0000000710700000, 0x0000000710700000, 0x0000000710800000|  0%| F|  |TS  0|AC  0|TAMS 0x0000000710700000, 0x0000000710700000|
| 264|0x0000000710800000, 0x0000000710800000, 0x0000000710900000|  0%| F|  |TS  0|AC  0|TAMS 0x0000000710800000, 0x0000000710800000|
| 265|0x0000000710900000, 0x0000000710900000, 0x0000000710a00000|  0%| F|  |TS  0|AC  0|TAMS 0x0000000710900000, 0x0000000710900000|
| 266|0x0000000710a00000, 0x0000000710a00000, 0x0000000710b00000|  0%| F|  |TS  0|AC  0|TAMS 0x0000000710a00000, 0x0000000710a00000|
| 267|0x0000000710b00000, 0x0000000710b00000, 0x0000000710c00000|  0%| F|  |TS  0|AC  0|TAMS 0x0000000710b00000, 0x0000000710b00000|
| 268|0x0000000710c00000, 0x0000000710c00000, 0x0000000710d00000|  0%| F|  |TS  0|AC  0|TAMS 0x0000000710c00000, 0x0000000710c00000|
| 269|0x0000000710d00000, 0x0000000710d00000, 0x0000000710e00000|  0%| F|  |TS  0|AC  0|TAMS 0x0000000710d00000, 0x0000000710d00000|
| 270|0x0000000710e00000, 0x0000000710e00000, 0x0000000710f00000|  0%| F|  |TS  0|AC  0|TAMS 0x0000000710e00000, 0x0000000710e00000|
| 271|0x0000000710f00000, 0x0000000710f00000, 0x0000000711000000|  0%| F|  |TS  0|AC  0|TAMS 0x0000000710f00000, 0x0000000710f00000|
| 272|0x0000000711000000, 0x0000000711000000, 0x0000000711100000|  0%| F|  |TS  0|AC  0|TAMS 0x0000000711000000, 0x0000000711000000|
| 273|0x0000000711100000, 0x0000000711100000, 0x0000000711200000|  0%| F|  |TS  0|AC  0|TAMS 0x0000000711100000, 0x0000000711100000|
| 274|0x0000000711200000, 0x0000000711200000, 0x0000000711300000|  0%| F|  |TS  0|AC  0|TAMS 0x0000000711200000, 0x0000000711200000|
| 275|0x0000000711300000, 0x0000000711300000, 0x0000000711400000|  0%| F|  |TS  0|AC  0|TAMS 0x0000000711300000, 0x0000000711300000|
| 276|0x0000000711400000, 0x0000000711400000, 0x0000000711500000|  0%| F|  |TS  0|AC  0|TAMS 0x0000000711400000, 0x0000000711400000|
| 277|0x0000000711500000, 0x0000000711500000, 0x0000000711600000|  0%| F|  |TS  0|AC  0|TAMS 0x0000000711500000, 0x0000000711500000|
| 278|0x0000000711600000, 0x0000000711600000, 0x0000000711700000|  0%| F|  |TS  0|AC  0|TAMS 0x0000000711600000, 0x0000000711600000|
| 279|0x0000000711700000, 0x0000000711700000, 0x0000000711800000|  0%| F|  |TS  0|AC  0|TAMS 0x0000000711700000, 0x0000000711700000|
| 280|0x0000000711800000, 0x0000000711800000, 0x0000000711900000|  0%| F|  |TS  0|AC  0|TAMS 0x0000000711800000, 0x0000000711800000|
| 281|0x0000000711900000, 0x0000000711900000, 0x0000000711a00000|  0%| F|  |TS  0|AC  0|TAMS 0x0000000711900000, 0x0000000711900000|
| 282|0x0000000711a00000, 0x0000000711a00000, 0x0000000711b00000|  0%| F|  |TS  0|AC  0|TAMS 0x0000000711a00000, 0x0000000711a00000|
| 283|0x0000000711b00000, 0x0000000711b00000, 0x0000000711c00000|  0%| F|  |TS  0|AC  0|TAMS 0x0000000711b00000, 0x0000000711b00000|
| 284|0x0000000711c00000, 0x0000000711c00000, 0x0000000711d00000|  0%| F|  |TS  0|AC  0|TAMS 0x0000000711c00000, 0x0000000711c00000|
| 285|0x0000000711d00000, 0x0000000711d00000, 0x0000000711e00000|  0%| F|  |TS  0|AC  0|TAMS 0x0000000711d00000, 0x0000000711d00000|
| 286|0x0000000711e00000, 0x0000000711e00000, 0x0000000711f00000|  0%| F|  |TS  0|AC  0|TAMS 0x0000000711e00000, 0x0000000711e00000|
| 287|0x0000000711f00000, 0x0000000711f00000, 0x0000000712000000|  0%| F|  |TS  0|AC  0|TAMS 0x0000000711f00000, 0x0000000711f00000|
| 288|0x0000000712000000, 0x0000000712000000, 0x0000000712100000|  0%| F|  |TS  0|AC  0|TAMS 0x0000000712000000, 0x0000000712000000|
| 289|0x0000000712100000, 0x0000000712100000, 0x0000000712200000|  0%| F|  |TS  0|AC  0|TAMS 0x0000000712100000, 0x0000000712100000|
| 290|0x0000000712200000, 0x0000000712200000, 0x0000000712300000|  0%| F|  |TS  0|AC  0|TAMS 0x0000000712200000, 0x0000000712200000|
| 291|0x0000000712300000, 0x0000000712300000, 0x0000000712400000|  0%| F|  |TS  0|AC  0|TAMS 0x0000000712300000, 0x0000000712300000|
| 292|0x0000000712400000, 0x0000000712400000, 0x0000000712500000|  0%| F|  |TS  0|AC  0|TAMS 0x0000000712400000, 0x0000000712400000|
| 293|0x0000000712500000, 0x0000000712500000, 0x0000000712600000|  0%| F|  |TS  0|AC  0|TAMS 0x0000000712500000, 0x0000000712500000|
| 294|0x0000000712600000, 0x0000000712600000, 0x0000000712700000|  0%| F|  |TS  0|AC  0|TAMS 0x0000000712600000, 0x0000000712600000|
| 295|0x0000000712700000, 0x0000000712700000, 0x0000000712800000|  0%| F|  |TS  0|AC  0|TAMS 0x0000000712700000, 0x0000000712700000|
| 296|0x0000000712800000, 0x0000000712800000, 0x0000000712900000|  0%| F|  |TS  0|AC  0|TAMS 0x0000000712800000, 0x0000000712800000|
| 297|0x0000000712900000, 0x0000000712900000, 0x0000000712a00000|  0%| F|  |TS  0|AC  0|TAMS 0x0000000712900000, 0x0000000712900000|
| 298|0x0000000712a00000, 0x0000000712a00000, 0x0000000712b00000|  0%| F|  |TS  0|AC  0|TAMS 0x0000000712a00000, 0x0000000712a00000|
| 299|0x0000000712b00000, 0x0000000712b00000, 0x0000000712c00000|  0%| F|  |TS  0|AC  0|TAMS 0x0000000712b00000, 0x0000000712b00000|
| 300|0x0000000712c00000, 0x0000000712c00000, 0x0000000712d00000|  0%| F|  |TS  0|AC  0|TAMS 0x0000000712c00000, 0x0000000712c00000|
| 301|0x0000000712d00000, 0x0000000712d00000, 0x0000000712e00000|  0%| F|  |TS  0|AC  0|TAMS 0x0000000712d00000, 0x0000000712d00000|
| 302|0x0000000712e00000, 0x0000000712e00000, 0x0000000712f00000|  0%| F|  |TS  0|AC  0|TAMS 0x0000000712e00000, 0x0000000712e00000|
| 303|0x0000000712f00000, 0x0000000712f00000, 0x0000000713000000|  0%| F|  |TS  0|AC  0|TAMS 0x0000000712f00000, 0x0000000712f00000|
| 304|0x0000000713000000, 0x0000000713000000, 0x0000000713100000|  0%| F|  |TS  0|AC  0|TAMS 0x0000000713000000, 0x0000000713000000|
| 305|0x0000000713100000, 0x0000000713100000, 0x0000000713200000|  0%| F|  |TS  0|AC  0|TAMS 0x0000000713100000, 0x0000000713100000|
| 306|0x0000000713200000, 0x0000000713200000, 0x0000000713300000|  0%| F|  |TS  0|AC  0|TAMS 0x0000000713200000, 0x0000000713200000|
| 307|0x0000000713300000, 0x0000000713300000, 0x0000000713400000|  0%| F|  |TS  0|AC  0|TAMS 0x0000000713300000, 0x0000000713300000|
| 308|0x0000000713400000, 0x0000000713400000, 0x0000000713500000|  0%| F|  |TS  0|AC  0|TAMS 0x0000000713400000, 0x0000000713400000|
| 309|0x0000000713500000, 0x0000000713500000, 0x0000000713600000|  0%| F|  |TS  0|AC  0|TAMS 0x0000000713500000, 0x0000000713500000|
| 310|0x0000000713600000, 0x0000000713600000, 0x0000000713700000|  0%| F|  |TS  0|AC  0|TAMS 0x0000000713600000, 0x0000000713600000|
| 311|0x0000000713700000, 0x0000000713700000, 0x0000000713800000|  0%| F|  |TS  0|AC  0|TAMS 0x0000000713700000, 0x0000000713700000|
| 312|0x0000000713800000, 0x0000000713800000, 0x0000000713900000|  0%| F|  |TS  0|AC  0|TAMS 0x0000000713800000, 0x0000000713800000|
| 313|0x0000000713900000, 0x0000000713900000, 0x0000000713a00000|  0%| F|  |TS  0|AC  0|TAMS 0x0000000713900000, 0x0000000713900000|
| 314|0x0000000713a00000, 0x0000000713a00000, 0x0000000713b00000|  0%| F|  |TS  0|AC  0|TAMS 0x0000000713a00000, 0x0000000713a00000|
| 315|0x0000000713b00000, 0x0000000713b00000, 0x0000000713c00000|  0%| F|  |TS  0|AC  0|TAMS 0x0000000713b00000, 0x0000000713b00000|
| 316|0x0000000713c00000, 0x0000000713c00000, 0x0000000713d00000|  0%| F|  |TS  0|AC  0|TAMS 0x0000000713c00000, 0x0000000713c00000|
| 317|0x0000000713d00000, 0x0000000713d00000, 0x0000000713e00000|  0%| F|  |TS  0|AC  0|TAMS 0x0000000713d00000, 0x0000000713d00000|
| 318|0x0000000713e00000, 0x0000000713e00000, 0x0000000713f00000|  0%| F|  |TS  0|AC  0|TAMS 0x0000000713e00000, 0x0000000713e00000|
| 319|0x0000000713f00000, 0x0000000713f00000, 0x0000000714000000|  0%| F|  |TS  0|AC  0|TAMS 0x0000000713f00000, 0x0000000713f00000|
| 320|0x0000000714000000, 0x0000000714000000, 0x0000000714100000|  0%| F|  |TS  0|AC  0|TAMS 0x0000000714000000, 0x0000000714000000|
| 321|0x0000000714100000, 0x0000000714100000, 0x0000000714200000|  0%| F|  |TS  0|AC  0|TAMS 0x0000000714100000, 0x0000000714100000|
| 322|0x0000000714200000, 0x0000000714200000, 0x0000000714300000|  0%| F|  |TS  0|AC  0|TAMS 0x0000000714200000, 0x0000000714200000|
| 323|0x0000000714300000, 0x0000000714300000, 0x0000000714400000|  0%| F|  |TS  0|AC  0|TAMS 0x0000000714300000, 0x0000000714300000|
| 324|0x0000000714400000, 0x0000000714400000, 0x0000000714500000|  0%| F|  |TS  0|AC  0|TAMS 0x0000000714400000, 0x0000000714400000|
| 325|0x0000000714500000, 0x0000000714500000, 0x0000000714600000|  0%| F|  |TS  0|AC  0|TAMS 0x0000000714500000, 0x0000000714500000|
| 326|0x0000000714600000, 0x0000000714600000, 0x0000000714700000|  0%| F|  |TS  0|AC  0|TAMS 0x0000000714600000, 0x0000000714600000|
| 327|0x0000000714700000, 0x0000000714700000, 0x0000000714800000|  0%| F|  |TS  0|AC  0|TAMS 0x0000000714700000, 0x0000000714700000|
| 328|0x0000000714800000, 0x0000000714800000, 0x0000000714900000|  0%| F|  |TS  0|AC  0|TAMS 0x0000000714800000, 0x0000000714800000|
| 329|0x0000000714900000, 0x0000000714900000, 0x0000000714a00000|  0%| F|  |TS  0|AC  0|TAMS 0x0000000714900000, 0x0000000714900000|
| 330|0x0000000714a00000, 0x0000000714a00000, 0x0000000714b00000|  0%| F|  |TS  0|AC  0|TAMS 0x0000000714a00000, 0x0000000714a00000|
| 331|0x0000000714b00000, 0x0000000714b00000, 0x0000000714c00000|  0%| F|  |TS  0|AC  0|TAMS 0x0000000714b00000, 0x0000000714b00000|
| 332|0x0000000714c00000, 0x0000000714c00000, 0x0000000714d00000|  0%| F|  |TS  0|AC  0|TAMS 0x0000000714c00000, 0x0000000714c00000|
| 333|0x0000000714d00000, 0x0000000714d00000, 0x0000000714e00000|  0%| F|  |TS  0|AC  0|TAMS 0x0000000714d00000, 0x0000000714d00000|
| 334|0x0000000714e00000, 0x0000000714e00000, 0x0000000714f00000|  0%| F|  |TS  0|AC  0|TAMS 0x0000000714e00000, 0x0000000714e00000|
| 335|0x0000000714f00000, 0x0000000714f00000, 0x0000000715000000|  0%| F|  |TS  0|AC  0|TAMS 0x0000000714f00000, 0x0000000714f00000|
| 336|0x0000000715000000, 0x0000000715000000, 0x0000000715100000|  0%| F|  |TS  0|AC  0|TAMS 0x0000000715000000, 0x0000000715000000|
| 337|0x0000000715100000, 0x0000000715100000, 0x0000000715200000|  0%| F|  |TS  0|AC  0|TAMS 0x0000000715100000, 0x0000000715100000|
| 338|0x0000000715200000, 0x0000000715200000, 0x0000000715300000|  0%| F|  |TS  0|AC  0|TAMS 0x0000000715200000, 0x0000000715200000|
| 339|0x0000000715300000, 0x0000000715300000, 0x0000000715400000|  0%| F|  |TS  0|AC  0|TAMS 0x0000000715300000, 0x0000000715300000|
| 340|0x0000000715400000, 0x0000000715400000, 0x0000000715500000|  0%| F|  |TS  0|AC  0|TAMS 0x0000000715400000, 0x0000000715400000|
| 341|0x0000000715500000, 0x0000000715500000, 0x0000000715600000|  0%| F|  |TS  0|AC  0|TAMS 0x0000000715500000, 0x0000000715500000|
| 342|0x0000000715600000, 0x0000000715600000, 0x0000000715700000|  0%| F|  |TS  0|AC  0|TAMS 0x0000000715600000, 0x0000000715600000|
| 343|0x0000000715700000, 0x0000000715700000, 0x0000000715800000|  0%| F|  |TS  0|AC  0|TAMS 0x0000000715700000, 0x0000000715700000|
| 344|0x0000000715800000, 0x0000000715800000, 0x0000000715900000|  0%| F|  |TS  0|AC  0|TAMS 0x0000000715800000, 0x0000000715800000|
| 345|0x0000000715900000, 0x0000000715900000, 0x0000000715a00000|  0%| F|  |TS  0|AC  0|TAMS 0x0000000715900000, 0x0000000715900000|
| 346|0x0000000715a00000, 0x0000000715a00000, 0x0000000715b00000|  0%| F|  |TS  0|AC  0|TAMS 0x0000000715a00000, 0x0000000715a00000|
| 347|0x0000000715b00000, 0x0000000715b00000, 0x0000000715c00000|  0%| F|  |TS  0|AC  0|TAMS 0x0000000715b00000, 0x0000000715b00000|
| 348|0x0000000715c00000, 0x0000000715c00000, 0x0000000715d00000|  0%| F|  |TS  0|AC  0|TAMS 0x0000000715c00000, 0x0000000715c00000|
| 349|0x0000000715d00000, 0x0000000715d00000, 0x0000000715e00000|  0%| F|  |TS  0|AC  0|TAMS 0x0000000715d00000, 0x0000000715d00000|
| 350|0x0000000715e00000, 0x0000000715e00000, 0x0000000715f00000|  0%| F|  |TS  0|AC  0|TAMS 0x0000000715e00000, 0x0000000715e00000|
| 351|0x0000000715f00000, 0x0000000715f00000, 0x0000000716000000|  0%| F|  |TS  0|AC  0|TAMS 0x0000000715f00000, 0x0000000715f00000|
| 352|0x0000000716000000, 0x0000000716000000, 0x0000000716100000|  0%| F|  |TS  0|AC  0|TAMS 0x0000000716000000, 0x0000000716000000|
| 353|0x0000000716100000, 0x0000000716100000, 0x0000000716200000|  0%| F|  |TS  0|AC  0|TAMS 0x0000000716100000, 0x0000000716100000|
| 354|0x0000000716200000, 0x0000000716200000, 0x0000000716300000|  0%| F|  |TS  0|AC  0|TAMS 0x0000000716200000, 0x0000000716200000|
| 355|0x0000000716300000, 0x0000000716300000, 0x0000000716400000|  0%| F|  |TS  0|AC  0|TAMS 0x0000000716300000, 0x0000000716300000|
| 356|0x0000000716400000, 0x0000000716400000, 0x0000000716500000|  0%| F|  |TS  0|AC  0|TAMS 0x0000000716400000, 0x0000000716400000|
| 357|0x0000000716500000, 0x0000000716500000, 0x0000000716600000|  0%| F|  |TS  0|AC  0|TAMS 0x0000000716500000, 0x0000000716500000|
| 358|0x0000000716600000, 0x0000000716600000, 0x0000000716700000|  0%| F|  |TS  0|AC  0|TAMS 0x0000000716600000, 0x0000000716600000|
| 359|0x0000000716700000, 0x0000000716700000, 0x0000000716800000|  0%| F|  |TS  0|AC  0|TAMS 0x0000000716700000, 0x0000000716700000|
| 360|0x0000000716800000, 0x0000000716800000, 0x0000000716900000|  0%| F|  |TS  0|AC  0|TAMS 0x0000000716800000, 0x0000000716800000|
| 361|0x0000000716900000, 0x0000000716900000, 0x0000000716a00000|  0%| F|  |TS  0|AC  0|TAMS 0x0000000716900000, 0x0000000716900000|
| 362|0x0000000716a00000, 0x0000000716a00000, 0x0000000716b00000|  0%| F|  |TS  0|AC  0|TAMS 0x0000000716a00000, 0x0000000716a00000|
| 363|0x0000000716b00000, 0x0000000716b00000, 0x0000000716c00000|  0%| F|  |TS  0|AC  0|TAMS 0x0000000716b00000, 0x0000000716b00000|
| 364|0x0000000716c00000, 0x0000000716c00000, 0x0000000716d00000|  0%| F|  |TS  0|AC  0|TAMS 0x0000000716c00000, 0x0000000716c00000|
| 365|0x0000000716d00000, 0x0000000716d00000, 0x0000000716e00000|  0%| F|  |TS  0|AC  0|TAMS 0x0000000716d00000, 0x0000000716d00000|
| 366|0x0000000716e00000, 0x0000000716e00000, 0x0000000716f00000|  0%| F|  |TS  0|AC  0|TAMS 0x0000000716e00000, 0x0000000716e00000|
| 367|0x0000000716f00000, 0x0000000716f00000, 0x0000000717000000|  0%| F|  |TS  0|AC  0|TAMS 0x0000000716f00000, 0x0000000716f00000|
| 368|0x0000000717000000, 0x0000000717000000, 0x0000000717100000|  0%| F|  |TS  0|AC  0|TAMS 0x0000000717000000, 0x0000000717000000|
| 369|0x0000000717100000, 0x0000000717100000, 0x0000000717200000|  0%| F|  |TS  0|AC  0|TAMS 0x0000000717100000, 0x0000000717100000|
| 370|0x0000000717200000, 0x0000000717200000, 0x0000000717300000|  0%| F|  |TS  0|AC  0|TAMS 0x0000000717200000, 0x0000000717200000|
| 371|0x0000000717300000, 0x0000000717300000, 0x0000000717400000|  0%| F|  |TS  0|AC  0|TAMS 0x0000000717300000, 0x0000000717300000|
| 372|0x0000000717400000, 0x0000000717400000, 0x0000000717500000|  0%| F|  |TS  0|AC  0|TAMS 0x0000000717400000, 0x0000000717400000|
| 373|0x0000000717500000, 0x0000000717500000, 0x0000000717600000|  0%| F|  |TS  0|AC  0|TAMS 0x0000000717500000, 0x0000000717500000|
| 374|0x0000000717600000, 0x0000000717600000, 0x0000000717700000|  0%| F|  |TS  0|AC  0|TAMS 0x0000000717600000, 0x0000000717600000|
| 375|0x0000000717700000, 0x0000000717700000, 0x0000000717800000|  0%| F|  |TS  0|AC  0|TAMS 0x0000000717700000, 0x0000000717700000|
| 376|0x0000000717800000, 0x0000000717800000, 0x0000000717900000|  0%| F|  |TS  0|AC  0|TAMS 0x0000000717800000, 0x0000000717800000|
| 377|0x0000000717900000, 0x0000000717900000, 0x0000000717a00000|  0%| F|  |TS  0|AC  0|TAMS 0x0000000717900000, 0x0000000717900000|
| 378|0x0000000717a00000, 0x0000000717a00000, 0x0000000717b00000|  0%| F|  |TS  0|AC  0|TAMS 0x0000000717a00000, 0x0000000717a00000|
| 379|0x0000000717b00000, 0x0000000717b00000, 0x0000000717c00000|  0%| F|  |TS  0|AC  0|TAMS 0x0000000717b00000, 0x0000000717b00000|
| 380|0x0000000717c00000, 0x0000000717c00000, 0x0000000717d00000|  0%| F|  |TS  0|AC  0|TAMS 0x0000000717c00000, 0x0000000717c00000|
| 381|0x0000000717d00000, 0x0000000717d00000, 0x0000000717e00000|  0%| F|  |TS  0|AC  0|TAMS 0x0000000717d00000, 0x0000000717d00000|
| 382|0x0000000717e00000, 0x0000000717e00000, 0x0000000717f00000|  0%| F|  |TS  0|AC  0|TAMS 0x0000000717e00000, 0x0000000717e00000|
| 383|0x0000000717f00000, 0x0000000717f00000, 0x0000000718000000|  0%| F|  |TS  0|AC  0|TAMS 0x0000000717f00000, 0x0000000717f00000|
| 384|0x0000000718000000, 0x0000000718000000, 0x0000000718100000|  0%| F|  |TS  0|AC  0|TAMS 0x0000000718000000, 0x0000000718000000|
| 385|0x0000000718100000, 0x0000000718100000, 0x0000000718200000|  0%| F|  |TS  0|AC  0|TAMS 0x0000000718100000, 0x0000000718100000|
| 386|0x0000000718200000, 0x0000000718200000, 0x0000000718300000|  0%| F|  |TS  0|AC  0|TAMS 0x0000000718200000, 0x0000000718200000|
| 387|0x0000000718300000, 0x0000000718300000, 0x0000000718400000|  0%| F|  |TS  0|AC  0|TAMS 0x0000000718300000, 0x0000000718300000|
| 388|0x0000000718400000, 0x0000000718400000, 0x0000000718500000|  0%| F|  |TS  0|AC  0|TAMS 0x0000000718400000, 0x0000000718400000|
| 389|0x0000000718500000, 0x0000000718500000, 0x0000000718600000|  0%| F|  |TS  0|AC  0|TAMS 0x0000000718500000, 0x0000000718500000|
| 390|0x0000000718600000, 0x0000000718600000, 0x0000000718700000|  0%| F|  |TS  0|AC  0|TAMS 0x0000000718600000, 0x0000000718600000|
| 391|0x0000000718700000, 0x0000000718700000, 0x0000000718800000|  0%| F|  |TS  0|AC  0|TAMS 0x0000000718700000, 0x0000000718700000|
| 392|0x0000000718800000, 0x0000000718800000, 0x0000000718900000|  0%| F|  |TS  0|AC  0|TAMS 0x0000000718800000, 0x0000000718800000|
| 393|0x0000000718900000, 0x0000000718900000, 0x0000000718a00000|  0%| F|  |TS  0|AC  0|TAMS 0x0000000718900000, 0x0000000718900000|
| 394|0x0000000718a00000, 0x0000000718a00000, 0x0000000718b00000|  0%| F|  |TS  0|AC  0|TAMS 0x0000000718a00000, 0x0000000718a00000|
| 395|0x0000000718b00000, 0x0000000718b00000, 0x0000000718c00000|  0%| F|  |TS  0|AC  0|TAMS 0x0000000718b00000, 0x0000000718b00000|
| 396|0x0000000718c00000, 0x0000000718c00000, 0x0000000718d00000|  0%| F|  |TS  0|AC  0|TAMS 0x0000000718c00000, 0x0000000718c00000|
| 397|0x0000000718d00000, 0x0000000718d00000, 0x0000000718e00000|  0%| F|  |TS  0|AC  0|TAMS 0x0000000718d00000, 0x0000000718d00000|
| 398|0x0000000718e00000, 0x0000000718e00000, 0x0000000718f00000|  0%| F|  |TS  0|AC  0|TAMS 0x0000000718e00000, 0x0000000718e00000|
| 399|0x0000000718f00000, 0x0000000718f00000, 0x0000000719000000|  0%| F|  |TS  0|AC  0|TAMS 0x0000000718f00000, 0x0000000718f00000|
| 400|0x0000000719000000, 0x0000000719000000, 0x0000000719100000|  0%| F|  |TS  0|AC  0|TAMS 0x0000000719000000, 0x0000000719000000|
| 401|0x0000000719100000, 0x0000000719100000, 0x0000000719200000|  0%| F|  |TS  0|AC  0|TAMS 0x0000000719100000, 0x0000000719100000|
| 402|0x0000000719200000, 0x0000000719200000, 0x0000000719300000|  0%| F|  |TS  0|AC  0|TAMS 0x0000000719200000, 0x0000000719200000|
| 403|0x0000000719300000, 0x0000000719300000, 0x0000000719400000|  0%| F|  |TS  0|AC  0|TAMS 0x0000000719300000, 0x0000000719300000|
| 404|0x0000000719400000, 0x0000000719400000, 0x0000000719500000|  0%| F|  |TS  0|AC  0|TAMS 0x0000000719400000, 0x0000000719400000|
| 405|0x0000000719500000, 0x0000000719500000, 0x0000000719600000|  0%| F|  |TS  0|AC  0|TAMS 0x0000000719500000, 0x0000000719500000|
| 406|0x0000000719600000, 0x0000000719600000, 0x0000000719700000|  0%| F|  |TS  0|AC  0|TAMS 0x0000000719600000, 0x0000000719600000|
| 407|0x0000000719700000, 0x0000000719700000, 0x0000000719800000|  0%| F|  |TS  0|AC  0|TAMS 0x0000000719700000, 0x0000000719700000|
| 408|0x0000000719800000, 0x0000000719800000, 0x0000000719900000|  0%| F|  |TS  0|AC  0|TAMS 0x0000000719800000, 0x0000000719800000|
| 409|0x0000000719900000, 0x0000000719900000, 0x0000000719a00000|  0%| F|  |TS  0|AC  0|TAMS 0x0000000719900000, 0x0000000719900000|
| 410|0x0000000719a00000, 0x0000000719a00000, 0x0000000719b00000|  0%| F|  |TS  0|AC  0|TAMS 0x0000000719a00000, 0x0000000719a00000|
| 411|0x0000000719b00000, 0x0000000719b00000, 0x0000000719c00000|  0%| F|  |TS  0|AC  0|TAMS 0x0000000719b00000, 0x0000000719b00000|
| 412|0x0000000719c00000, 0x0000000719c00000, 0x0000000719d00000|  0%| F|  |TS  0|AC  0|TAMS 0x0000000719c00000, 0x0000000719c00000|
| 413|0x0000000719d00000, 0x0000000719d00000, 0x0000000719e00000|  0%| F|  |TS  0|AC  0|TAMS 0x0000000719d00000, 0x0000000719d00000|
| 414|0x0000000719e00000, 0x0000000719e00000, 0x0000000719f00000|  0%| F|  |TS  0|AC  0|TAMS 0x0000000719e00000, 0x0000000719e00000|
| 415|0x0000000719f00000, 0x0000000719f00000, 0x000000071a000000|  0%| F|  |TS  0|AC  0|TAMS 0x0000000719f00000, 0x0000000719f00000|
| 416|0x000000071a000000, 0x000000071a000000, 0x000000071a100000|  0%| F|  |TS  0|AC  0|TAMS 0x000000071a000000, 0x000000071a000000|
| 417|0x000000071a100000, 0x000000071a100000, 0x000000071a200000|  0%| F|  |TS  0|AC  0|TAMS 0x000000071a100000, 0x000000071a100000|
| 418|0x000000071a200000, 0x000000071a200000, 0x000000071a300000|  0%| F|  |TS  0|AC  0|TAMS 0x000000071a200000, 0x000000071a200000|
| 419|0x000000071a300000, 0x000000071a300000, 0x000000071a400000|  0%| F|  |TS  0|AC  0|TAMS 0x000000071a300000, 0x000000071a300000|
| 420|0x000000071a400000, 0x000000071a400000, 0x000000071a500000|  0%| F|  |TS  0|AC  0|TAMS 0x000000071a400000, 0x000000071a400000|
| 421|0x000000071a500000, 0x000000071a500000, 0x000000071a600000|  0%| F|  |TS  0|AC  0|TAMS 0x000000071a500000, 0x000000071a500000|
| 422|0x000000071a600000, 0x000000071a600000, 0x000000071a700000|  0%| F|  |TS  0|AC  0|TAMS 0x000000071a600000, 0x000000071a600000|
| 423|0x000000071a700000, 0x000000071a700000, 0x000000071a800000|  0%| F|  |TS  0|AC  0|TAMS 0x000000071a700000, 0x000000071a700000|
| 424|0x000000071a800000, 0x000000071a800000, 0x000000071a900000|  0%| F|  |TS  0|AC  0|TAMS 0x000000071a800000, 0x000000071a800000|
| 425|0x000000071a900000, 0x000000071a900000, 0x000000071aa00000|  0%| F|  |TS  0|AC  0|TAMS 0x000000071a900000, 0x000000071a900000|
| 426|0x000000071aa00000, 0x000000071aa00000, 0x000000071ab00000|  0%| F|  |TS  0|AC  0|TAMS 0x000000071aa00000, 0x000000071aa00000|
| 427|0x000000071ab00000, 0x000000071ab00000, 0x000000071ac00000|  0%| F|  |TS  0|AC  0|TAMS 0x000000071ab00000, 0x000000071ab00000|
| 428|0x000000071ac00000, 0x000000071ac00000, 0x000000071ad00000|  0%| F|  |TS  0|AC  0|TAMS 0x000000071ac00000, 0x000000071ac00000|
| 429|0x000000071ad00000, 0x000000071ad00000, 0x000000071ae00000|  0%| F|  |TS  0|AC  0|TAMS 0x000000071ad00000, 0x000000071ad00000|
| 430|0x000000071ae00000, 0x000000071ae00000, 0x000000071af00000|  0%| F|  |TS  0|AC  0|TAMS 0x000000071ae00000, 0x000000071ae00000|
| 431|0x000000071af00000, 0x000000071af00000, 0x000000071b000000|  0%| F|  |TS  0|AC  0|TAMS 0x000000071af00000, 0x000000071af00000|
| 432|0x000000071b000000, 0x000000071b000000, 0x000000071b100000|  0%| F|  |TS  0|AC  0|TAMS 0x000000071b000000, 0x000000071b000000|
| 433|0x000000071b100000, 0x000000071b100000, 0x000000071b200000|  0%| F|  |TS  0|AC  0|TAMS 0x000000071b100000, 0x000000071b100000|
| 434|0x000000071b200000, 0x000000071b200000, 0x000000071b300000|  0%| F|  |TS  0|AC  0|TAMS 0x000000071b200000, 0x000000071b200000|
| 435|0x000000071b300000, 0x000000071b300000, 0x000000071b400000|  0%| F|  |TS  0|AC  0|TAMS 0x000000071b300000, 0x000000071b300000|
| 436|0x000000071b400000, 0x000000071b400000, 0x000000071b500000|  0%| F|  |TS  0|AC  0|TAMS 0x000000071b400000, 0x000000071b400000|
| 437|0x000000071b500000, 0x000000071b500000, 0x000000071b600000|  0%| F|  |TS  0|AC  0|TAMS 0x000000071b500000, 0x000000071b500000|
| 438|0x000000071b600000, 0x000000071b600000, 0x000000071b700000|  0%| F|  |TS  0|AC  0|TAMS 0x000000071b600000, 0x000000071b600000|
| 439|0x000000071b700000, 0x000000071b700000, 0x000000071b800000|  0%| F|  |TS  0|AC  0|TAMS 0x000000071b700000, 0x000000071b700000|
| 440|0x000000071b800000, 0x000000071b800000, 0x000000071b900000|  0%| F|  |TS  0|AC  0|TAMS 0x000000071b800000, 0x000000071b800000|
| 441|0x000000071b900000, 0x000000071b900000, 0x000000071ba00000|  0%| F|  |TS  0|AC  0|TAMS 0x000000071b900000, 0x000000071b900000|
| 442|0x000000071ba00000, 0x000000071ba00000, 0x000000071bb00000|  0%| F|  |TS  0|AC  0|TAMS 0x000000071ba00000, 0x000000071ba00000|
| 443|0x000000071bb00000, 0x000000071bb00000, 0x000000071bc00000|  0%| F|  |TS  0|AC  0|TAMS 0x000000071bb00000, 0x000000071bb00000|
| 444|0x000000071bc00000, 0x000000071bc00000, 0x000000071bd00000|  0%| F|  |TS  0|AC  0|TAMS 0x000000071bc00000, 0x000000071bc00000|
| 445|0x000000071bd00000, 0x000000071bd00000, 0x000000071be00000|  0%| F|  |TS  0|AC  0|TAMS 0x000000071bd00000, 0x000000071bd00000|
| 446|0x000000071be00000, 0x000000071be00000, 0x000000071bf00000|  0%| F|  |TS  0|AC  0|TAMS 0x000000071be00000, 0x000000071be00000|
| 447|0x000000071bf00000, 0x000000071bf00000, 0x000000071c000000|  0%| F|  |TS  0|AC  0|TAMS 0x000000071bf00000, 0x000000071bf00000|
| 448|0x000000071c000000, 0x000000071c000000, 0x000000071c100000|  0%| F|  |TS  0|AC  0|TAMS 0x000000071c000000, 0x000000071c000000|
| 449|0x000000071c100000, 0x000000071c100000, 0x000000071c200000|  0%| F|  |TS  0|AC  0|TAMS 0x000000071c100000, 0x000000071c100000|
| 450|0x000000071c200000, 0x000000071c200000, 0x000000071c300000|  0%| F|  |TS  0|AC  0|TAMS 0x000000071c200000, 0x000000071c200000|
| 451|0x000000071c300000, 0x000000071c300000, 0x000000071c400000|  0%| F|  |TS  0|AC  0|TAMS 0x000000071c300000, 0x000000071c300000|
| 452|0x000000071c400000, 0x000000071c400000, 0x000000071c500000|  0%| F|  |TS  0|AC  0|TAMS 0x000000071c400000, 0x000000071c400000|
| 453|0x000000071c500000, 0x000000071c500000, 0x000000071c600000|  0%| F|  |TS  0|AC  0|TAMS 0x000000071c500000, 0x000000071c500000|
| 454|0x000000071c600000, 0x000000071c600000, 0x000000071c700000|  0%| F|  |TS  0|AC  0|TAMS 0x000000071c600000, 0x000000071c600000|
| 455|0x000000071c700000, 0x000000071c700000, 0x000000071c800000|  0%| F|  |TS  0|AC  0|TAMS 0x000000071c700000, 0x000000071c700000|
| 456|0x000000071c800000, 0x000000071c800000, 0x000000071c900000|  0%| F|  |TS  0|AC  0|TAMS 0x000000071c800000, 0x000000071c800000|
| 457|0x000000071c900000, 0x000000071c900000, 0x000000071ca00000|  0%| F|  |TS  0|AC  0|TAMS 0x000000071c900000, 0x000000071c900000|
| 458|0x000000071ca00000, 0x000000071ca00000, 0x000000071cb00000|  0%| F|  |TS  0|AC  0|TAMS 0x000000071ca00000, 0x000000071ca00000|
| 459|0x000000071cb00000, 0x000000071cb00000, 0x000000071cc00000|  0%| F|  |TS  0|AC  0|TAMS 0x000000071cb00000, 0x000000071cb00000|
| 460|0x000000071cc00000, 0x000000071cc00000, 0x000000071cd00000|  0%| F|  |TS  0|AC  0|TAMS 0x000000071cc00000, 0x000000071cc00000|
| 461|0x000000071cd00000, 0x000000071cd00000, 0x000000071ce00000|  0%| F|  |TS  0|AC  0|TAMS 0x000000071cd00000, 0x000000071cd00000|
| 462|0x000000071ce00000, 0x000000071ce00000, 0x000000071cf00000|  0%| F|  |TS  0|AC  0|TAMS 0x000000071ce00000, 0x000000071ce00000|
| 463|0x000000071cf00000, 0x000000071cf00000, 0x000000071d000000|  0%| F|  |TS  0|AC  0|TAMS 0x000000071cf00000, 0x000000071cf00000|
| 464|0x000000071d000000, 0x000000071d000000, 0x000000071d100000|  0%| F|  |TS  0|AC  0|TAMS 0x000000071d000000, 0x000000071d000000|
| 465|0x000000071d100000, 0x000000071d100000, 0x000000071d200000|  0%| F|  |TS  0|AC  0|TAMS 0x000000071d100000, 0x000000071d100000|
| 466|0x000000071d200000, 0x000000071d200000, 0x000000071d300000|  0%| F|  |TS  0|AC  0|TAMS 0x000000071d200000, 0x000000071d200000|
| 467|0x000000071d300000, 0x000000071d300000, 0x000000071d400000|  0%| F|  |TS  0|AC  0|TAMS 0x000000071d300000, 0x000000071d300000|
| 468|0x000000071d400000, 0x000000071d400000, 0x000000071d500000|  0%| F|  |TS  0|AC  0|TAMS 0x000000071d400000, 0x000000071d400000|
| 469|0x000000071d500000, 0x000000071d500000, 0x000000071d600000|  0%| F|  |TS  0|AC  0|TAMS 0x000000071d500000, 0x000000071d500000|
| 470|0x000000071d600000, 0x000000071d600000, 0x000000071d700000|  0%| F|  |TS  0|AC  0|TAMS 0x000000071d600000, 0x000000071d600000|
| 471|0x000000071d700000, 0x000000071d700000, 0x000000071d800000|  0%| F|  |TS  0|AC  0|TAMS 0x000000071d700000, 0x000000071d700000|
| 472|0x000000071d800000, 0x000000071d800000, 0x000000071d900000|  0%| F|  |TS  0|AC  0|TAMS 0x000000071d800000, 0x000000071d800000|
| 473|0x000000071d900000, 0x000000071d900000, 0x000000071da00000|  0%| F|  |TS  0|AC  0|TAMS 0x000000071d900000, 0x000000071d900000|
| 474|0x000000071da00000, 0x000000071da00000, 0x000000071db00000|  0%| F|  |TS  0|AC  0|TAMS 0x000000071da00000, 0x000000071da00000|
| 475|0x000000071db00000, 0x000000071db00000, 0x000000071dc00000|  0%| F|  |TS  0|AC  0|TAMS 0x000000071db00000, 0x000000071db00000|
| 476|0x000000071dc00000, 0x000000071dc00000, 0x000000071dd00000|  0%| F|  |TS  0|AC  0|TAMS 0x000000071dc00000, 0x000000071dc00000|
| 477|0x000000071dd00000, 0x000000071dd00000, 0x000000071de00000|  0%| F|  |TS  0|AC  0|TAMS 0x000000071dd00000, 0x000000071dd00000|
| 478|0x000000071de00000, 0x000000071de00000, 0x000000071df00000|  0%| F|  |TS  0|AC  0|TAMS 0x000000071de00000, 0x000000071de00000|
| 479|0x000000071df00000, 0x000000071df00000, 0x000000071e000000|  0%| F|  |TS  0|AC  0|TAMS 0x000000071df00000, 0x000000071df00000|
| 480|0x000000071e000000, 0x000000071e000000, 0x000000071e100000|  0%| F|  |TS  0|AC  0|TAMS 0x000000071e000000, 0x000000071e000000|
| 481|0x000000071e100000, 0x000000071e100000, 0x000000071e200000|  0%| F|  |TS  0|AC  0|TAMS 0x000000071e100000, 0x000000071e100000|
| 482|0x000000071e200000, 0x000000071e200000, 0x000000071e300000|  0%| F|  |TS  0|AC  0|TAMS 0x000000071e200000, 0x000000071e200000|
| 483|0x000000071e300000, 0x000000071e300000, 0x000000071e400000|  0%| F|  |TS  0|AC  0|TAMS 0x000000071e300000, 0x000000071e300000|
| 484|0x000000071e400000, 0x000000071e400000, 0x000000071e500000|  0%| F|  |TS  0|AC  0|TAMS 0x000000071e400000, 0x000000071e400000|
| 485|0x000000071e500000, 0x000000071e500000, 0x000000071e600000|  0%| F|  |TS  0|AC  0|TAMS 0x000000071e500000, 0x000000071e500000|
| 486|0x000000071e600000, 0x000000071e600000, 0x000000071e700000|  0%| F|  |TS  0|AC  0|TAMS 0x000000071e600000, 0x000000071e600000|
| 487|0x000000071e700000, 0x000000071e700000, 0x000000071e800000|  0%| F|  |TS  0|AC  0|TAMS 0x000000071e700000, 0x000000071e700000|
| 488|0x000000071e800000, 0x000000071e800000, 0x000000071e900000|  0%| F|  |TS  0|AC  0|TAMS 0x000000071e800000, 0x000000071e800000|
| 489|0x000000071e900000, 0x000000071e900000, 0x000000071ea00000|  0%| F|  |TS  0|AC  0|TAMS 0x000000071e900000, 0x000000071e900000|
| 490|0x000000071ea00000, 0x000000071ea00000, 0x000000071eb00000|  0%| F|  |TS  0|AC  0|TAMS 0x000000071ea00000, 0x000000071ea00000|
| 491|0x000000071eb00000, 0x000000071eb00000, 0x000000071ec00000|  0%| F|  |TS  0|AC  0|TAMS 0x000000071eb00000, 0x000000071eb00000|
| 492|0x000000071ec00000, 0x000000071ec00000, 0x000000071ed00000|  0%| F|  |TS  0|AC  0|TAMS 0x000000071ec00000, 0x000000071ec00000|
| 493|0x000000071ed00000, 0x000000071ed00000, 0x000000071ee00000|  0%| F|  |TS  0|AC  0|TAMS 0x000000071ed00000, 0x000000071ed00000|
| 494|0x000000071ee00000, 0x000000071ee00000, 0x000000071ef00000|  0%| F|  |TS  0|AC  0|TAMS 0x000000071ee00000, 0x000000071ee00000|
| 495|0x000000071ef00000, 0x000000071ef00000, 0x000000071f000000|  0%| F|  |TS  0|AC  0|TAMS 0x000000071ef00000, 0x000000071ef00000|
| 496|0x000000071f000000, 0x000000071f000000, 0x000000071f100000|  0%| F|  |TS  0|AC  0|TAMS 0x000000071f000000, 0x000000071f000000|
| 497|0x000000071f100000, 0x000000071f100000, 0x000000071f200000|  0%| F|  |TS  0|AC  0|TAMS 0x000000071f100000, 0x000000071f100000|
| 498|0x000000071f200000, 0x000000071f200000, 0x000000071f300000|  0%| F|  |TS  0|AC  0|TAMS 0x000000071f200000, 0x000000071f200000|
| 499|0x000000071f300000, 0x000000071f300000, 0x000000071f400000|  0%| F|  |TS  0|AC  0|TAMS 0x000000071f300000, 0x000000071f300000|
| 500|0x000000071f400000, 0x000000071f400000, 0x000000071f500000|  0%| F|  |TS  0|AC  0|TAMS 0x000000071f400000, 0x000000071f400000|
| 501|0x000000071f500000, 0x000000071f500000, 0x000000071f600000|  0%| F|  |TS  0|AC  0|TAMS 0x000000071f500000, 0x000000071f500000|
| 502|0x000000071f600000, 0x000000071f600000, 0x000000071f700000|  0%| F|  |TS  0|AC  0|TAMS 0x000000071f600000, 0x000000071f600000|
| 503|0x000000071f700000, 0x000000071f700000, 0x000000071f800000|  0%| F|  |TS  0|AC  0|TAMS 0x000000071f700000, 0x000000071f700000|
| 504|0x000000071f800000, 0x000000071f800000, 0x000000071f900000|  0%| F|  |TS  0|AC  0|TAMS 0x000000071f800000, 0x000000071f800000|
| 505|0x000000071f900000, 0x000000071f900000, 0x000000071fa00000|  0%| F|  |TS  0|AC  0|TAMS 0x000000071f900000, 0x000000071f900000|
| 506|0x000000071fa00000, 0x000000071fa00000, 0x000000071fb00000|  0%| F|  |TS  0|AC  0|TAMS 0x000000071fa00000, 0x000000071fa00000|
| 507|0x000000071fb00000, 0x000000071fb00000, 0x000000071fc00000|  0%| F|  |TS  0|AC  0|TAMS 0x000000071fb00000, 0x000000071fb00000|
| 508|0x000000071fc00000, 0x000000071fc00000, 0x000000071fd00000|  0%| F|  |TS 15|AC  0|TAMS 0x000000071fc00000, 0x000000071fc00000|
| 509|0x000000071fd00000, 0x000000071fd00000, 0x000000071fe00000|  0%| F|  |TS 13|AC  0|TAMS 0x000000071fd00000, 0x000000071fd00000|
| 510|0x000000071fe00000, 0x000000071fe00000, 0x000000071ff00000|  0%| F|  |TS 13|AC  0|TAMS 0x000000071fe00000, 0x000000071fe00000|
| 511|0x000000071ff00000, 0x000000071ff00000, 0x0000000720000000|  0%| F|  |TS 13|AC  0|TAMS 0x000000071ff00000, 0x000000071ff00000|
| 512|0x0000000720000000, 0x0000000720000000, 0x0000000720100000|  0%| F|  |TS 13|AC  0|TAMS 0x0000000720000000, 0x0000000720000000|
| 513|0x0000000720100000, 0x0000000720100000, 0x0000000720200000|  0%| F|  |TS 13|AC  0|TAMS 0x0000000720100000, 0x0000000720100000|
| 514|0x0000000720200000, 0x0000000720200000, 0x0000000720300000|  0%| F|  |TS 13|AC  0|TAMS 0x0000000720200000, 0x0000000720200000|
| 515|0x0000000720300000, 0x0000000720300000, 0x0000000720400000|  0%| F|  |TS 13|AC  0|TAMS 0x0000000720300000, 0x0000000720300000|
| 516|0x0000000720400000, 0x0000000720400000, 0x0000000720500000|  0%| F|  |TS 13|AC  0|TAMS 0x0000000720400000, 0x0000000720400000|
| 517|0x0000000720500000, 0x0000000720500000, 0x0000000720600000|  0%| F|  |TS 13|AC  0|TAMS 0x0000000720500000, 0x0000000720500000|
| 518|0x0000000720600000, 0x0000000720600000, 0x0000000720700000|  0%| F|  |TS 13|AC  0|TAMS 0x0000000720600000, 0x0000000720600000|
| 519|0x0000000720700000, 0x0000000720700000, 0x0000000720800000|  0%| F|  |TS 13|AC  0|TAMS 0x0000000720700000, 0x0000000720700000|
| 520|0x0000000720800000, 0x0000000720800000, 0x0000000720900000|  0%| F|  |TS 13|AC  0|TAMS 0x0000000720800000, 0x0000000720800000|
| 521|0x0000000720900000, 0x0000000720900000, 0x0000000720a00000|  0%| F|  |TS 13|AC  0|TAMS 0x0000000720900000, 0x0000000720900000|
| 522|0x0000000720a00000, 0x0000000720a00000, 0x0000000720b00000|  0%| F|  |TS 13|AC  0|TAMS 0x0000000720a00000, 0x0000000720a00000|
| 523|0x0000000720b00000, 0x0000000720b00000, 0x0000000720c00000|  0%| F|  |TS 13|AC  0|TAMS 0x0000000720b00000, 0x0000000720b00000|
| 524|0x0000000720c00000, 0x0000000720c00000, 0x0000000720d00000|  0%| F|  |TS 13|AC  0|TAMS 0x0000000720c00000, 0x0000000720c00000|
| 525|0x0000000720d00000, 0x0000000720d00000, 0x0000000720e00000|  0%| F|  |TS 13|AC  0|TAMS 0x0000000720d00000, 0x0000000720d00000|
| 526|0x0000000720e00000, 0x0000000720e00000, 0x0000000720f00000|  0%| F|  |TS 13|AC  0|TAMS 0x0000000720e00000, 0x0000000720e00000|
| 527|0x0000000720f00000, 0x0000000720f00000, 0x0000000721000000|  0%| F|  |TS 13|AC  0|TAMS 0x0000000720f00000, 0x0000000720f00000|
| 528|0x0000000721000000, 0x0000000721000000, 0x0000000721100000|  0%| F|  |TS 13|AC  0|TAMS 0x0000000721000000, 0x0000000721000000|
| 529|0x0000000721100000, 0x0000000721100000, 0x0000000721200000|  0%| F|  |TS 13|AC  0|TAMS 0x0000000721100000, 0x0000000721100000|
| 530|0x0000000721200000, 0x0000000721200000, 0x0000000721300000|  0%| F|  |TS 13|AC  0|TAMS 0x0000000721200000, 0x0000000721200000|
| 531|0x0000000721300000, 0x0000000721300000, 0x0000000721400000|  0%| F|  |TS 13|AC  0|TAMS 0x0000000721300000, 0x0000000721300000|
| 532|0x0000000721400000, 0x0000000721400000, 0x0000000721500000|  0%| F|  |TS 13|AC  0|TAMS 0x0000000721400000, 0x0000000721400000|
| 533|0x0000000721500000, 0x0000000721500000, 0x0000000721600000|  0%| F|  |TS 13|AC  0|TAMS 0x0000000721500000, 0x0000000721500000|
| 534|0x0000000721600000, 0x0000000721600000, 0x0000000721700000|  0%| F|  |TS 13|AC  0|TAMS 0x0000000721600000, 0x0000000721600000|
| 535|0x0000000721700000, 0x0000000721700000, 0x0000000721800000|  0%| F|  |TS 13|AC  0|TAMS 0x0000000721700000, 0x0000000721700000|
| 536|0x0000000721800000, 0x0000000721800000, 0x0000000721900000|  0%| F|  |TS 13|AC  0|TAMS 0x0000000721800000, 0x0000000721800000|
| 537|0x0000000721900000, 0x0000000721900000, 0x0000000721a00000|  0%| F|  |TS 13|AC  0|TAMS 0x0000000721900000, 0x0000000721900000|
| 538|0x0000000721a00000, 0x0000000721a00000, 0x0000000721b00000|  0%| F|  |TS 13|AC  0|TAMS 0x0000000721a00000, 0x0000000721a00000|
| 539|0x0000000721b00000, 0x0000000721b00000, 0x0000000721c00000|  0%| F|  |TS 13|AC  0|TAMS 0x0000000721b00000, 0x0000000721b00000|
| 540|0x0000000721c00000, 0x0000000721c00000, 0x0000000721d00000|  0%| F|  |TS 13|AC  0|TAMS 0x0000000721c00000, 0x0000000721c00000|
| 541|0x0000000721d00000, 0x0000000721d00000, 0x0000000721e00000|  0%| F|  |TS 13|AC  0|TAMS 0x0000000721d00000, 0x0000000721d00000|
| 542|0x0000000721e00000, 0x0000000721e00000, 0x0000000721f00000|  0%| F|  |TS 13|AC  0|TAMS 0x0000000721e00000, 0x0000000721e00000|
| 543|0x0000000721f00000, 0x0000000721f00000, 0x0000000722000000|  0%| F|  |TS 13|AC  0|TAMS 0x0000000721f00000, 0x0000000721f00000|
| 544|0x0000000722000000, 0x0000000722000000, 0x0000000722100000|  0%| F|  |TS 13|AC  0|TAMS 0x0000000722000000, 0x0000000722000000|
| 545|0x0000000722100000, 0x0000000722100000, 0x0000000722200000|  0%| F|  |TS 13|AC  0|TAMS 0x0000000722100000, 0x0000000722100000|
| 546|0x0000000722200000, 0x0000000722200000, 0x0000000722300000|  0%| F|  |TS 13|AC  0|TAMS 0x0000000722200000, 0x0000000722200000|
| 547|0x0000000722300000, 0x0000000722300000, 0x0000000722400000|  0%| F|  |TS 13|AC  0|TAMS 0x0000000722300000, 0x0000000722300000|
| 548|0x0000000722400000, 0x0000000722400000, 0x0000000722500000|  0%| F|  |TS 13|AC  0|TAMS 0x0000000722400000, 0x0000000722400000|
| 549|0x0000000722500000, 0x0000000722500000, 0x0000000722600000|  0%| F|  |TS 13|AC  0|TAMS 0x0000000722500000, 0x0000000722500000|
| 550|0x0000000722600000, 0x0000000722600000, 0x0000000722700000|  0%| F|  |TS 13|AC  0|TAMS 0x0000000722600000, 0x0000000722600000|
| 551|0x0000000722700000, 0x0000000722700000, 0x0000000722800000|  0%| F|  |TS 13|AC  0|TAMS 0x0000000722700000, 0x0000000722700000|
| 552|0x0000000722800000, 0x0000000722800000, 0x0000000722900000|  0%| F|  |TS 13|AC  0|TAMS 0x0000000722800000, 0x0000000722800000|
| 553|0x0000000722900000, 0x0000000722900000, 0x0000000722a00000|  0%| F|  |TS 13|AC  0|TAMS 0x0000000722900000, 0x0000000722900000|
| 554|0x0000000722a00000, 0x0000000722a00000, 0x0000000722b00000|  0%| F|  |TS 13|AC  0|TAMS 0x0000000722a00000, 0x0000000722a00000|
| 555|0x0000000722b00000, 0x0000000722b00000, 0x0000000722c00000|  0%| F|  |TS 13|AC  0|TAMS 0x0000000722b00000, 0x0000000722b00000|
| 556|0x0000000722c00000, 0x0000000722c00000, 0x0000000722d00000|  0%| F|  |TS 13|AC  0|TAMS 0x0000000722c00000, 0x0000000722c00000|
| 557|0x0000000722d00000, 0x0000000722d00000, 0x0000000722e00000|  0%| F|  |TS 13|AC  0|TAMS 0x0000000722d00000, 0x0000000722d00000|
| 558|0x0000000722e00000, 0x0000000722e00000, 0x0000000722f00000|  0%| F|  |TS 13|AC  0|TAMS 0x0000000722e00000, 0x0000000722e00000|
| 559|0x0000000722f00000, 0x0000000722f00000, 0x0000000723000000|  0%| F|  |TS 13|AC  0|TAMS 0x0000000722f00000, 0x0000000722f00000|
| 560|0x0000000723000000, 0x0000000723000000, 0x0000000723100000|  0%| F|  |TS 13|AC  0|TAMS 0x0000000723000000, 0x0000000723000000|
| 561|0x0000000723100000, 0x0000000723100000, 0x0000000723200000|  0%| F|  |TS 13|AC  0|TAMS 0x0000000723100000, 0x0000000723100000|
| 562|0x0000000723200000, 0x0000000723200000, 0x0000000723300000|  0%| F|  |TS 13|AC  0|TAMS 0x0000000723200000, 0x0000000723200000|
| 563|0x0000000723300000, 0x0000000723300000, 0x0000000723400000|  0%| F|  |TS 13|AC  0|TAMS 0x0000000723300000, 0x0000000723300000|
| 564|0x0000000723400000, 0x0000000723400000, 0x0000000723500000|  0%| F|  |TS 13|AC  0|TAMS 0x0000000723400000, 0x0000000723400000|
| 565|0x0000000723500000, 0x0000000723500000, 0x0000000723600000|  0%| F|  |TS 13|AC  0|TAMS 0x0000000723500000, 0x0000000723500000|
| 566|0x0000000723600000, 0x0000000723600000, 0x0000000723700000|  0%| F|  |TS 13|AC  0|TAMS 0x0000000723600000, 0x0000000723600000|
| 567|0x0000000723700000, 0x0000000723700000, 0x0000000723800000|  0%| F|  |TS 13|AC  0|TAMS 0x0000000723700000, 0x0000000723700000|
| 568|0x0000000723800000, 0x0000000723800000, 0x0000000723900000|  0%| F|  |TS 13|AC  0|TAMS 0x0000000723800000, 0x0000000723800000|
| 569|0x0000000723900000, 0x0000000723900000, 0x0000000723a00000|  0%| F|  |TS 13|AC  0|TAMS 0x0000000723900000, 0x0000000723900000|
| 570|0x0000000723a00000, 0x0000000723a00000, 0x0000000723b00000|  0%| F|  |TS 13|AC  0|TAMS 0x0000000723a00000, 0x0000000723a00000|
| 571|0x0000000723b00000, 0x0000000723b00000, 0x0000000723c00000|  0%| F|  |TS 13|AC  0|TAMS 0x0000000723b00000, 0x0000000723b00000|
| 572|0x0000000723c00000, 0x0000000723c00000, 0x0000000723d00000|  0%| F|  |TS 13|AC  0|TAMS 0x0000000723c00000, 0x0000000723c00000|
| 573|0x0000000723d00000, 0x0000000723d00000, 0x0000000723e00000|  0%| F|  |TS 13|AC  0|TAMS 0x0000000723d00000, 0x0000000723d00000|
| 574|0x0000000723e00000, 0x0000000723e00000, 0x0000000723f00000|  0%| F|  |TS 13|AC  0|TAMS 0x0000000723e00000, 0x0000000723e00000|
| 575|0x0000000723f00000, 0x0000000723f00000, 0x0000000724000000|  0%| F|  |TS 13|AC  0|TAMS 0x0000000723f00000, 0x0000000723f00000|
| 576|0x0000000724000000, 0x0000000724000000, 0x0000000724100000|  0%| F|  |TS 13|AC  0|TAMS 0x0000000724000000, 0x0000000724000000|
| 577|0x0000000724100000, 0x0000000724100000, 0x0000000724200000|  0%| F|  |TS 13|AC  0|TAMS 0x0000000724100000, 0x0000000724100000|
| 578|0x0000000724200000, 0x0000000724200000, 0x0000000724300000|  0%| F|  |TS 13|AC  0|TAMS 0x0000000724200000, 0x0000000724200000|
| 579|0x0000000724300000, 0x0000000724300000, 0x0000000724400000|  0%| F|  |TS 13|AC  0|TAMS 0x0000000724300000, 0x0000000724300000|
| 580|0x0000000724400000, 0x0000000724400000, 0x0000000724500000|  0%| F|  |TS 13|AC  0|TAMS 0x0000000724400000, 0x0000000724400000|
| 581|0x0000000724500000, 0x0000000724500000, 0x0000000724600000|  0%| F|  |TS 13|AC  0|TAMS 0x0000000724500000, 0x0000000724500000|
| 582|0x0000000724600000, 0x0000000724600000, 0x0000000724700000|  0%| F|  |TS 13|AC  0|TAMS 0x0000000724600000, 0x0000000724600000|
| 583|0x0000000724700000, 0x0000000724700000, 0x0000000724800000|  0%| F|  |TS 13|AC  0|TAMS 0x0000000724700000, 0x0000000724700000|
| 584|0x0000000724800000, 0x0000000724800000, 0x0000000724900000|  0%| F|  |TS 13|AC  0|TAMS 0x0000000724800000, 0x0000000724800000|
| 585|0x0000000724900000, 0x0000000724900000, 0x0000000724a00000|  0%| F|  |TS 13|AC  0|TAMS 0x0000000724900000, 0x0000000724900000|
| 586|0x0000000724a00000, 0x0000000724a00000, 0x0000000724b00000|  0%| F|  |TS 13|AC  0|TAMS 0x0000000724a00000, 0x0000000724a00000|
| 587|0x0000000724b00000, 0x0000000724b00000, 0x0000000724c00000|  0%| F|  |TS 13|AC  0|TAMS 0x0000000724b00000, 0x0000000724b00000|
| 588|0x0000000724c00000, 0x0000000724c00000, 0x0000000724d00000|  0%| F|  |TS 13|AC  0|TAMS 0x0000000724c00000, 0x0000000724c00000|
| 589|0x0000000724d00000, 0x0000000724d00000, 0x0000000724e00000|  0%| F|  |TS 13|AC  0|TAMS 0x0000000724d00000, 0x0000000724d00000|
| 590|0x0000000724e00000, 0x0000000724e00000, 0x0000000724f00000|  0%| F|  |TS 13|AC  0|TAMS 0x0000000724e00000, 0x0000000724e00000|
| 591|0x0000000724f00000, 0x0000000724f00000, 0x0000000725000000|  0%| F|  |TS 13|AC  0|TAMS 0x0000000724f00000, 0x0000000724f00000|
| 592|0x0000000725000000, 0x0000000725000000, 0x0000000725100000|  0%| F|  |TS 13|AC  0|TAMS 0x0000000725000000, 0x0000000725000000|
| 593|0x0000000725100000, 0x0000000725100000, 0x0000000725200000|  0%| F|  |TS 13|AC  0|TAMS 0x0000000725100000, 0x0000000725100000|
| 594|0x0000000725200000, 0x0000000725200000, 0x0000000725300000|  0%| F|  |TS 13|AC  0|TAMS 0x0000000725200000, 0x0000000725200000|
| 595|0x0000000725300000, 0x0000000725300000, 0x0000000725400000|  0%| F|  |TS 13|AC  0|TAMS 0x0000000725300000, 0x0000000725300000|
| 596|0x0000000725400000, 0x0000000725400000, 0x0000000725500000|  0%| F|  |TS 13|AC  0|TAMS 0x0000000725400000, 0x0000000725400000|
| 597|0x0000000725500000, 0x0000000725500000, 0x0000000725600000|  0%| F|  |TS 13|AC  0|TAMS 0x0000000725500000, 0x0000000725500000|
| 598|0x0000000725600000, 0x0000000725600000, 0x0000000725700000|  0%| F|  |TS 13|AC  0|TAMS 0x0000000725600000, 0x0000000725600000|
| 599|0x0000000725700000, 0x0000000725700000, 0x0000000725800000|  0%| F|  |TS 13|AC  0|TAMS 0x0000000725700000, 0x0000000725700000|
| 600|0x0000000725800000, 0x0000000725800000, 0x0000000725900000|  0%| F|  |TS 13|AC  0|TAMS 0x0000000725800000, 0x0000000725800000|
| 601|0x0000000725900000, 0x0000000725900000, 0x0000000725a00000|  0%| F|  |TS 13|AC  0|TAMS 0x0000000725900000, 0x0000000725900000|
| 602|0x0000000725a00000, 0x0000000725a00000, 0x0000000725b00000|  0%| F|  |TS 13|AC  0|TAMS 0x0000000725a00000, 0x0000000725a00000|
| 603|0x0000000725b00000, 0x0000000725b00000, 0x0000000725c00000|  0%| F|  |TS 63|AC  0|TAMS 0x0000000725b00000, 0x0000000725b00000|
| 604|0x0000000725c00000, 0x0000000725c00000, 0x0000000725d00000|  0%| F|  |TS 63|AC  0|TAMS 0x0000000725c00000, 0x0000000725c00000|
| 605|0x0000000725d00000, 0x0000000725d00000, 0x0000000725e00000|  0%| F|  |TS 63|AC  0|TAMS 0x0000000725d00000, 0x0000000725d00000|
| 606|0x0000000725e00000, 0x0000000725e00000, 0x0000000725f00000|  0%| F|  |TS 63|AC  0|TAMS 0x0000000725e00000, 0x0000000725e00000|
| 607|0x0000000725f00000, 0x0000000725f00000, 0x0000000726000000|  0%| F|  |TS 63|AC  0|TAMS 0x0000000725f00000, 0x0000000725f00000|
| 608|0x0000000726000000, 0x0000000726000000, 0x0000000726100000|  0%| F|  |TS 63|AC  0|TAMS 0x0000000726000000, 0x0000000726000000|
| 609|0x0000000726100000, 0x0000000726139b78, 0x0000000726200000| 22%| S|CS|TS 69|AC  0|TAMS 0x0000000726100000, 0x0000000726100000|
| 610|0x0000000726200000, 0x0000000726200000, 0x0000000726300000|  0%| F|  |TS 69|AC  0|TAMS 0x0000000726200000, 0x0000000726200000|
| 611|0x0000000726300000, 0x0000000726300000, 0x0000000726400000|  0%| F|  |TS 69|AC  0|TAMS 0x0000000726300000, 0x0000000726300000|
| 612|0x0000000726400000, 0x0000000726400000, 0x0000000726500000|  0%| F|  |TS 69|AC  0|TAMS 0x0000000726400000, 0x0000000726400000|
| 613|0x0000000726500000, 0x0000000726500000, 0x0000000726600000|  0%| F|  |TS 69|AC  0|TAMS 0x0000000726500000, 0x0000000726500000|
| 614|0x0000000726600000, 0x0000000726600000, 0x0000000726700000|  0%| F|  |TS 69|AC  0|TAMS 0x0000000726600000, 0x0000000726600000|
| 615|0x0000000726700000, 0x0000000726700000, 0x0000000726800000|  0%| F|  |TS 69|AC  0|TAMS 0x0000000726700000, 0x0000000726700000|
| 616|0x0000000726800000, 0x0000000726800000, 0x0000000726900000|  0%| F|  |TS 69|AC  0|TAMS 0x0000000726800000, 0x0000000726800000|
| 617|0x0000000726900000, 0x0000000726900000, 0x0000000726a00000|  0%| F|  |TS 69|AC  0|TAMS 0x0000000726900000, 0x0000000726900000|
| 618|0x0000000726a00000, 0x0000000726a00000, 0x0000000726b00000|  0%| F|  |TS 69|AC  0|TAMS 0x0000000726a00000, 0x0000000726a00000|
| 619|0x0000000726b00000, 0x0000000726b00000, 0x0000000726c00000|  0%| F|  |TS 69|AC  0|TAMS 0x0000000726b00000, 0x0000000726b00000|
| 620|0x0000000726c00000, 0x0000000726c00000, 0x0000000726d00000|  0%| F|  |TS 69|AC  0|TAMS 0x0000000726c00000, 0x0000000726c00000|
| 621|0x0000000726d00000, 0x0000000726d00000, 0x0000000726e00000|  0%| F|  |TS 69|AC  0|TAMS 0x0000000726d00000, 0x0000000726d00000|
| 622|0x0000000726e00000, 0x0000000726e00000, 0x0000000726f00000|  0%| F|  |TS 69|AC  0|TAMS 0x0000000726e00000, 0x0000000726e00000|
| 623|0x0000000726f00000, 0x0000000726f00000, 0x0000000727000000|  0%| F|  |TS 69|AC  0|TAMS 0x0000000726f00000, 0x0000000726f00000|
| 624|0x0000000727000000, 0x0000000727000000, 0x0000000727100000|  0%| F|  |TS 69|AC  0|TAMS 0x0000000727000000, 0x0000000727000000|
| 625|0x0000000727100000, 0x0000000727100000, 0x0000000727200000|  0%| F|  |TS 69|AC  0|TAMS 0x0000000727100000, 0x0000000727100000|
| 626|0x0000000727200000, 0x0000000727200000, 0x0000000727300000|  0%| F|  |TS 69|AC  0|TAMS 0x0000000727200000, 0x0000000727200000|
| 627|0x0000000727300000, 0x0000000727300000, 0x0000000727400000|  0%| F|  |TS 69|AC  0|TAMS 0x0000000727300000, 0x0000000727300000|
| 628|0x0000000727400000, 0x0000000727400000, 0x0000000727500000|  0%| F|  |TS 69|AC  0|TAMS 0x0000000727400000, 0x0000000727400000|
| 629|0x0000000727500000, 0x0000000727500000, 0x0000000727600000|  0%| F|  |TS 69|AC  0|TAMS 0x0000000727500000, 0x0000000727500000|
| 630|0x0000000727600000, 0x0000000727600000, 0x0000000727700000|  0%| F|  |TS 69|AC  0|TAMS 0x0000000727600000, 0x0000000727600000|
| 631|0x0000000727700000, 0x0000000727700000, 0x0000000727800000|  0%| F|  |TS 69|AC  0|TAMS 0x0000000727700000, 0x0000000727700000|
| 632|0x0000000727800000, 0x0000000727800000, 0x0000000727900000|  0%| F|  |TS 69|AC  0|TAMS 0x0000000727800000, 0x0000000727800000|
| 633|0x0000000727900000, 0x0000000727900000, 0x0000000727a00000|  0%| F|  |TS 69|AC  0|TAMS 0x0000000727900000, 0x0000000727900000|
| 634|0x0000000727a00000, 0x0000000727a80fa0, 0x0000000727b00000| 50%| E|  |TS 69|AC  0|TAMS 0x0000000727a00000, 0x0000000727a00000|
| 635|0x0000000727b00000, 0x0000000727c00000, 0x0000000727c00000|100%| E|CS|TS 69|AC  0|TAMS 0x0000000727b00000, 0x0000000727b00000|
| 636|0x0000000727c00000, 0x0000000727d00000, 0x0000000727d00000|100%| E|CS|TS 69|AC  0|TAMS 0x0000000727c00000, 0x0000000727c00000|
| 637|0x0000000727d00000, 0x0000000727e00000, 0x0000000727e00000|100%| E|CS|TS 69|AC  0|TAMS 0x0000000727d00000, 0x0000000727d00000|
| 638|0x0000000727e00000, 0x0000000727f00000, 0x0000000727f00000|100%| E|CS|TS 69|AC  0|TAMS 0x0000000727e00000, 0x0000000727e00000|
| 639|0x0000000727f00000, 0x0000000728000000, 0x0000000728000000|100%| E|CS|TS 69|AC  0|TAMS 0x0000000727f00000, 0x0000000727f00000|
| 640|0x0000000728000000, 0x0000000728100000, 0x0000000728100000|100%| E|CS|TS 69|AC  0|TAMS 0x0000000728000000, 0x0000000728000000|
| 641|0x0000000728100000, 0x0000000728200000, 0x0000000728200000|100%| E|CS|TS 69|AC  0|TAMS 0x0000000728100000, 0x0000000728100000|
| 642|0x0000000728200000, 0x0000000728300000, 0x0000000728300000|100%| E|CS|TS 69|AC  0|TAMS 0x0000000728200000, 0x0000000728200000|
| 643|0x0000000728300000, 0x0000000728400000, 0x0000000728400000|100%| E|CS|TS 69|AC  0|TAMS 0x0000000728300000, 0x0000000728300000|
| 644|0x0000000728400000, 0x0000000728500000, 0x0000000728500000|100%| E|CS|TS 69|AC  0|TAMS 0x0000000728400000, 0x0000000728400000|
| 645|0x0000000728500000, 0x0000000728600000, 0x0000000728600000|100%| E|CS|TS 69|AC  0|TAMS 0x0000000728500000, 0x0000000728500000|
| 646|0x0000000728600000, 0x0000000728700000, 0x0000000728700000|100%| E|CS|TS 69|AC  0|TAMS 0x0000000728600000, 0x0000000728600000|
| 647|0x0000000728700000, 0x0000000728800000, 0x0000000728800000|100%| E|CS|TS 69|AC  0|TAMS 0x0000000728700000, 0x0000000728700000|
| 648|0x0000000728800000, 0x0000000728900000, 0x0000000728900000|100%| E|CS|TS 69|AC  0|TAMS 0x0000000728800000, 0x0000000728800000|
| 649|0x0000000728900000, 0x0000000728a00000, 0x0000000728a00000|100%| E|CS|TS 69|AC  0|TAMS 0x0000000728900000, 0x0000000728900000|
| 650|0x0000000728a00000, 0x0000000728b00000, 0x0000000728b00000|100%| E|CS|TS 69|AC  0|TAMS 0x0000000728a00000, 0x0000000728a00000|
| 651|0x0000000728b00000, 0x0000000728c00000, 0x0000000728c00000|100%| E|CS|TS 69|AC  0|TAMS 0x0000000728b00000, 0x0000000728b00000|
| 652|0x0000000728c00000, 0x0000000728d00000, 0x0000000728d00000|100%| E|CS|TS 69|AC  0|TAMS 0x0000000728c00000, 0x0000000728c00000|
| 653|0x0000000728d00000, 0x0000000728e00000, 0x0000000728e00000|100%| E|CS|TS 69|AC  0|TAMS 0x0000000728d00000, 0x0000000728d00000|
| 654|0x0000000728e00000, 0x0000000728f00000, 0x0000000728f00000|100%| E|CS|TS 69|AC  0|TAMS 0x0000000728e00000, 0x0000000728e00000|
| 655|0x0000000728f00000, 0x0000000729000000, 0x0000000729000000|100%| E|CS|TS 69|AC  0|TAMS 0x0000000728f00000, 0x0000000728f00000|
| 656|0x0000000729000000, 0x0000000729100000, 0x0000000729100000|100%| E|CS|TS 69|AC  0|TAMS 0x0000000729000000, 0x0000000729000000|
| 657|0x0000000729100000, 0x0000000729200000, 0x0000000729200000|100%| E|CS|TS 69|AC  0|TAMS 0x0000000729100000, 0x0000000729100000|
| 658|0x0000000729200000, 0x0000000729300000, 0x0000000729300000|100%| E|CS|TS 69|AC  0|TAMS 0x0000000729200000, 0x0000000729200000|
| 659|0x0000000729300000, 0x0000000729400000, 0x0000000729400000|100%| E|CS|TS 69|AC  0|TAMS 0x0000000729300000, 0x0000000729300000|
| 660|0x0000000729400000, 0x0000000729500000, 0x0000000729500000|100%| E|CS|TS 69|AC  0|TAMS 0x0000000729400000, 0x0000000729400000|
| 661|0x0000000729500000, 0x0000000729600000, 0x0000000729600000|100%| E|CS|TS 69|AC  0|TAMS 0x0000000729500000, 0x0000000729500000|
| 662|0x0000000729600000, 0x0000000729700000, 0x0000000729700000|100%| E|CS|TS 69|AC  0|TAMS 0x0000000729600000, 0x0000000729600000|
| 663|0x0000000729700000, 0x0000000729800000, 0x0000000729800000|100%| E|CS|TS 69|AC  0|TAMS 0x0000000729700000, 0x0000000729700000|
| 664|0x0000000729800000, 0x0000000729900000, 0x0000000729900000|100%| E|CS|TS 69|AC  0|TAMS 0x0000000729800000, 0x0000000729800000|
| 665|0x0000000729900000, 0x0000000729a00000, 0x0000000729a00000|100%| E|CS|TS 69|AC  0|TAMS 0x0000000729900000, 0x0000000729900000|
| 666|0x0000000729a00000, 0x0000000729b00000, 0x0000000729b00000|100%| E|CS|TS 69|AC  0|TAMS 0x0000000729a00000, 0x0000000729a00000|
| 667|0x0000000729b00000, 0x0000000729c00000, 0x0000000729c00000|100%| E|CS|TS 69|AC  0|TAMS 0x0000000729b00000, 0x0000000729b00000|
| 668|0x0000000729c00000, 0x0000000729d00000, 0x0000000729d00000|100%| E|CS|TS 69|AC  0|TAMS 0x0000000729c00000, 0x0000000729c00000|
| 669|0x0000000729d00000, 0x0000000729e00000, 0x0000000729e00000|100%| E|CS|TS 69|AC  0|TAMS 0x0000000729d00000, 0x0000000729d00000|

Card table byte_map: [0x000001e2be080000,0x000001e2be680000] byte_map_base: 0x000001e2ba880000

Marking Bits (Prev, Next): (CMBitMap*) 0x000001e2b54343e8, (CMBitMap*) 0x000001e2b54343b0
 Prev Bits: [0x000001e2c1c80000, 0x000001e2c4c80000)
 Next Bits: [0x000001e2bec80000, 0x000001e2c1c80000)

Polling page: 0x000001e2ab670000

CodeHeap 'non-profiled nmethods': size=120064Kb used=33482Kb max_used=33999Kb free=86582Kb
 bounds [0x000001e2d85b0000, 0x000001e2da730000, 0x000001e2dfaf0000]
CodeHeap 'profiled nmethods': size=120000Kb used=56248Kb max_used=58331Kb free=63751Kb
 bounds [0x000001e2d1080000, 0x000001e2d49f0000, 0x000001e2d85b0000]
CodeHeap 'non-nmethods': size=5696Kb used=1959Kb max_used=2018Kb free=3736Kb
 bounds [0x000001e2d0af0000, 0x000001e2d0d60000, 0x000001e2d1080000]
 total_blobs=50859 nmethods=24355 adapters=1373
 compilation: enabled

Compilation events (10 events):
Event: 17570.310 Thread 0x000001e2e9781800 34060       3       javax.swing.JPopupMenu::paintBorder (13 bytes)
Event: 17570.310 Thread 0x000001e2e9781800 nmethod 34060 0x000001e2d2751f10 code [0x000001e2d27520e0, 0x000001e2d2752710]
Event: 17570.377 Thread 0x000001e2e9bd3800 34061       4       de.javasoft.plaf.synthetica.styles.MenuItemStyle::getIcon (72 bytes)
Event: 17570.383 Thread 0x000001e2e9bd3800 nmethod 34061 0x000001e2da020910 code [0x000001e2da020b40, 0x000001e2da021050]
Event: 17570.678 Thread 0x000001e2e9781800 34062       3       java.awt.Component::contains (13 bytes)
Event: 17570.679 Thread 0x000001e2e9781800 nmethod 34062 0x000001e2d24b6410 code [0x000001e2d24b65c0, 0x000001e2d24b67f0]
Event: 17577.510 Thread 0x000001e2e9781800 34064       3       sun.awt.util.IdentityArrayList::contains (14 bytes)
Event: 17577.511 Thread 0x000001e2e9781800 nmethod 34064 0x000001e2d2567f10 code [0x000001e2d25680e0, 0x000001e2d2568418]
Event: 17577.615 Thread 0x000001e2e9bd3800 34065       4       ui.views.S.y::paintComponent (472 bytes)
Event: 17577.675 Thread 0x000001e2e9bd3800 nmethod 34065 0x000001e2da49d910 code [0x000001e2da49dd40, 0x000001e2da4a04a8]

GC Heap History (10 events):
Event: 17569.837 GC heap before
{Heap before GC invocations=2974 (full 440):
 garbage-first heap   total 686080K, used 236298K [0x0000000700000000, 0x00000007001014f0, 0x00000007c0000000)
  region size 1024K, 60 young (61440K), 1 survivors (1024K)
 Metaspace       used 111134K, capacity 114789K, committed 119632K, reserved 1150976K
  class space    used 15777K, capacity 16466K, committed 17532K, reserved 1048576K
}
Event: 17569.847 GC heap after
{Heap after GC invocations=2975 (full 440):
 garbage-first heap   total 686080K, used 181567K [0x0000000700000000, 0x00000007001014f0, 0x00000007c0000000)
  region size 1024K, 7 young (7168K), 7 survivors (7168K)
 Metaspace       used 111134K, capacity 114789K, committed 119632K, reserved 1150976K
  class space    used 15777K, capacity 16466K, committed 17532K, reserved 1048576K
}
Event: 17570.240 GC heap before
{Heap before GC invocations=2975 (full 440):
 garbage-first heap   total 686080K, used 235839K [0x0000000700000000, 0x00000007001014f0, 0x00000007c0000000)
  region size 1024K, 60 young (61440K), 7 survivors (7168K)
 Metaspace       used 111134K, capacity 114789K, committed 119632K, reserved 1150976K
  class space    used 15777K, capacity 16466K, committed 17532K, reserved 1048576K
}
Event: 17570.249 GC heap after
{Heap after GC invocations=2976 (full 440):
 garbage-first heap   total 686080K, used 181980K [0x0000000700000000, 0x00000007001014f0, 0x00000007c0000000)
  region size 1024K, 1 young (1024K), 1 survivors (1024K)
 Metaspace       used 111134K, capacity 114789K, committed 119632K, reserved 1150976K
  class space    used 15777K, capacity 16466K, committed 17532K, reserved 1048576K
}
Event: 17572.200 GC heap before
{Heap before GC invocations=2976 (full 440):
 garbage-first heap   total 686080K, used 242396K [0x0000000700000000, 0x00000007001014f0, 0x00000007c0000000)
  region size 1024K, 60 young (61440K), 1 survivors (1024K)
 Metaspace       used 111145K, capacity 114789K, committed 119632K, reserved 1150976K
  class space    used 15777K, capacity 16466K, committed 17532K, reserved 1048576K
}
Event: 17572.207 GC heap after
{Heap after GC invocations=2977 (full 440):
 garbage-first heap   total 686080K, used 181422K [0x0000000700000000, 0x00000007001014f0, 0x00000007c0000000)
  region size 1024K, 1 young (1024K), 1 survivors (1024K)
 Metaspace       used 111145K, capacity 114789K, committed 119632K, reserved 1150976K
  class space    used 15777K, capacity 16466K, committed 17532K, reserved 1048576K
}
Event: 17578.726 GC heap before
{Heap before GC invocations=2977 (full 440):
 garbage-first heap   total 686080K, used 241838K [0x0000000700000000, 0x00000007001014f0, 0x00000007c0000000)
  region size 1024K, 60 young (61440K), 1 survivors (1024K)
 Metaspace       used 111145K, capacity 114789K, committed 119632K, reserved 1150976K
  class space    used 15777K, capacity 16466K, committed 17532K, reserved 1048576K
}
Event: 17578.731 GC heap after
{Heap after GC invocations=2978 (full 440):
 garbage-first heap   total 686080K, used 181426K [0x0000000700000000, 0x00000007001014f0, 0x00000007c0000000)
  region size 1024K, 1 young (1024K), 1 survivors (1024K)
 Metaspace       used 111145K, capacity 114789K, committed 119632K, reserved 1150976K
  class space    used 15777K, capacity 16466K, committed 17532K, reserved 1048576K
}
Event: 17578.878 GC heap before
{Heap before GC invocations=2978 (full 440):
 garbage-first heap   total 686080K, used 241842K [0x0000000700000000, 0x00000007001014f0, 0x00000007c0000000)
  region size 1024K, 60 young (61440K), 1 survivors (1024K)
 Metaspace       used 111145K, capacity 114789K, committed 119632K, reserved 1150976K
  class space    used 15777K, capacity 16466K, committed 17532K, reserved 1048576K
}
Event: 17578.882 GC heap after
{Heap after GC invocations=2979 (full 440):
 garbage-first heap   total 686080K, used 181263K [0x0000000700000000, 0x00000007001014f0, 0x00000007c0000000)
  region size 1024K, 1 young (1024K), 1 survivors (1024K)
 Metaspace       used 111145K, capacity 114789K, committed 119632K, reserved 1150976K
  class space    used 15777K, capacity 16466K, committed 17532K, reserved 1048576K
}

Deoptimization events (10 events):
Event: 17442.575 Thread 0x000001e2e9f7c000 Uncommon trap: reason=bimorphic_or_optimized_type_check action=maybe_recompile pc=0x000001e2d9944c58 method=javax.swing.text.html.parser.DocumentParser.handleEndTag(Ljavax/swing/text/html/parser/TagElement;)V @ 139 c2
Event: 17446.147 Thread 0x000001e2e9f7c000 Uncommon trap: reason=class_check action=maybe_recompile pc=0x000001e2da4a6a08 method=com.jidesoft.plaf.basic.BasicStyledLabelUI.getPreferredSize(Lcom/jidesoft/swing/StyledLabel;)Ljava/awt/Dimension; @ 651 c2
Event: 17446.147 Thread 0x000001e2e9f7c000 Uncommon trap: reason=class_check action=maybe_recompile pc=0x000001e2da4a6a08 method=com.jidesoft.plaf.basic.BasicStyledLabelUI.getPreferredSize(Lcom/jidesoft/swing/StyledLabel;)Ljava/awt/Dimension; @ 651 c2
Event: 17446.148 Thread 0x000001e2e9f7c000 Uncommon trap: reason=class_check action=maybe_recompile pc=0x000001e2da4a6a08 method=com.jidesoft.plaf.basic.BasicStyledLabelUI.getPreferredSize(Lcom/jidesoft/swing/StyledLabel;)Ljava/awt/Dimension; @ 651 c2
Event: 17446.148 Thread 0x000001e2e9f7c000 Uncommon trap: reason=class_check action=maybe_recompile pc=0x000001e2da4a6a08 method=com.jidesoft.plaf.basic.BasicStyledLabelUI.getPreferredSize(Lcom/jidesoft/swing/StyledLabel;)Ljava/awt/Dimension; @ 651 c2
Event: 17450.865 Thread 0x000001e2e9f7d000 Uncommon trap: reason=unstable_if action=reinterpret pc=0x000001e2d95ada40 method=de.javasoft.plaf.synthetica.painter.AnimationThreadFactory$AnimationThread.run()V @ 285 c2
Event: 17477.594 Thread 0x000001e2e9f7c000 Uncommon trap: reason=unstable_if action=reinterpret pc=0x000001e2da08e108 method=com.jidesoft.editor.CodeEditor.getFirstLine()I @ 36 c2
Event: 17478.140 Thread 0x000001e2e9f7c000 Uncommon trap: reason=unstable_if action=reinterpret pc=0x000001e2d94ba4e4 method=java.io.BufferedReader.readLine(Z)Ljava/lang/String; @ 22 c2
Event: 17479.076 Thread 0x000001e2e9f7c000 Uncommon trap: reason=unstable_if action=reinterpret pc=0x000001e2da342a40 method=ui.views.w.b.q.iKY()Ljava/lang/String; @ 89 c2
Event: 17546.607 Thread 0x000001e2e9f7c000 Uncommon trap: reason=unstable_if action=reinterpret pc=0x000001e2d9f4ec10 method=com.jidesoft.document.c.a(Ljava/awt/AWTEvent;)V @ 381 c2

Classes redefined (0 events):
No events

Internal exceptions (10 events):
Event: 17206.513 Thread 0x000001e341214800 Exception <a 'java/lang/InterruptedException'{0x000000071eb81580}: sleep interrupted> (0x000000071eb81580) thrown at [t:/workspace/hotspot/src/share/vm/prims/jvm.cpp, line 2984]
Event: 17228.485 Thread 0x000001e341222000 Exception <a 'java/lang/InterruptedException'{0x000000071ef80c18}: sleep interrupted> (0x000000071ef80c18) thrown at [t:/workspace/hotspot/src/share/vm/prims/jvm.cpp, line 2984]
Event: 17408.923 Thread 0x000001e2e9f7c000 Implicit null exception at 0x000001e2da6aa9ec to 0x000001e2da6aaa8a
Event: 17413.915 Thread 0x000001e295d2d000 Exception <a 'java/lang/InterruptedException'{0x0000000721c00040}: sleep interrupted> (0x0000000721c00040) thrown at [t:/workspace/hotspot/src/share/vm/prims/jvm.cpp, line 3023]
Event: 17414.060 Thread 0x000001e2e9f7c000 Implicit null exception at 0x000001e2d9646733 to 0x000001e2d9647c51
Event: 17414.060 Thread 0x000001e2e9f7c000 Implicit null exception at 0x000001e2d95457b4 to 0x000001e2d954688d
Event: 17442.565 Thread 0x000001e341214800 Exception <a 'ui/frmwork/CommandFailedException'{0x000000074680bfa0}> (0x000000074680bfa0) thrown at [t:/workspace/hotspot/src/share/vm/prims/jni.cpp, line 604]
Event: 17447.801 Thread 0x000001e34121d000 Exception <a 'java/lang/InterruptedException'{0x0000000746d80f40}: sleep interrupted> (0x0000000746d80f40) thrown at [t:/workspace/hotspot/src/share/vm/prims/jvm.cpp, line 2984]
Event: 17477.948 Thread 0x000001e34121b800 Exception <a 'java/lang/InterruptedException'{0x00000007461c2f10}: sleep interrupted> (0x00000007461c2f10) thrown at [t:/workspace/hotspot/src/share/vm/prims/jvm.cpp, line 3023]
Event: 17513.211 Thread 0x000001e341214800 Exception <a 'java/lang/InterruptedException'{0x0000000747600358}: sleep interrupted> (0x0000000747600358) thrown at [t:/workspace/hotspot/src/share/vm/prims/jvm.cpp, line 2984]

Events (10 events):
Event: 17578.726 Executing VM operation: G1IncCollectionPause
Event: 17578.731 Executing VM operation: G1IncCollectionPause done
Event: 17578.878 Executing VM operation: G1IncCollectionPause
Event: 17578.882 Executing VM operation: G1IncCollectionPause done
Event: 17579.500 Thread 0x000001e341220800 Thread added: 0x000001e341220800
Event: 17579.506 Thread 0x000001e341220800 Thread exited: 0x000001e341220800
Event: 17579.866 Thread 0x000001e34121d000 Thread added: 0x000001e34121d000
Event: 17579.876 Executing VM operation: RevokeBias
Event: 17579.877 Executing VM operation: RevokeBias done
Event: 17579.877 Thread 0x000001e34121d000 Thread exited: 0x000001e34121d000


Dynamic libraries:
0x00007ff6fbd40000 - 0x00007ff6fbd70000 	C:\Xilinx\Vivado\2020.1\bin\unwrapped\win64.o\vivado.exe
0x00007ffcd36d0000 - 0x00007ffcd38c8000 	C:\WINDOWS\SYSTEM32\ntdll.dll
0x00007ffcd1c00000 - 0x00007ffcd1cc2000 	C:\WINDOWS\System32\KERNEL32.DLL
0x00007ffcd1230000 - 0x00007ffcd152e000 	C:\WINDOWS\System32\KERNELBASE.dll
0x00007ffcd0fa0000 - 0x00007ffcd10a0000 	C:\WINDOWS\System32\ucrtbase.dll
0x00007ffcb1fd0000 - 0x00007ffcb2077000 	C:\WINDOWS\SYSTEM32\MSVCP140.dll
0x00007ffcce410000 - 0x00007ffcce426000 	C:\WINDOWS\SYSTEM32\VCRUNTIME140.dll
0x00007ffcb6870000 - 0x00007ffcb688a000 	C:\Xilinx\Vivado\2020.1\lib\win64.o\librdi_commonmain.dll
0x00007ffcb6250000 - 0x00007ffcb6264000 	C:\Xilinx\Vivado\2020.1\lib\win64.o\libboost_signals.dll
0x00007ffcc4a70000 - 0x00007ffcc4a7a000 	C:\Xilinx\Vivado\2020.1\lib\win64.o\librdi_commonversion.dll
0x00007ffcb5ac0000 - 0x00007ffcb5ae6000 	C:\Xilinx\Vivado\2020.1\lib\win64.o\libboost_filesystem.dll
0x00007ffcd33e0000 - 0x00007ffcd3491000 	C:\WINDOWS\System32\ADVAPI32.dll
0x00007ffcd1a30000 - 0x00007ffcd1ace000 	C:\WINDOWS\System32\msvcrt.dll
0x00007ffcd18d0000 - 0x00007ffcd196f000 	C:\WINDOWS\System32\sechost.dll
0x00007ffcd2240000 - 0x00007ffcd2363000 	C:\WINDOWS\System32\RPCRT4.dll
0x00007ffcd1200000 - 0x00007ffcd1227000 	C:\WINDOWS\System32\bcrypt.dll
0x00007ffcab7e0000 - 0x00007ffcab981000 	C:\Xilinx\Vivado\2020.1\lib\win64.o\librdi_commonxillic.dll
0x00007ffcd2370000 - 0x00007ffcd250d000 	C:\WINDOWS\System32\USER32.dll
0x00007ffcd0f00000 - 0x00007ffcd0f22000 	C:\WINDOWS\System32\win32u.dll
0x00007ffcd2060000 - 0x00007ffcd208b000 	C:\WINDOWS\System32\GDI32.dll
0x00007ffcd15d0000 - 0x00007ffcd16e7000 	C:\WINDOWS\System32\gdi32full.dll
0x00007ffcd1530000 - 0x00007ffcd15cd000 	C:\WINDOWS\System32\msvcp_win.dll
0x00007ffcd3590000 - 0x00007ffcd35fb000 	C:\WINDOWS\System32\WS2_32.dll
0x0000000051260000 - 0x000000005138b000 	C:\Xilinx\Vivado\2020.1\lib\win64.o\tcl85t.dll
0x00007ffcb7620000 - 0x00007ffcb762b000 	C:\Xilinx\Vivado\2020.1\lib\win64.o\libboost_system.dll
0x00007ffca10f0000 - 0x00007ffca21b7000 	C:\Xilinx\Vivado\2020.1\lib\win64.o\librdi_common.dll
0x00007ffcd2510000 - 0x00007ffcd2c7d000 	C:\WINDOWS\System32\SHELL32.dll
0x00007ffca3a20000 - 0x00007ffca3cfb000 	C:\Xilinx\Vivado\2020.1\lib\win64.o\libXil_lmgr11.dll
0x00007ffcd2de0000 - 0x00007ffcd2eba000 	C:\WINDOWS\System32\COMDLG32.dll
0x00007ffcd1cd0000 - 0x00007ffcd2023000 	C:\WINDOWS\System32\combase.dll
0x00007ffcd1820000 - 0x00007ffcd18cd000 	C:\WINDOWS\System32\shcore.dll
0x00007ffcd1ad0000 - 0x00007ffcd1b25000 	C:\WINDOWS\System32\SHLWAPI.dll
0x00007ffcd1b30000 - 0x00007ffcd1bfd000 	C:\WINDOWS\System32\OLEAUT32.dll
0x00007ffcd16f0000 - 0x00007ffcd181b000 	C:\WINDOWS\System32\ole32.dll
0x00007ffcd0f30000 - 0x00007ffcd0f99000 	C:\WINDOWS\System32\WINTRUST.dll
0x00007ffcd10a0000 - 0x00007ffcd11fc000 	C:\WINDOWS\System32\CRYPT32.dll
0x00007ffcb59a0000 - 0x00007ffcb5ab4000 	C:\Xilinx\Vivado\2020.1\lib\win64.o\libboost_regex.dll
0x00007ffcb5980000 - 0x00007ffcb5994000 	C:\Xilinx\Vivado\2020.1\lib\win64.o\libboost_date_time.dll
0x00007ffcadc30000 - 0x00007ffcadc51000 	C:\Xilinx\Vivado\2020.1\lib\win64.o\libboost_thread.dll
0x00007ffcb5e30000 - 0x00007ffcb5e3f000 	C:\Xilinx\Vivado\2020.1\lib\win64.o\libboost_xilinx.dll
0x00007ffca2910000 - 0x00007ffca2c7e000 	C:\Xilinx\Vivado\2020.1\lib\win64.o\libCOIN-all.dll
0x00007ffca5d60000 - 0x00007ffca5ddf000 	C:\Xilinx\Vivado\2020.1\lib\win64.o\libboost_program_options.dll
0x00007ffca3990000 - 0x00007ffca3a12000 	C:\Xilinx\Vivado\2020.1\lib\win64.o\libhdlpsolve.dll
0x00007ffca38e0000 - 0x00007ffca3985000 	C:\Xilinx\Vivado\2020.1\lib\win64.o\libhdxml.dll
0x00007ffca5d30000 - 0x00007ffca5d5e000 	C:\Xilinx\Vivado\2020.1\lib\win64.o\libisl_sysinfo.dll
0x00007ffcb5960000 - 0x00007ffcb597a000 	C:\Xilinx\Vivado\2020.1\lib\win64.o\pthreadVC2.dll
0x00007ffca28a0000 - 0x00007ffca2905000 	C:\Xilinx\Vivado\2020.1\lib\win64.o\liblmx6.0.dll
0x00007ffcb1090000 - 0x00007ffcb10ac000 	C:\Xilinx\Vivado\2020.1\lib\win64.o\librdiconfig.dll
0x00007ffca5d00000 - 0x00007ffca5d21000 	C:\Xilinx\Vivado\2020.1\lib\win64.o\librdizlib.dll
0x00007ffcbabc0000 - 0x00007ffcbabd9000 	C:\WINDOWS\SYSTEM32\NETAPI32.dll
0x00007ffcc0260000 - 0x00007ffcc0738000 	C:\WINDOWS\SYSTEM32\WININET.dll
0x00007ffcc75d0000 - 0x00007ffcc76dd000 	C:\WINDOWS\SYSTEM32\WINHTTP.dll
0x00007ffcc2d50000 - 0x00007ffcc2f3c000 	C:\WINDOWS\SYSTEM32\urlmon.dll
0x0000000012000000 - 0x0000000012270000 	C:\Xilinx\Vivado\2020.1\lib\win64.o\xerces-c_3_1.dll
0x00007ffcbf060000 - 0x00007ffcbf069000 	C:\WINDOWS\SYSTEM32\WSOCK32.dll
0x00007ffca5a20000 - 0x00007ffca5a4e000 	C:\WINDOWS\SYSTEM32\VCOMP140.DLL
0x00007ffcb0ae0000 - 0x00007ffcb0b90000 	C:\WINDOWS\WinSxS\amd64_microsoft.windows.common-controls_6595b64144ccf1df_5.82.19041.4355_none_792ecafd2442822f\COMCTL32.dll
0x00007ffcc9510000 - 0x00007ffcc952d000 	C:\WINDOWS\SYSTEM32\dhcpcsvc.DLL
0x00007ffcaf690000 - 0x00007ffcaf69d000 	C:\Xilinx\Vivado\2020.1\lib\win64.o\libboost_chrono.dll
0x00007ffcc30b0000 - 0x00007ffcc336e000 	C:\WINDOWS\SYSTEM32\iertutil.dll
0x00007ffcc3080000 - 0x00007ffcc30a8000 	C:\WINDOWS\SYSTEM32\srvcli.dll
0x00007ffcd0280000 - 0x00007ffcd028c000 	C:\WINDOWS\SYSTEM32\netutils.dll
0x00007ffca0250000 - 0x00007ffca10e1000 	C:\Xilinx\Vivado\2020.1\lib\win64.o\gurobi65.dll
0x00007ffc9f590000 - 0x00007ffca0245a00 	C:\Xilinx\Vivado\2020.1\lib\win64.o\libisl_iostreams.dll
0x00007ffcac3a0000 - 0x00007ffcac3bb000 	C:\Xilinx\Vivado\2020.1\lib\win64.o\libboost_iostreams.dll
0x00007ffca2870000 - 0x00007ffca2895000 	C:\Xilinx\Vivado\2020.1\lib\win64.o\libisl_iosutils.dll
0x00007ffcd0490000 - 0x00007ffcd04fa000 	C:\WINDOWS\SYSTEM32\MSWSOCK.DLL
0x00007ffcd2c90000 - 0x00007ffcd2cbf000 	C:\WINDOWS\System32\IMM32.DLL
0x00007ffcd0930000 - 0x00007ffcd0942000 	C:\WINDOWS\SYSTEM32\MSASN1.dll
0x00007ffccec10000 - 0x00007ffccec22000 	C:\WINDOWS\SYSTEM32\kernel.appcore.dll
0x00007ffca2210000 - 0x00007ffca270c000 	C:\Xilinx\Vivado\2020.1\lib\win64.o\librdi_commontasks.dll
0x00007ffcc7180000 - 0x00007ffcc718a000 	C:\WINDOWS\SYSTEM32\VERSION.dll
0x00007ffc9f1e0000 - 0x00007ffc9f4c4000 	C:\Xilinx\Vivado\2020.1\lib\win64.o\librdi_sio.dll
0x00007ffcd0170000 - 0x00007ffcd01ab000 	C:\WINDOWS\SYSTEM32\IPHLPAPI.DLL
0x0000000050830000 - 0x0000000051255000 	C:\Xilinx\Vivado\2020.1\tps\win64\jre9.0.4\bin\server\jvm.dll
0x00007ffcd2050000 - 0x00007ffcd2058000 	C:\WINDOWS\System32\PSAPI.DLL
0x00007ffcb7f90000 - 0x00007ffcb7fb7000 	C:\WINDOWS\SYSTEM32\WINMM.dll
0x00007ffc9ebf0000 - 0x00007ffc9ecdf000 	C:\WINDOWS\SYSTEM32\MSVCR120.dll
0x00007ffccee10000 - 0x00007ffccf5b4000 	C:\WINDOWS\SYSTEM32\windows.storage.dll
0x00007ffcd0750000 - 0x00007ffcd077e000 	C:\WINDOWS\SYSTEM32\Wldp.dll
0x00007ffc89fb0000 - 0x00007ffc8c645000 	C:\Xilinx\Vivado\2020.1\lib\win64.o\librdi_tcltasks.dll
0x00007ffc89f30000 - 0x00007ffc89fab000 	C:\Xilinx\Vivado\2020.1\lib\win64.o\librdi_boarddep.dll
0x00007ffc89e30000 - 0x00007ffc89f26000 	C:\Xilinx\Vivado\2020.1\lib\win64.o\librdi_chipscope.dll
0x00007ffc898b0000 - 0x00007ffc89d76000 	C:\Xilinx\Vivado\2020.1\lib\win64.o\librdi_bitstream.dll
0x00007ffc896e0000 - 0x00007ffc898a1000 	C:\Xilinx\Vivado\2020.1\lib\win64.o\librdi_chipscopeimpl.dll
0x00007ffc89520000 - 0x00007ffc896d3000 	C:\Xilinx\Vivado\2020.1\lib\win64.o\librdi_board.dll
0x00007ffc893c0000 - 0x00007ffc8951b000 	C:\Xilinx\Vivado\2020.1\lib\win64.o\librdi_containers.dll
0x00007ffc889d0000 - 0x00007ffc890aa000 	C:\Xilinx\Vivado\2020.1\lib\win64.o\librdi_coregenipxact.dll
0x00007ffc86da0000 - 0x00007ffc889ca000 	C:\Xilinx\Vivado\2020.1\lib\win64.o\librdi_constraints.dll
0x00007ffc6eec0000 - 0x00007ffc86d92000 	C:\Xilinx\Vivado\2020.1\lib\win64.o\librdi_device.dll
0x00007ffc6cd50000 - 0x00007ffc6eebe000 	C:\Xilinx\Vivado\2020.1\lib\win64.o\librdi_coregen.dll
0x00007ffc686d0000 - 0x00007ffc68a1b000 	C:\Xilinx\Vivado\2020.1\lib\win64.o\librdi_dlyest.dll
0x00007ffc68a20000 - 0x00007ffc6cd4f000 	C:\Xilinx\Vivado\2020.1\lib\win64.o\librdi_designutils.dll
0x00007ffcb01c0000 - 0x00007ffcb0284000 	C:\Xilinx\Vivado\2020.1\lib\win64.o\librdi_dsp.dll
0x00007ffc66470000 - 0x00007ffc6678c000 	C:\Xilinx\Vivado\2020.1\lib\win64.o\librdi_guitools.dll
0x00007ffcb5cd0000 - 0x00007ffcb5d47000 	C:\Xilinx\Vivado\2020.1\lib\win64.o\librdi_hdf.dll
0x00007ffc65e40000 - 0x00007ffc66468000 	C:\Xilinx\Vivado\2020.1\lib\win64.o\librdi_drc.dll
0x00007ffca3790000 - 0x00007ffca38d8000 	C:\Xilinx\Vivado\2020.1\lib\win64.o\librdi_hip_perf_analysis.dll
0x00007ffc89160000 - 0x00007ffc893b5000 	C:\Xilinx\Vivado\2020.1\lib\win64.o\librdi_hip_devdesign.dll
0x00007ffc65280000 - 0x00007ffc65906000 	C:\Xilinx\Vivado\2020.1\lib\win64.o\librdi_filemgmt.dll
0x00007ffca3710000 - 0x00007ffca3784000 	C:\Xilinx\Vivado\2020.1\lib\win64.o\librdi_memoryarray.dll
0x00007ffc619c0000 - 0x00007ffc6330a000 	C:\Xilinx\Vivado\2020.1\lib\win64.o\librdi_implflow.dll
0x00007ffc64190000 - 0x00007ffc647ce000 	C:\Xilinx\Vivado\2020.1\lib\win64.o\librdi_memdata.dll
0x00007ffcb5680000 - 0x00007ffcb56ce000 	C:\Xilinx\Vivado\2020.1\lib\win64.o\librdi_pfi.dll
0x00007ffc60430000 - 0x00007ffc60b33000 	C:\Xilinx\Vivado\2020.1\lib\win64.o\librdi_netlist.dll
0x00007ffc5a460000 - 0x00007ffc5a7b1000 	C:\Xilinx\Vivado\2020.1\lib\win64.o\librdi_platform.dll
0x00007ffc5ada0000 - 0x00007ffc5dc17000 	C:\Xilinx\Vivado\2020.1\lib\win64.o\librdi_mig.dll
0x00007ffc58620000 - 0x00007ffc58e54000 	C:\Xilinx\Vivado\2020.1\lib\win64.o\librdi_power.dll
0x00007ffc57c20000 - 0x00007ffc5835c000 	C:\Xilinx\Vivado\2020.1\lib\win64.o\librdi_psta.dll
0x00007ffc57620000 - 0x00007ffc57c15000 	C:\Xilinx\Vivado\2020.1\lib\win64.o\librdi_project.dll
0x00007ffc56eb0000 - 0x00007ffc5761f000 	C:\Xilinx\Vivado\2020.1\lib\win64.o\librdi_rsb.dll
0x00007ffc568d0000 - 0x00007ffc56d6a000 	C:\Xilinx\Vivado\2020.1\lib\win64.o\librdi_runs.dll
0x00007ffc567c0000 - 0x00007ffc568c8000 	C:\Xilinx\Vivado\2020.1\lib\win64.o\librdi_runsbase.dll
0x00007ffc56540000 - 0x00007ffc567b5000 	C:\Xilinx\Vivado\2020.1\lib\win64.o\librdi_simdata.dll
0x00007ffc56440000 - 0x00007ffc5653f000 	C:\Xilinx\Vivado\2020.1\lib\win64.o\librdi_xhub.dll
0x00007ffc53810000 - 0x00007ffc538b8000 	C:\Xilinx\Vivado\2020.1\lib\win64.o\librdi_xhubtasks.dll
0x00007ffc538c0000 - 0x00007ffc56431000 	C:\Xilinx\Vivado\2020.1\lib\win64.o\librdi_place.dll
0x00007ffca2710000 - 0x00007ffca275c000 	C:\Xilinx\Vivado\2020.1\lib\win64.o\libboost_serialization.dll
0x00007ffc53480000 - 0x00007ffc53568000 	C:\Xilinx\Vivado\2020.1\lib\win64.o\librdi_ipconfig_readwrite.dll
0x00007ffc532a0000 - 0x00007ffc53473000 	C:\Xilinx\Vivado\2020.1\lib\win64.o\librdi_advchipscopeimpl.dll
0x00007ffc53230000 - 0x00007ffc5329c000 	C:\Xilinx\Vivado\2020.1\lib\win64.o\librdi_noc_frameworks.dll
0x00007ffc52320000 - 0x00007ffc5322a000 	C:\Xilinx\Vivado\2020.1\lib\win64.o\librdi_timing.dll
0x00007ffc522d0000 - 0x00007ffc5231d000 	C:\Xilinx\Vivado\2020.1\lib\win64.o\libboost_graph.dll
0x00007ffc52280000 - 0x00007ffc522cc000 	C:\Xilinx\Vivado\2020.1\lib\win64.o\librdi_bva.dll
0x00007ffc521e0000 - 0x00007ffc5227e000 	C:\Xilinx\Vivado\2020.1\lib\win64.o\libise.dll
0x00007ffc51fe0000 - 0x00007ffc521d3000 	C:\Xilinx\Vivado\2020.1\lib\win64.o\librdi_hip_config.dll
0x00007ffc51a90000 - 0x00007ffc51fde000 	C:\Xilinx\Vivado\2020.1\lib\win64.o\librdi_xdm.dll
0x00007ffc51230000 - 0x00007ffc5184e000 	C:\Xilinx\Vivado\2020.1\lib\win64.o\librdi_wavedata.dll

VM Arguments:
jvm_args: -Dsun.java2d.pmoffscreen=false -Dsun.java2d.xrender=false -Dsun.java2d.d3d=false -Dsun.awt.nopixfmt=true -Dsun.java2d.dpiaware=true -Dsun.java2d.uiScale.enabled=false -Xverify:none -Dswing.aatext=true -XX:-UsePerfData -Djdk.map.althashing.threshold=512 -XX:StringTableSize=4072 --add-opens=java.base/java.nio=ALL-UNNAMED --add-opens=java.desktop/sun.swing=ALL-UNNAMED --add-opens=java.desktop/javax.swing=ALL-UNNAMED --add-opens=java.desktop/javax.swing.tree=ALL-UNNAMED --add-opens=java.desktop/javax.swing.plaf.basic=ALL-UNNAMED --add-opens=java.desktop/javax.swing.plaf.synth=ALL-UNNAMED --add-opens=java.desktop/com.sun.awt=ALL-UNNAMED -XX:NewSize=60m -XX:MaxNewSize=60m -Xms128m -Xmx3072m -Xss5m 
java_command: <unknown>
java_class_path (initial): C:/Xilinx/Vivado/2020.1\lib\classes\alloy.jar;C:/Xilinx/Vivado/2020.1\lib\classes\ArchiveSummary.jar;C:/Xilinx/Vivado/2020.1\lib\classes\autoesl-models.jar;C:/Xilinx/Vivado/2020.1\lib\classes\autopilot.scelaborator.jar;C:/Xilinx/Vivado/2020.1\lib\classes\autopilot.sourceprocessor.jar;C:/Xilinx/Vivado/2020.1\lib\classes\autopilot.tbprocessor.jar;C:/Xilinx/Vivado/2020.1\lib\classes\batik-anim.jar;C:/Xilinx/Vivado/2020.1\lib\classes\batik-awt-util.jar;C:/Xilinx/Vivado/2020.1\lib\classes\batik-bridge.jar;C:/Xilinx/Vivado/2020.1\lib\classes\batik-codec.jar;C:/Xilinx/Vivado/2020.1\lib\classes\batik-css.jar;C:/Xilinx/Vivado/2020.1\lib\classes\batik-dom.jar;C:/Xilinx/Vivado/2020.1\lib\classes\batik-ext.jar;C:/Xilinx/Vivado/2020.1\lib\classes\batik-gui-util.jar;C:/Xilinx/Vivado/2020.1\lib\classes\batik-gvt.jar;C:/Xilinx/Vivado/2020.1\lib\classes\batik-parser.jar;C:/Xilinx/Vivado/2020.1\lib\classes\batik-script.jar;C:/Xilinx/Vivado/2020.1\lib\classes\batik-svg-dom.jar;C:/Xilinx/Vivado/2020.1\lib\classes\batik-swing.jar;C:/Xilinx/Vivado/2020.1\lib\classes\batik-transcoder.jar;C:/Xilinx/Vivado/2020.1\lib\classes\batik-util.jar;C:/Xilinx/Vivado/2020.1\lib\classes\batik-xml.jar;C:/Xilinx/Vivado/2020.1\lib\classes\com.google.gson_2.8.2.v20180104-1110.jar;C:/Xilinx/Vivado/2020.1\lib\classes\com.google.guava_27.1.0.v20190517-1946.jar;C:/Xilinx/Vivado/2020.1\lib\classes\com.ibm.icu_4.4.2.v20110208.jar;C:/Xilinx/Vivado/2020.1\lib\classes\com.sigasi.hdt.connection_4.8.0.202004151336.jar;C:/Xilinx/Vivado/2020.1\lib\classes\com.sigasi.hdt.epl_4.8.0.202004151336.jar;C:/Xilinx/Vivado/2020.1\lib\classes\com.sigasi.hdt.project_4.8.0.202004151336.jar;C:/Xilinx/Vivado/2020.1\lib\classes\com.sigasi.hdt.readonlyfilesystem_4.8.0.202004151336.jar;C:/Xilinx/Vivado/2020.1\lib\classes\com.sigasi.lcm_4.8.0.202004151336.jar;C:/Xilinx/Vivado/2020.1\lib\classes\com.sigasi.sdk.client_4.8.0.202004151336.jar;C:/Xilinx/Vivado/2020.1\lib\classes\com.xilinx.hls.services.jar;C:/Xili
Launcher Type: generic

Logging:
Log output configuration:
#0: stdout all=warning uptime,level,tags
#1: stderr all=off uptime,level,tags

Environment Variables:
PATH=C:/Xilinx/Vivado/2020.1\gnuwin\bin;C:/Xilinx/Vivado/2020.1\gnu\microblaze\nt\bin;C:/Xilinx/Vivado/2020.1/bin;C:/Xilinx/Vivado/2020.1/lib/win64.o;C:/Xilinx/Vivado/2020.1/tps/win64/jre9.0.4/bin/server;C:/Xilinx/Vivado/2020.1/tps/win64/jre9.0.4/bin;C:/Xilinx/Vivado/2020.1/ids_lite/ISE/bin/nt64;C:/Xilinx/Vivado/2020.1/ids_lite/ISE/lib/nt64;C:\WINDOWS\system32;C:\WINDOWS;C:\WINDOWS\System32\Wbem;C:\WINDOWS\System32\WindowsPowerShell\v1.0\;C:\WINDOWS\System32\OpenSSH\;C:\Program Files (x86)\Bitvise SSH Client;C:\Program Files\MATLAB\R2020a\runtime\win64;C:\Program Files\MATLAB\R2020a\bin;C:\Users\Student\AppData\Local\Microsoft\WindowsApps;;C:/Xilinx/Vivado/2020.1\tps\mingw\6.2.0\win64.o\nt\bin;C:/Xilinx/Vivado/2020.1\tps\mingw\6.2.0\win64.o\nt\libexec\gcc\x86_64-w64-mingw32\6.2.0;C:/Xilinx/Vivado/2020.1\tps\win64\python-2.7.16;C:/Xilinx/Vivado/2020.1\tps\win64\python-2.7.16\bin;C:/Xilinx/Vivado/2020.1\tps\win64\python-2.7.16\lib;C:/Xilinx/Vivado/2020.1\tps\win64\python-2.7.16\Lib\lib-tk;C:/Xilinx/Vivado/2020.1\tps\win64\python-2.7.16\lib\site-packages
USERNAME=Student
OS=Windows_NT
PROCESSOR_IDENTIFIER=Intel64 Family 6 Model 60 Stepping 3, GenuineIntel



---------------  S Y S T E M  ---------------

OS: Windows 10 , 64 bit Build 19041 (10.0.19041.5072)

CPU:total 4 (initial active 4) (4 cores per cpu, 1 threads per core) family 6 model 60 stepping 3, cmov, cx8, fxsr, mmx, sse, sse2, sse3, ssse3, sse4.1, sse4.2, popcnt, avx, avx2, aes, clmul, erms, lzcnt, tsc, tscinvbit, bmi1, bmi2, fma

Memory: 4k page, physical 8294484k(1056640k free), swap 11382776k(2282364k free)

vm_info: Java HotSpot(TM) 64-Bit Server VM (9.0.4+11) for windows-amd64 JRE (9.0.4+11), built on Dec 20 2017 02:18:54 by "mach5one" with MS VC++ 12.0 (VS2013)

END.
